ISO-10303-21;
HEADER;
/* Generated by software containing ST-Developer
 * from STEP Tools, Inc. (www.steptools.com) 
 */

FILE_DESCRIPTION(
/* description */ (''),
/* implementation_level */ '2;1');

FILE_NAME(
/* name */ 'Info Display Case v5.step',
/* time_stamp */ '2024-05-10T10:25:00+02:00',
/* author */ (''),
/* organization */ (''),
/* preprocessor_version */ 'ST-DEVELOPER v20',
/* originating_system */ 'Autodesk Translation Framework v12.20.1.177',

/* authorisation */ '');

FILE_SCHEMA (('AUTOMOTIVE_DESIGN { 1 0 10303 214 3 1 1 }'));
ENDSEC;

DATA;
#10=MECHANICAL_DESIGN_GEOMETRIC_PRESENTATION_REPRESENTATION('',(#29,#30),
#10698);
#11=ITEM_DEFINED_TRANSFORMATION($,$,#6457,#6967);
#12=ITEM_DEFINED_TRANSFORMATION($,$,#6648,#6968);
#13=(
REPRESENTATION_RELATIONSHIP($,$,#10712,#10711)
REPRESENTATION_RELATIONSHIP_WITH_TRANSFORMATION(#11)
SHAPE_REPRESENTATION_RELATIONSHIP()
);
#14=(
REPRESENTATION_RELATIONSHIP($,$,#10713,#10711)
REPRESENTATION_RELATIONSHIP_WITH_TRANSFORMATION(#12)
SHAPE_REPRESENTATION_RELATIONSHIP()
);
#15=CONTEXT_DEPENDENT_SHAPE_REPRESENTATION(#13,#10709);
#16=CONTEXT_DEPENDENT_SHAPE_REPRESENTATION(#14,#10710);
#17=NEXT_ASSEMBLY_USAGE_OCCURRENCE('Lid:1','Lid:1','Lid:1',#10715,#10716,
'Lid:1');
#18=NEXT_ASSEMBLY_USAGE_OCCURRENCE('Case:1','Case:1','Case:1',#10715,#10717,
'Case:1');
#19=B_SPLINE_SURFACE_WITH_KNOTS('',3,1,((#10536,#10537),(#10538,#10539),
(#10540,#10541),(#10542,#10543),(#10544,#10545),(#10546,#10547),(#10548,
#10549),(#10550,#10551),(#10552,#10553),(#10554,#10555),(#10556,#10557),
(#10558,#10559),(#10560,#10561),(#10562,#10563),(#10564,#10565),(#10566,
#10567),(#10568,#10569),(#10570,#10571),(#10572,#10573),(#10574,#10575),
(#10576,#10577),(#10578,#10579)),.UNSPECIFIED.,.F.,.F.,.F.,(4,3,3,3,3,3,
3,4),(2,2),(0.,0.0215390950260041,0.186636536341814,0.426729195361174,0.618036823390521,
0.768412261486329,0.982720614846706,1.021539095026),(0.,1.),
 .UNSPECIFIED.);
#20=(
BOUNDED_SURFACE()
B_SPLINE_SURFACE(5,1,((#10468,#10469),(#10470,#10471),(#10472,#10473),(#10474,
#10475),(#10476,#10477),(#10478,#10479),(#10480,#10481),(#10482,#10483),
(#10484,#10485),(#10486,#10487),(#10488,#10489),(#10490,#10491),(#10492,
#10493),(#10494,#10495),(#10496,#10497),(#10498,#10499),(#10500,#10501),
(#10502,#10503),(#10504,#10505),(#10506,#10507)),.UNSPECIFIED.,.F.,.F.,
 .F.)
B_SPLINE_SURFACE_WITH_KNOTS((6,1,1,1,1,1,1,1,1,1,1,1,1,1,1,6),(2,2),(-1.,
-0.933333333333333,-0.866666666666667,-0.8,-0.733333333333333,-0.666666666666667,
-0.6,-0.533333333333333,-0.466666666666667,-0.4,-0.333333333333333,-0.266666666666667,
-0.2,-0.133333333333333,-0.0666666666666667,0.),(0.,1.),.UNSPECIFIED.)
GEOMETRIC_REPRESENTATION_ITEM()
RATIONAL_B_SPLINE_SURFACE(((1.,1.),(1.,1.),(1.,1.),(1.,1.),(1.,1.),(1.,
1.),(1.,1.),(1.,1.),(1.,1.),(1.,1.),(1.,1.),(1.,1.),(1.,1.),(1.,1.),(1.,
1.),(1.,1.),(1.,1.),(1.,1.),(1.,1.),(1.,1.)))
REPRESENTATION_ITEM('')
SURFACE()
);
#21=B_SPLINE_CURVE_WITH_KNOTS('',3,(#10180,#10181,#10182,#10183,#10184,
#10185,#10186,#10187,#10188,#10189,#10190,#10191,#10192,#10193,#10194,#10195,
#10196,#10197,#10198,#10199,#10200,#10201),.UNSPECIFIED.,.F.,.F.,(4,3,3,
3,3,3,3,4),(-1.021539095026,-0.982720614846706,-0.768412261486329,-0.618036823390521,
-0.426729195361174,-0.186636536341814,-0.0215390950260041,0.),
 .UNSPECIFIED.);
#22=B_SPLINE_CURVE_WITH_KNOTS('',3,(#10581,#10582,#10583,#10584,#10585,
#10586,#10587,#10588,#10589,#10590,#10591,#10592,#10593,#10594,#10595,#10596,
#10597,#10598,#10599,#10600,#10601,#10602),.UNSPECIFIED.,.F.,.F.,(4,3,3,
3,3,3,3,4),(0.,0.0215390950260041,0.186636536341814,0.426729195361174,0.618036823390521,
0.768412261486329,0.982720614846706,1.021539095026),.UNSPECIFIED.);
#23=(
BOUNDED_CURVE()
B_SPLINE_CURVE(5,(#10157,#10158,#10159,#10160,#10161,#10162,#10163,#10164,
#10165,#10166,#10167,#10168,#10169,#10170,#10171,#10172,#10173,#10174,#10175,
#10176),.UNSPECIFIED.,.F.,.F.)
B_SPLINE_CURVE_WITH_KNOTS((6,1,1,1,1,1,1,1,1,1,1,1,1,1,1,6),(0.,0.0666666666666667,
0.133333333333333,0.2,0.266666666666667,0.333333333333333,0.4,0.466666666666667,
0.533333333333333,0.6,0.666666666666667,0.733333333333333,0.8,0.866666666666667,
0.933333333333333,1.),.UNSPECIFIED.)
CURVE()
GEOMETRIC_REPRESENTATION_ITEM()
RATIONAL_B_SPLINE_CURVE((1.,1.,1.,1.,1.,1.,1.,1.,1.,1.,1.,1.,1.,1.,1.,1.,
1.,1.,1.,1.))
REPRESENTATION_ITEM('')
);
#24=(
BOUNDED_CURVE()
B_SPLINE_CURVE(5,(#10511,#10512,#10513,#10514,#10515,#10516,#10517,#10518,
#10519,#10520,#10521,#10522,#10523,#10524,#10525,#10526,#10527,#10528,#10529,
#10530),.UNSPECIFIED.,.F.,.F.)
B_SPLINE_CURVE_WITH_KNOTS((6,1,1,1,1,1,1,1,1,1,1,1,1,1,1,6),(-1.,-0.933333333333333,
-0.866666666666667,-0.8,-0.733333333333333,-0.666666666666667,-0.6,-0.533333333333333,
-0.466666666666667,-0.4,-0.333333333333333,-0.266666666666667,-0.2,-0.133333333333333,
-0.0666666666666667,0.),.UNSPECIFIED.)
CURVE()
GEOMETRIC_REPRESENTATION_ITEM()
RATIONAL_B_SPLINE_CURVE((1.,1.,1.,1.,1.,1.,1.,1.,1.,1.,1.,1.,1.,1.,1.,1.,
1.,1.,1.,1.))
REPRESENTATION_ITEM('')
);
#25=SHAPE_REPRESENTATION_RELATIONSHIP('SRR','None',#10712,#27);
#26=SHAPE_REPRESENTATION_RELATIONSHIP('SRR','None',#10713,#28);
#27=ADVANCED_BREP_SHAPE_REPRESENTATION('',(#31),#10696);
#28=ADVANCED_BREP_SHAPE_REPRESENTATION('',(#32),#10697);
#29=STYLED_ITEM('',(#10731),#31);
#30=STYLED_ITEM('',(#10732),#32);
#31=MANIFOLD_SOLID_BREP('InfoD_Lid',#6431);
#32=MANIFOLD_SOLID_BREP('InfoD_Case',#6432);
#33=CONICAL_SURFACE('',#6472,9.5,0.785398163397447);
#34=CONICAL_SURFACE('',#6476,9.5,0.785398163397447);
#35=CONICAL_SURFACE('',#6480,9.5,0.785398163397447);
#36=CONICAL_SURFACE('',#6484,9.5,0.785398163397447);
#37=CONICAL_SURFACE('',#6504,1.35,0.785398163397448);
#38=CONICAL_SURFACE('',#6513,8.69999999999999,0.78539816339745);
#39=CONICAL_SURFACE('',#6517,8.69999999999998,0.78539816339745);
#40=CONICAL_SURFACE('',#6524,8.69999999999999,0.78539816339745);
#41=CONICAL_SURFACE('',#6528,8.69999999999999,0.78539816339745);
#42=CONICAL_SURFACE('',#6544,9.7,0.785398163397449);
#43=CONICAL_SURFACE('',#6552,9.7,0.785398163397448);
#44=CONICAL_SURFACE('',#6553,9.7,0.785398163397448);
#45=CONICAL_SURFACE('',#6558,9.7,0.785398163397449);
#46=CONICAL_SURFACE('',#6588,1.3,0.785398163397449);
#47=CONICAL_SURFACE('',#6592,1.45,0.785398163397449);
#48=CONICAL_SURFACE('',#6601,1.3,0.785398163397449);
#49=CONICAL_SURFACE('',#6611,1.3,0.785398163397449);
#50=CONICAL_SURFACE('',#6615,1.3,0.785398163397449);
#51=CONICAL_SURFACE('',#6654,2.2,0.785398163397448);
#52=CONICAL_SURFACE('',#6661,1.1,0.785398163397449);
#53=CONICAL_SURFACE('',#6666,0.45,1.02974425867665);
#54=CONICAL_SURFACE('',#6671,2.3,0.785398163397448);
#55=CONICAL_SURFACE('',#6680,1.1,0.785398163397449);
#56=CONICAL_SURFACE('',#6685,0.45,1.02974425867665);
#57=CONICAL_SURFACE('',#6686,1.,0.785398163397546);
#58=CONICAL_SURFACE('',#6692,2.1,0.785398163397449);
#59=CONICAL_SURFACE('',#6697,1.,0.785398163397369);
#60=CONICAL_SURFACE('',#6703,2.1,0.785398163397449);
#61=CONICAL_SURFACE('',#6709,8.09999999999999,0.78539816339745);
#62=CONICAL_SURFACE('',#6713,8.09999999999999,0.78539816339745);
#63=CONICAL_SURFACE('',#6717,8.09999999999999,0.78539816339745);
#64=CONICAL_SURFACE('',#6721,8.09999999999998,0.785398163397439);
#65=CONICAL_SURFACE('',#6735,9.79999999999999,0.78539816339745);
#66=CONICAL_SURFACE('',#6739,9.79999999999997,0.78539816339745);
#67=CONICAL_SURFACE('',#6743,9.79999999999999,0.78539816339745);
#68=CONICAL_SURFACE('',#6747,9.79999999999999,0.78539816339745);
#69=CONICAL_SURFACE('',#6813,2.2,0.785398163397448);
#70=CONICAL_SURFACE('',#6817,2.2,0.785398163397448);
#71=CONICAL_SURFACE('',#6821,2.2,0.785398163397448);
#72=CONICAL_SURFACE('',#6825,2.2,0.785398163397448);
#73=CONICAL_SURFACE('',#6829,5.2,0.785398163397448);
#74=CONICAL_SURFACE('',#6832,5.2,0.785398163397448);
#75=CONICAL_SURFACE('',#6838,2.2,0.785398163397448);
#76=CONICAL_SURFACE('',#6851,2.2,0.785398163397448);
#77=CONICAL_SURFACE('',#6852,2.2,0.785398163397448);
#78=CONICAL_SURFACE('',#6853,2.2,0.785398163397448);
#79=CONICAL_SURFACE('',#6854,5.2,0.785398163397448);
#80=CONICAL_SURFACE('',#6857,5.2,0.785398163397448);
#81=CONICAL_SURFACE('',#6870,7.19999999999999,0.78539816339745);
#82=CONICAL_SURFACE('',#6873,7.19999999999999,0.78539816339745);
#83=CONICAL_SURFACE('',#6876,7.19999999999999,0.78539816339745);
#84=CONICAL_SURFACE('',#6879,7.19999999999997,0.785398163397435);
#85=LINE('',#8742,#822);
#86=LINE('',#8745,#823);
#87=LINE('',#8755,#824);
#88=LINE('',#8758,#825);
#89=LINE('',#8763,#826);
#90=LINE('',#8767,#827);
#91=LINE('',#8771,#828);
#92=LINE('',#8773,#829);
#93=LINE('',#8774,#830);
#94=LINE('',#8778,#831);
#95=LINE('',#8783,#832);
#96=LINE('',#8785,#833);
#97=LINE('',#8786,#834);
#98=LINE('',#8790,#835);
#99=LINE('',#8795,#836);
#100=LINE('',#8797,#837);
#101=LINE('',#8798,#838);
#102=LINE('',#8802,#839);
#103=LINE('',#8806,#840);
#104=LINE('',#8807,#841);
#105=LINE('',#8810,#842);
#106=LINE('',#8812,#843);
#107=LINE('',#8814,#844);
#108=LINE('',#8816,#845);
#109=LINE('',#8818,#846);
#110=LINE('',#8820,#847);
#111=LINE('',#8821,#848);
#112=LINE('',#8824,#849);
#113=LINE('',#8828,#850);
#114=LINE('',#8829,#851);
#115=LINE('',#8832,#852);
#116=LINE('',#8837,#853);
#117=LINE('',#8839,#854);
#118=LINE('',#8841,#855);
#119=LINE('',#8842,#856);
#120=LINE('',#8852,#857);
#121=LINE('',#8853,#858);
#122=LINE('',#8854,#859);
#123=LINE('',#8857,#860);
#124=LINE('',#8858,#861);
#125=LINE('',#8861,#862);
#126=LINE('',#8862,#863);
#127=LINE('',#8864,#864);
#128=LINE('',#8867,#865);
#129=LINE('',#8869,#866);
#130=LINE('',#8870,#867);
#131=LINE('',#8873,#868);
#132=LINE('',#8874,#869);
#133=LINE('',#8877,#870);
#134=LINE('',#8882,#871);
#135=LINE('',#8886,#872);
#136=LINE('',#8888,#873);
#137=LINE('',#8890,#874);
#138=LINE('',#8891,#875);
#139=LINE('',#8894,#876);
#140=LINE('',#8896,#877);
#141=LINE('',#8897,#878);
#142=LINE('',#8901,#879);
#143=LINE('',#8903,#880);
#144=LINE('',#8905,#881);
#145=LINE('',#8906,#882);
#146=LINE('',#8909,#883);
#147=LINE('',#8911,#884);
#148=LINE('',#8912,#885);
#149=LINE('',#8916,#886);
#150=LINE('',#8918,#887);
#151=LINE('',#8920,#888);
#152=LINE('',#8921,#889);
#153=LINE('',#8925,#890);
#154=LINE('',#8931,#891);
#155=LINE('',#8932,#892);
#156=LINE('',#8933,#893);
#157=LINE('',#8937,#894);
#158=LINE('',#8942,#895);
#159=LINE('',#8944,#896);
#160=LINE('',#8945,#897);
#161=LINE('',#8947,#898);
#162=LINE('',#8948,#899);
#163=LINE('',#8951,#900);
#164=LINE('',#8953,#901);
#165=LINE('',#8954,#902);
#166=LINE('',#8956,#903);
#167=LINE('',#8957,#904);
#168=LINE('',#8961,#905);
#169=LINE('',#8967,#906);
#170=LINE('',#8968,#907);
#171=LINE('',#8969,#908);
#172=LINE('',#8973,#909);
#173=LINE('',#8977,#910);
#174=LINE('',#8978,#911);
#175=LINE('',#8981,#912);
#176=LINE('',#8983,#913);
#177=LINE('',#8987,#914);
#178=LINE('',#8989,#915);
#179=LINE('',#8992,#916);
#180=LINE('',#8993,#917);
#181=LINE('',#8996,#918);
#182=LINE('',#8997,#919);
#183=LINE('',#9000,#920);
#184=LINE('',#9001,#921);
#185=LINE('',#9004,#922);
#186=LINE('',#9006,#923);
#187=LINE('',#9007,#924);
#188=LINE('',#9010,#925);
#189=LINE('',#9014,#926);
#190=LINE('',#9015,#927);
#191=LINE('',#9018,#928);
#192=LINE('',#9026,#929);
#193=LINE('',#9031,#930);
#194=LINE('',#9035,#931);
#195=LINE('',#9037,#932);
#196=LINE('',#9039,#933);
#197=LINE('',#9041,#934);
#198=LINE('',#9043,#935);
#199=LINE('',#9045,#936);
#200=LINE('',#9047,#937);
#201=LINE('',#9049,#938);
#202=LINE('',#9051,#939);
#203=LINE('',#9053,#940);
#204=LINE('',#9055,#941);
#205=LINE('',#9057,#942);
#206=LINE('',#9059,#943);
#207=LINE('',#9060,#944);
#208=LINE('',#9064,#945);
#209=LINE('',#9067,#946);
#210=LINE('',#9071,#947);
#211=LINE('',#9076,#948);
#212=LINE('',#9080,#949);
#213=LINE('',#9082,#950);
#214=LINE('',#9083,#951);
#215=LINE('',#9086,#952);
#216=LINE('',#9088,#953);
#217=LINE('',#9089,#954);
#218=LINE('',#9092,#955);
#219=LINE('',#9094,#956);
#220=LINE('',#9095,#957);
#221=LINE('',#9098,#958);
#222=LINE('',#9100,#959);
#223=LINE('',#9101,#960);
#224=LINE('',#9105,#961);
#225=LINE('',#9107,#962);
#226=LINE('',#9109,#963);
#227=LINE('',#9110,#964);
#228=LINE('',#9113,#965);
#229=LINE('',#9115,#966);
#230=LINE('',#9116,#967);
#231=LINE('',#9119,#968);
#232=LINE('',#9121,#969);
#233=LINE('',#9122,#970);
#234=LINE('',#9126,#971);
#235=LINE('',#9128,#972);
#236=LINE('',#9129,#973);
#237=LINE('',#9131,#974);
#238=LINE('',#9132,#975);
#239=LINE('',#9135,#976);
#240=LINE('',#9137,#977);
#241=LINE('',#9138,#978);
#242=LINE('',#9141,#979);
#243=LINE('',#9143,#980);
#244=LINE('',#9144,#981);
#245=LINE('',#9146,#982);
#246=LINE('',#9147,#983);
#247=LINE('',#9150,#984);
#248=LINE('',#9152,#985);
#249=LINE('',#9153,#986);
#250=LINE('',#9155,#987);
#251=LINE('',#9156,#988);
#252=LINE('',#9158,#989);
#253=LINE('',#9159,#990);
#254=LINE('',#9161,#991);
#255=LINE('',#9162,#992);
#256=LINE('',#9164,#993);
#257=LINE('',#9166,#994);
#258=LINE('',#9168,#995);
#259=LINE('',#9170,#996);
#260=LINE('',#9172,#997);
#261=LINE('',#9176,#998);
#262=LINE('',#9180,#999);
#263=LINE('',#9192,#1000);
#264=LINE('',#9194,#1001);
#265=LINE('',#9196,#1002);
#266=LINE('',#9197,#1003);
#267=LINE('',#9200,#1004);
#268=LINE('',#9202,#1005);
#269=LINE('',#9204,#1006);
#270=LINE('',#9205,#1007);
#271=LINE('',#9208,#1008);
#272=LINE('',#9212,#1009);
#273=LINE('',#9217,#1010);
#274=LINE('',#9221,#1011);
#275=LINE('',#9223,#1012);
#276=LINE('',#9225,#1013);
#277=LINE('',#9226,#1014);
#278=LINE('',#9229,#1015);
#279=LINE('',#9231,#1016);
#280=LINE('',#9232,#1017);
#281=LINE('',#9235,#1018);
#282=LINE('',#9236,#1019);
#283=LINE('',#9239,#1020);
#284=LINE('',#9240,#1021);
#285=LINE('',#9242,#1022);
#286=LINE('',#9244,#1023);
#287=LINE('',#9245,#1024);
#288=LINE('',#9247,#1025);
#289=LINE('',#9250,#1026);
#290=LINE('',#9254,#1027);
#291=LINE('',#9258,#1028);
#292=LINE('',#9260,#1029);
#293=LINE('',#9261,#1030);
#294=LINE('',#9264,#1031);
#295=LINE('',#9266,#1032);
#296=LINE('',#9267,#1033);
#297=LINE('',#9269,#1034);
#298=LINE('',#9271,#1035);
#299=LINE('',#9274,#1036);
#300=LINE('',#9276,#1037);
#301=LINE('',#9277,#1038);
#302=LINE('',#9280,#1039);
#303=LINE('',#9281,#1040);
#304=LINE('',#9284,#1041);
#305=LINE('',#9288,#1042);
#306=LINE('',#9292,#1043);
#307=LINE('',#9296,#1044);
#308=LINE('',#9299,#1045);
#309=LINE('',#9300,#1046);
#310=LINE('',#9302,#1047);
#311=LINE('',#9304,#1048);
#312=LINE('',#9307,#1049);
#313=LINE('',#9309,#1050);
#314=LINE('',#9311,#1051);
#315=LINE('',#9314,#1052);
#316=LINE('',#9316,#1053);
#317=LINE('',#9318,#1054);
#318=LINE('',#9320,#1055);
#319=LINE('',#9322,#1056);
#320=LINE('',#9330,#1057);
#321=LINE('',#9331,#1058);
#322=LINE('',#9334,#1059);
#323=LINE('',#9335,#1060);
#324=LINE('',#9337,#1061);
#325=LINE('',#9339,#1062);
#326=LINE('',#9342,#1063);
#327=LINE('',#9345,#1064);
#328=LINE('',#9347,#1065);
#329=LINE('',#9348,#1066);
#330=LINE('',#9355,#1067);
#331=LINE('',#9359,#1068);
#332=LINE('',#9364,#1069);
#333=LINE('',#9366,#1070);
#334=LINE('',#9368,#1071);
#335=LINE('',#9369,#1072);
#336=LINE('',#9372,#1073);
#337=LINE('',#9374,#1074);
#338=LINE('',#9375,#1075);
#339=LINE('',#9378,#1076);
#340=LINE('',#9382,#1077);
#341=LINE('',#9383,#1078);
#342=LINE('',#9386,#1079);
#343=LINE('',#9388,#1080);
#344=LINE('',#9389,#1081);
#345=LINE('',#9395,#1082);
#346=LINE('',#9401,#1083);
#347=LINE('',#9405,#1084);
#348=LINE('',#9411,#1085);
#349=LINE('',#9413,#1086);
#350=LINE('',#9415,#1087);
#351=LINE('',#9416,#1088);
#352=LINE('',#9419,#1089);
#353=LINE('',#9421,#1090);
#354=LINE('',#9422,#1091);
#355=LINE('',#9426,#1092);
#356=LINE('',#9430,#1093);
#357=LINE('',#9431,#1094);
#358=LINE('',#9434,#1095);
#359=LINE('',#9437,#1096);
#360=LINE('',#9440,#1097);
#361=LINE('',#9441,#1098);
#362=LINE('',#9447,#1099);
#363=LINE('',#9453,#1100);
#364=LINE('',#9457,#1101);
#365=LINE('',#9462,#1102);
#366=LINE('',#9467,#1103);
#367=LINE('',#9471,#1104);
#368=LINE('',#9473,#1105);
#369=LINE('',#9475,#1106);
#370=LINE('',#9477,#1107);
#371=LINE('',#9479,#1108);
#372=LINE('',#9481,#1109);
#373=LINE('',#9483,#1110);
#374=LINE('',#9484,#1111);
#375=LINE('',#9489,#1112);
#376=LINE('',#9495,#1113);
#377=LINE('',#9497,#1114);
#378=LINE('',#9498,#1115);
#379=LINE('',#9499,#1116);
#380=LINE('',#9501,#1117);
#381=LINE('',#9502,#1118);
#382=LINE('',#9507,#1119);
#383=LINE('',#9512,#1120);
#384=LINE('',#9516,#1121);
#385=LINE('',#9518,#1122);
#386=LINE('',#9520,#1123);
#387=LINE('',#9522,#1124);
#388=LINE('',#9524,#1125);
#389=LINE('',#9526,#1126);
#390=LINE('',#9528,#1127);
#391=LINE('',#9529,#1128);
#392=LINE('',#9534,#1129);
#393=LINE('',#9540,#1130);
#394=LINE('',#9542,#1131);
#395=LINE('',#9544,#1132);
#396=LINE('',#9545,#1133);
#397=LINE('',#9548,#1134);
#398=LINE('',#9550,#1135);
#399=LINE('',#9551,#1136);
#400=LINE('',#9555,#1137);
#401=LINE('',#9561,#1138);
#402=LINE('',#9562,#1139);
#403=LINE('',#9563,#1140);
#404=LINE('',#9566,#1141);
#405=LINE('',#9571,#1142);
#406=LINE('',#9572,#1143);
#407=LINE('',#9576,#1144);
#408=LINE('',#9582,#1145);
#409=LINE('',#9583,#1146);
#410=LINE('',#9584,#1147);
#411=LINE('',#9590,#1148);
#412=LINE('',#9594,#1149);
#413=LINE('',#9595,#1150);
#414=LINE('',#9601,#1151);
#415=LINE('',#9605,#1152);
#416=LINE('',#9609,#1153);
#417=LINE('',#9613,#1154);
#418=LINE('',#9618,#1155);
#419=LINE('',#9620,#1156);
#420=LINE('',#9622,#1157);
#421=LINE('',#9623,#1158);
#422=LINE('',#9627,#1159);
#423=LINE('',#9633,#1160);
#424=LINE('',#9634,#1161);
#425=LINE('',#9635,#1162);
#426=LINE('',#9639,#1163);
#427=LINE('',#9645,#1164);
#428=LINE('',#9646,#1165);
#429=LINE('',#9647,#1166);
#430=LINE('',#9651,#1167);
#431=LINE('',#9657,#1168);
#432=LINE('',#9658,#1169);
#433=LINE('',#9659,#1170);
#434=LINE('',#9665,#1171);
#435=LINE('',#9668,#1172);
#436=LINE('',#9671,#1173);
#437=LINE('',#9673,#1174);
#438=LINE('',#9675,#1175);
#439=LINE('',#9677,#1176);
#440=LINE('',#9679,#1177);
#441=LINE('',#9680,#1178);
#442=LINE('',#9683,#1179);
#443=LINE('',#9687,#1180);
#444=LINE('',#9688,#1181);
#445=LINE('',#9698,#1182);
#446=LINE('',#9701,#1183);
#447=LINE('',#9709,#1184);
#448=LINE('',#9711,#1185);
#449=LINE('',#9713,#1186);
#450=LINE('',#9714,#1187);
#451=LINE('',#9717,#1188);
#452=LINE('',#9719,#1189);
#453=LINE('',#9720,#1190);
#454=LINE('',#9724,#1191);
#455=LINE('',#9726,#1192);
#456=LINE('',#9727,#1193);
#457=LINE('',#9731,#1194);
#458=LINE('',#9732,#1195);
#459=LINE('',#9733,#1196);
#460=LINE('',#9737,#1197);
#461=LINE('',#9739,#1198);
#462=LINE('',#9740,#1199);
#463=LINE('',#9743,#1200);
#464=LINE('',#9745,#1201);
#465=LINE('',#9746,#1202);
#466=LINE('',#9748,#1203);
#467=LINE('',#9749,#1204);
#468=LINE('',#9753,#1205);
#469=LINE('',#9755,#1206);
#470=LINE('',#9756,#1207);
#471=LINE('',#9760,#1208);
#472=LINE('',#9761,#1209);
#473=LINE('',#9762,#1210);
#474=LINE('',#9764,#1211);
#475=LINE('',#9765,#1212);
#476=LINE('',#9768,#1213);
#477=LINE('',#9770,#1214);
#478=LINE('',#9771,#1215);
#479=LINE('',#9773,#1216);
#480=LINE('',#9774,#1217);
#481=LINE('',#9776,#1218);
#482=LINE('',#9777,#1219);
#483=LINE('',#9780,#1220);
#484=LINE('',#9782,#1221);
#485=LINE('',#9784,#1222);
#486=LINE('',#9785,#1223);
#487=LINE('',#9788,#1224);
#488=LINE('',#9790,#1225);
#489=LINE('',#9791,#1226);
#490=LINE('',#9794,#1227);
#491=LINE('',#9795,#1228);
#492=LINE('',#9797,#1229);
#493=LINE('',#9799,#1230);
#494=LINE('',#9801,#1231);
#495=LINE('',#9803,#1232);
#496=LINE('',#9804,#1233);
#497=LINE('',#9807,#1234);
#498=LINE('',#9809,#1235);
#499=LINE('',#9811,#1236);
#500=LINE('',#9812,#1237);
#501=LINE('',#9815,#1238);
#502=LINE('',#9817,#1239);
#503=LINE('',#9819,#1240);
#504=LINE('',#9820,#1241);
#505=LINE('',#9823,#1242);
#506=LINE('',#9825,#1243);
#507=LINE('',#9827,#1244);
#508=LINE('',#9828,#1245);
#509=LINE('',#9831,#1246);
#510=LINE('',#9833,#1247);
#511=LINE('',#9835,#1248);
#512=LINE('',#9836,#1249);
#513=LINE('',#9839,#1250);
#514=LINE('',#9841,#1251);
#515=LINE('',#9843,#1252);
#516=LINE('',#9844,#1253);
#517=LINE('',#9849,#1254);
#518=LINE('',#9851,#1255);
#519=LINE('',#9853,#1256);
#520=LINE('',#9854,#1257);
#521=LINE('',#9858,#1258);
#522=LINE('',#9860,#1259);
#523=LINE('',#9861,#1260);
#524=LINE('',#9865,#1261);
#525=LINE('',#9866,#1262);
#526=LINE('',#9867,#1263);
#527=LINE('',#9871,#1264);
#528=LINE('',#9873,#1265);
#529=LINE('',#9874,#1266);
#530=LINE('',#9877,#1267);
#531=LINE('',#9879,#1268);
#532=LINE('',#9880,#1269);
#533=LINE('',#9883,#1270);
#534=LINE('',#9885,#1271);
#535=LINE('',#9886,#1272);
#536=LINE('',#9889,#1273);
#537=LINE('',#9891,#1274);
#538=LINE('',#9892,#1275);
#539=LINE('',#9895,#1276);
#540=LINE('',#9897,#1277);
#541=LINE('',#9898,#1278);
#542=LINE('',#9901,#1279);
#543=LINE('',#9903,#1280);
#544=LINE('',#9904,#1281);
#545=LINE('',#9907,#1282);
#546=LINE('',#9909,#1283);
#547=LINE('',#9910,#1284);
#548=LINE('',#9914,#1285);
#549=LINE('',#9916,#1286);
#550=LINE('',#9917,#1287);
#551=LINE('',#9921,#1288);
#552=LINE('',#9922,#1289);
#553=LINE('',#9923,#1290);
#554=LINE('',#9925,#1291);
#555=LINE('',#9926,#1292);
#556=LINE('',#9929,#1293);
#557=LINE('',#9931,#1294);
#558=LINE('',#9932,#1295);
#559=LINE('',#9935,#1296);
#560=LINE('',#9937,#1297);
#561=LINE('',#9938,#1298);
#562=LINE('',#9941,#1299);
#563=LINE('',#9943,#1300);
#564=LINE('',#9944,#1301);
#565=LINE('',#9947,#1302);
#566=LINE('',#9949,#1303);
#567=LINE('',#9950,#1304);
#568=LINE('',#9952,#1305);
#569=LINE('',#9953,#1306);
#570=LINE('',#9955,#1307);
#571=LINE('',#9956,#1308);
#572=LINE('',#9958,#1309);
#573=LINE('',#9959,#1310);
#574=LINE('',#9962,#1311);
#575=LINE('',#9964,#1312);
#576=LINE('',#9965,#1313);
#577=LINE('',#9968,#1314);
#578=LINE('',#9969,#1315);
#579=LINE('',#9972,#1316);
#580=LINE('',#9973,#1317);
#581=LINE('',#9976,#1318);
#582=LINE('',#9978,#1319);
#583=LINE('',#9980,#1320);
#584=LINE('',#9982,#1321);
#585=LINE('',#9984,#1322);
#586=LINE('',#9986,#1323);
#587=LINE('',#9988,#1324);
#588=LINE('',#9989,#1325);
#589=LINE('',#9992,#1326);
#590=LINE('',#9993,#1327);
#591=LINE('',#9996,#1328);
#592=LINE('',#9998,#1329);
#593=LINE('',#10000,#1330);
#594=LINE('',#10001,#1331);
#595=LINE('',#10004,#1332);
#596=LINE('',#10006,#1333);
#597=LINE('',#10008,#1334);
#598=LINE('',#10009,#1335);
#599=LINE('',#10012,#1336);
#600=LINE('',#10014,#1337);
#601=LINE('',#10016,#1338);
#602=LINE('',#10017,#1339);
#603=LINE('',#10020,#1340);
#604=LINE('',#10022,#1341);
#605=LINE('',#10024,#1342);
#606=LINE('',#10025,#1343);
#607=LINE('',#10028,#1344);
#608=LINE('',#10030,#1345);
#609=LINE('',#10032,#1346);
#610=LINE('',#10033,#1347);
#611=LINE('',#10036,#1348);
#612=LINE('',#10038,#1349);
#613=LINE('',#10040,#1350);
#614=LINE('',#10041,#1351);
#615=LINE('',#10044,#1352);
#616=LINE('',#10046,#1353);
#617=LINE('',#10048,#1354);
#618=LINE('',#10050,#1355);
#619=LINE('',#10052,#1356);
#620=LINE('',#10054,#1357);
#621=LINE('',#10056,#1358);
#622=LINE('',#10057,#1359);
#623=LINE('',#10060,#1360);
#624=LINE('',#10062,#1361);
#625=LINE('',#10063,#1362);
#626=LINE('',#10066,#1363);
#627=LINE('',#10067,#1364);
#628=LINE('',#10069,#1365);
#629=LINE('',#10070,#1366);
#630=LINE('',#10074,#1367);
#631=LINE('',#10076,#1368);
#632=LINE('',#10077,#1369);
#633=LINE('',#10080,#1370);
#634=LINE('',#10081,#1371);
#635=LINE('',#10084,#1372);
#636=LINE('',#10089,#1373);
#637=LINE('',#10092,#1374);
#638=LINE('',#10097,#1375);
#639=LINE('',#10100,#1376);
#640=LINE('',#10105,#1377);
#641=LINE('',#10108,#1378);
#642=LINE('',#10113,#1379);
#643=LINE('',#10116,#1380);
#644=LINE('',#10118,#1381);
#645=LINE('',#10122,#1382);
#646=LINE('',#10123,#1383);
#647=LINE('',#10126,#1384);
#648=LINE('',#10129,#1385);
#649=LINE('',#10132,#1386);
#650=LINE('',#10134,#1387);
#651=LINE('',#10135,#1388);
#652=LINE('',#10138,#1389);
#653=LINE('',#10143,#1390);
#654=LINE('',#10146,#1391);
#655=LINE('',#10147,#1392);
#656=LINE('',#10149,#1393);
#657=LINE('',#10150,#1394);
#658=LINE('',#10152,#1395);
#659=LINE('',#10153,#1396);
#660=LINE('',#10155,#1397);
#661=LINE('',#10202,#1398);
#662=LINE('',#10203,#1399);
#663=LINE('',#10204,#1400);
#664=LINE('',#10208,#1401);
#665=LINE('',#10213,#1402);
#666=LINE('',#10223,#1403);
#667=LINE('',#10226,#1404);
#668=LINE('',#10230,#1405);
#669=LINE('',#10232,#1406);
#670=LINE('',#10234,#1407);
#671=LINE('',#10236,#1408);
#672=LINE('',#10238,#1409);
#673=LINE('',#10241,#1410);
#674=LINE('',#10243,#1411);
#675=LINE('',#10245,#1412);
#676=LINE('',#10247,#1413);
#677=LINE('',#10250,#1414);
#678=LINE('',#10251,#1415);
#679=LINE('',#10255,#1416);
#680=LINE('',#10257,#1417);
#681=LINE('',#10258,#1418);
#682=LINE('',#10260,#1419);
#683=LINE('',#10261,#1420);
#684=LINE('',#10263,#1421);
#685=LINE('',#10264,#1422);
#686=LINE('',#10266,#1423);
#687=LINE('',#10267,#1424);
#688=LINE('',#10269,#1425);
#689=LINE('',#10272,#1426);
#690=LINE('',#10273,#1427);
#691=LINE('',#10275,#1428);
#692=LINE('',#10278,#1429);
#693=LINE('',#10280,#1430);
#694=LINE('',#10281,#1431);
#695=LINE('',#10283,#1432);
#696=LINE('',#10286,#1433);
#697=LINE('',#10289,#1434);
#698=LINE('',#10293,#1435);
#699=LINE('',#10294,#1436);
#700=LINE('',#10296,#1437);
#701=LINE('',#10299,#1438);
#702=LINE('',#10303,#1439);
#703=LINE('',#10305,#1440);
#704=LINE('',#10307,#1441);
#705=LINE('',#10310,#1442);
#706=LINE('',#10312,#1443);
#707=LINE('',#10313,#1444);
#708=LINE('',#10316,#1445);
#709=LINE('',#10318,#1446);
#710=LINE('',#10319,#1447);
#711=LINE('',#10322,#1448);
#712=LINE('',#10323,#1449);
#713=LINE('',#10326,#1450);
#714=LINE('',#10327,#1451);
#715=LINE('',#10330,#1452);
#716=LINE('',#10331,#1453);
#717=LINE('',#10333,#1454);
#718=LINE('',#10336,#1455);
#719=LINE('',#10337,#1456);
#720=LINE('',#10339,#1457);
#721=LINE('',#10342,#1458);
#722=LINE('',#10344,#1459);
#723=LINE('',#10345,#1460);
#724=LINE('',#10348,#1461);
#725=LINE('',#10350,#1462);
#726=LINE('',#10351,#1463);
#727=LINE('',#10354,#1464);
#728=LINE('',#10355,#1465);
#729=LINE('',#10358,#1466);
#730=LINE('',#10359,#1467);
#731=LINE('',#10362,#1468);
#732=LINE('',#10363,#1469);
#733=LINE('',#10365,#1470);
#734=LINE('',#10368,#1471);
#735=LINE('',#10369,#1472);
#736=LINE('',#10371,#1473);
#737=LINE('',#10374,#1474);
#738=LINE('',#10376,#1475);
#739=LINE('',#10377,#1476);
#740=LINE('',#10380,#1477);
#741=LINE('',#10382,#1478);
#742=LINE('',#10383,#1479);
#743=LINE('',#10386,#1480);
#744=LINE('',#10387,#1481);
#745=LINE('',#10390,#1482);
#746=LINE('',#10391,#1483);
#747=LINE('',#10394,#1484);
#748=LINE('',#10395,#1485);
#749=LINE('',#10397,#1486);
#750=LINE('',#10400,#1487);
#751=LINE('',#10401,#1488);
#752=LINE('',#10403,#1489);
#753=LINE('',#10406,#1490);
#754=LINE('',#10408,#1491);
#755=LINE('',#10409,#1492);
#756=LINE('',#10412,#1493);
#757=LINE('',#10414,#1494);
#758=LINE('',#10415,#1495);
#759=LINE('',#10418,#1496);
#760=LINE('',#10419,#1497);
#761=LINE('',#10422,#1498);
#762=LINE('',#10423,#1499);
#763=LINE('',#10426,#1500);
#764=LINE('',#10427,#1501);
#765=LINE('',#10429,#1502);
#766=LINE('',#10432,#1503);
#767=LINE('',#10433,#1504);
#768=LINE('',#10435,#1505);
#769=LINE('',#10438,#1506);
#770=LINE('',#10440,#1507);
#771=LINE('',#10441,#1508);
#772=LINE('',#10444,#1509);
#773=LINE('',#10446,#1510);
#774=LINE('',#10447,#1511);
#775=LINE('',#10450,#1512);
#776=LINE('',#10451,#1513);
#777=LINE('',#10454,#1514);
#778=LINE('',#10455,#1515);
#779=LINE('',#10458,#1516);
#780=LINE('',#10459,#1517);
#781=LINE('',#10461,#1518);
#782=LINE('',#10464,#1519);
#783=LINE('',#10465,#1520);
#784=LINE('',#10467,#1521);
#785=LINE('',#10509,#1522);
#786=LINE('',#10531,#1523);
#787=LINE('',#10535,#1524);
#788=LINE('',#10603,#1525);
#789=LINE('',#10605,#1526);
#790=LINE('',#10607,#1527);
#791=LINE('',#10612,#1528);
#792=LINE('',#10613,#1529);
#793=LINE('',#10616,#1530);
#794=LINE('',#10617,#1531);
#795=LINE('',#10619,#1532);
#796=LINE('',#10623,#1533);
#797=LINE('',#10629,#1534);
#798=LINE('',#10631,#1535);
#799=LINE('',#10633,#1536);
#800=LINE('',#10635,#1537);
#801=LINE('',#10639,#1538);
#802=LINE('',#10641,#1539);
#803=LINE('',#10642,#1540);
#804=LINE('',#10645,#1541);
#805=LINE('',#10647,#1542);
#806=LINE('',#10648,#1543);
#807=LINE('',#10650,#1544);
#808=LINE('',#10653,#1545);
#809=LINE('',#10656,#1546);
#810=LINE('',#10657,#1547);
#811=LINE('',#10661,#1548);
#812=LINE('',#10664,#1549);
#813=LINE('',#10667,#1550);
#814=LINE('',#10669,#1551);
#815=LINE('',#10671,#1552);
#816=LINE('',#10674,#1553);
#817=LINE('',#10676,#1554);
#818=LINE('',#10679,#1555);
#819=LINE('',#10681,#1556);
#820=LINE('',#10683,#1557);
#821=LINE('',#10686,#1558);
#822=VECTOR('',#6983,1.75);
#823=VECTOR('',#6986,1.1);
#824=VECTOR('',#6999,1.75);
#825=VECTOR('',#7002,1.1);
#826=VECTOR('',#7007,10.);
#827=VECTOR('',#7010,10.);
#828=VECTOR('',#7015,10.);
#829=VECTOR('',#7016,10.);
#830=VECTOR('',#7017,10.);
#831=VECTOR('',#7020,10.);
#832=VECTOR('',#7027,10.);
#833=VECTOR('',#7028,10.);
#834=VECTOR('',#7029,10.);
#835=VECTOR('',#7032,10.);
#836=VECTOR('',#7039,10.);
#837=VECTOR('',#7040,10.);
#838=VECTOR('',#7041,10.);
#839=VECTOR('',#7044,10.);
#840=VECTOR('',#7051,10.);
#841=VECTOR('',#7052,10.);
#842=VECTOR('',#7055,10.);
#843=VECTOR('',#7056,10.);
#844=VECTOR('',#7057,10.);
#845=VECTOR('',#7058,10.);
#846=VECTOR('',#7059,10.);
#847=VECTOR('',#7060,10.);
#848=VECTOR('',#7061,10.);
#849=VECTOR('',#7064,10.);
#850=VECTOR('',#7069,10.);
#851=VECTOR('',#7070,10.);
#852=VECTOR('',#7073,10.);
#853=VECTOR('',#7078,10.);
#854=VECTOR('',#7079,10.);
#855=VECTOR('',#7080,10.);
#856=VECTOR('',#7081,10.);
#857=VECTOR('',#7090,10.);
#858=VECTOR('',#7091,10.);
#859=VECTOR('',#7092,10.);
#860=VECTOR('',#7095,10.);
#861=VECTOR('',#7096,10.);
#862=VECTOR('',#7099,10.);
#863=VECTOR('',#7100,10.);
#864=VECTOR('',#7103,10.);
#865=VECTOR('',#7106,10.);
#866=VECTOR('',#7107,10.);
#867=VECTOR('',#7108,10.);
#868=VECTOR('',#7111,10.);
#869=VECTOR('',#7112,10.);
#870=VECTOR('',#7115,1.35);
#871=VECTOR('',#7122,1.25);
#872=VECTOR('',#7125,10.);
#873=VECTOR('',#7126,10.);
#874=VECTOR('',#7127,10.);
#875=VECTOR('',#7128,10.);
#876=VECTOR('',#7131,10.);
#877=VECTOR('',#7132,10.);
#878=VECTOR('',#7133,10.);
#879=VECTOR('',#7136,10.);
#880=VECTOR('',#7137,10.);
#881=VECTOR('',#7138,10.);
#882=VECTOR('',#7139,10.);
#883=VECTOR('',#7142,10.);
#884=VECTOR('',#7143,10.);
#885=VECTOR('',#7144,10.);
#886=VECTOR('',#7147,10.);
#887=VECTOR('',#7148,10.);
#888=VECTOR('',#7149,10.);
#889=VECTOR('',#7150,10.);
#890=VECTOR('',#7153,10.);
#891=VECTOR('',#7160,10.);
#892=VECTOR('',#7161,10.);
#893=VECTOR('',#7162,10.);
#894=VECTOR('',#7165,10.);
#895=VECTOR('',#7172,10.);
#896=VECTOR('',#7173,10.);
#897=VECTOR('',#7174,10.);
#898=VECTOR('',#7177,10.);
#899=VECTOR('',#7178,10.);
#900=VECTOR('',#7181,10.);
#901=VECTOR('',#7182,10.);
#902=VECTOR('',#7183,10.);
#903=VECTOR('',#7186,10.);
#904=VECTOR('',#7187,10.);
#905=VECTOR('',#7190,10.);
#906=VECTOR('',#7197,10.);
#907=VECTOR('',#7198,10.);
#908=VECTOR('',#7199,10.);
#909=VECTOR('',#7202,10.);
#910=VECTOR('',#7209,10.);
#911=VECTOR('',#7210,10.);
#912=VECTOR('',#7213,10.);
#913=VECTOR('',#7214,10.);
#914=VECTOR('',#7217,10.);
#915=VECTOR('',#7220,10.);
#916=VECTOR('',#7223,10.);
#917=VECTOR('',#7224,10.);
#918=VECTOR('',#7227,10.);
#919=VECTOR('',#7228,10.);
#920=VECTOR('',#7231,10.);
#921=VECTOR('',#7232,10.);
#922=VECTOR('',#7235,10.);
#923=VECTOR('',#7236,10.);
#924=VECTOR('',#7237,10.);
#925=VECTOR('',#7240,10.);
#926=VECTOR('',#7245,10.);
#927=VECTOR('',#7246,10.);
#928=VECTOR('',#7249,10.);
#929=VECTOR('',#7258,9.7);
#930=VECTOR('',#7265,9.5);
#931=VECTOR('',#7268,10.);
#932=VECTOR('',#7269,10.);
#933=VECTOR('',#7270,10.);
#934=VECTOR('',#7271,10.);
#935=VECTOR('',#7272,10.);
#936=VECTOR('',#7273,10.);
#937=VECTOR('',#7274,10.);
#938=VECTOR('',#7275,10.);
#939=VECTOR('',#7276,10.);
#940=VECTOR('',#7277,10.);
#941=VECTOR('',#7278,10.);
#942=VECTOR('',#7279,10.);
#943=VECTOR('',#7280,10.);
#944=VECTOR('',#7281,10.);
#945=VECTOR('',#7286,9.7);
#946=VECTOR('',#7289,9.7);
#947=VECTOR('',#7294,9.5);
#948=VECTOR('',#7301,9.7);
#949=VECTOR('',#7304,10.);
#950=VECTOR('',#7305,10.);
#951=VECTOR('',#7306,10.);
#952=VECTOR('',#7309,10.);
#953=VECTOR('',#7310,10.);
#954=VECTOR('',#7311,10.);
#955=VECTOR('',#7314,10.);
#956=VECTOR('',#7315,10.);
#957=VECTOR('',#7316,10.);
#958=VECTOR('',#7319,10.);
#959=VECTOR('',#7320,10.);
#960=VECTOR('',#7321,10.);
#961=VECTOR('',#7324,10.);
#962=VECTOR('',#7325,10.);
#963=VECTOR('',#7326,10.);
#964=VECTOR('',#7327,10.);
#965=VECTOR('',#7330,10.);
#966=VECTOR('',#7331,10.);
#967=VECTOR('',#7332,10.);
#968=VECTOR('',#7335,10.);
#969=VECTOR('',#7336,10.);
#970=VECTOR('',#7337,10.);
#971=VECTOR('',#7340,10.);
#972=VECTOR('',#7341,10.);
#973=VECTOR('',#7342,10.);
#974=VECTOR('',#7345,10.);
#975=VECTOR('',#7346,10.);
#976=VECTOR('',#7349,10.);
#977=VECTOR('',#7350,10.);
#978=VECTOR('',#7351,10.);
#979=VECTOR('',#7354,10.);
#980=VECTOR('',#7355,10.);
#981=VECTOR('',#7356,10.);
#982=VECTOR('',#7359,10.);
#983=VECTOR('',#7360,10.);
#984=VECTOR('',#7363,10.);
#985=VECTOR('',#7364,10.);
#986=VECTOR('',#7365,10.);
#987=VECTOR('',#7368,10.);
#988=VECTOR('',#7369,10.);
#989=VECTOR('',#7372,10.);
#990=VECTOR('',#7373,10.);
#991=VECTOR('',#7376,10.);
#992=VECTOR('',#7377,10.);
#993=VECTOR('',#7380,10.);
#994=VECTOR('',#7383,10.);
#995=VECTOR('',#7386,10.);
#996=VECTOR('',#7389,10.);
#997=VECTOR('',#7392,10.);
#998=VECTOR('',#7397,10.);
#999=VECTOR('',#7400,10.);
#1000=VECTOR('',#7411,10.);
#1001=VECTOR('',#7412,10.);
#1002=VECTOR('',#7413,10.);
#1003=VECTOR('',#7414,10.);
#1004=VECTOR('',#7415,10.);
#1005=VECTOR('',#7416,10.);
#1006=VECTOR('',#7417,10.);
#1007=VECTOR('',#7418,10.);
#1008=VECTOR('',#7421,1.3);
#1009=VECTOR('',#7426,1.1);
#1010=VECTOR('',#7433,1.45);
#1011=VECTOR('',#7436,10.);
#1012=VECTOR('',#7437,10.);
#1013=VECTOR('',#7438,10.);
#1014=VECTOR('',#7439,10.);
#1015=VECTOR('',#7442,10.);
#1016=VECTOR('',#7443,10.);
#1017=VECTOR('',#7444,10.);
#1018=VECTOR('',#7447,10.);
#1019=VECTOR('',#7448,10.);
#1020=VECTOR('',#7451,10.);
#1021=VECTOR('',#7452,10.);
#1022=VECTOR('',#7455,10.);
#1023=VECTOR('',#7458,10.);
#1024=VECTOR('',#7459,10.);
#1025=VECTOR('',#7462,10.);
#1026=VECTOR('',#7465,1.3);
#1027=VECTOR('',#7470,1.1);
#1028=VECTOR('',#7475,10.);
#1029=VECTOR('',#7476,10.);
#1030=VECTOR('',#7477,10.);
#1031=VECTOR('',#7480,10.);
#1032=VECTOR('',#7481,10.);
#1033=VECTOR('',#7482,10.);
#1034=VECTOR('',#7485,10.);
#1035=VECTOR('',#7488,10.);
#1036=VECTOR('',#7491,10.);
#1037=VECTOR('',#7492,10.);
#1038=VECTOR('',#7493,10.);
#1039=VECTOR('',#7496,10.);
#1040=VECTOR('',#7497,10.);
#1041=VECTOR('',#7500,1.3);
#1042=VECTOR('',#7505,1.1);
#1043=VECTOR('',#7510,1.3);
#1044=VECTOR('',#7515,1.1);
#1045=VECTOR('',#7520,10.);
#1046=VECTOR('',#7521,10.);
#1047=VECTOR('',#7524,10.);
#1048=VECTOR('',#7527,10.);
#1049=VECTOR('',#7532,10.);
#1050=VECTOR('',#7535,10.);
#1051=VECTOR('',#7538,10.);
#1052=VECTOR('',#7543,10.);
#1053=VECTOR('',#7546,10.);
#1054=VECTOR('',#7549,10.);
#1055=VECTOR('',#7552,10.);
#1056=VECTOR('',#7555,10.);
#1057=VECTOR('',#7568,10.);
#1058=VECTOR('',#7569,10.);
#1059=VECTOR('',#7572,10.);
#1060=VECTOR('',#7573,10.);
#1061=VECTOR('',#7576,10.);
#1062=VECTOR('',#7579,10.);
#1063=VECTOR('',#7584,10.);
#1064=VECTOR('',#7589,10.);
#1065=VECTOR('',#7592,10.);
#1066=VECTOR('',#7593,10.);
#1067=VECTOR('',#7602,10.);
#1068=VECTOR('',#7605,10.);
#1069=VECTOR('',#7610,10.);
#1070=VECTOR('',#7611,10.);
#1071=VECTOR('',#7612,10.);
#1072=VECTOR('',#7613,10.);
#1073=VECTOR('',#7616,10.);
#1074=VECTOR('',#7617,10.);
#1075=VECTOR('',#7618,10.);
#1076=VECTOR('',#7621,10.);
#1077=VECTOR('',#7628,10.);
#1078=VECTOR('',#7629,10.);
#1079=VECTOR('',#7632,10.);
#1080=VECTOR('',#7633,10.);
#1081=VECTOR('',#7634,10.);
#1082=VECTOR('',#7641,1.1);
#1083=VECTOR('',#7648,0.9);
#1084=VECTOR('',#7653,0.45);
#1085=VECTOR('',#7660,10.);
#1086=VECTOR('',#7661,10.);
#1087=VECTOR('',#7662,10.);
#1088=VECTOR('',#7663,10.);
#1089=VECTOR('',#7666,10.);
#1090=VECTOR('',#7667,10.);
#1091=VECTOR('',#7668,10.);
#1092=VECTOR('',#7671,10.);
#1093=VECTOR('',#7678,10.);
#1094=VECTOR('',#7679,10.);
#1095=VECTOR('',#7682,10.);
#1096=VECTOR('',#7685,10.);
#1097=VECTOR('',#7688,10.);
#1098=VECTOR('',#7689,10.);
#1099=VECTOR('',#7696,1.1);
#1100=VECTOR('',#7703,0.9);
#1101=VECTOR('',#7708,0.45);
#1102=VECTOR('',#7713,0.999999999999998);
#1103=VECTOR('',#7720,0.9);
#1104=VECTOR('',#7723,10.);
#1105=VECTOR('',#7724,10.);
#1106=VECTOR('',#7725,10.);
#1107=VECTOR('',#7726,10.);
#1108=VECTOR('',#7727,10.);
#1109=VECTOR('',#7728,10.);
#1110=VECTOR('',#7729,10.);
#1111=VECTOR('',#7730,10.);
#1112=VECTOR('',#7735,2.1);
#1113=VECTOR('',#7742,10.);
#1114=VECTOR('',#7743,10.);
#1115=VECTOR('',#7744,10.);
#1116=VECTOR('',#7745,10.);
#1117=VECTOR('',#7746,10.);
#1118=VECTOR('',#7747,10.);
#1119=VECTOR('',#7752,0.999999999999998);
#1120=VECTOR('',#7759,0.9);
#1121=VECTOR('',#7762,10.);
#1122=VECTOR('',#7763,10.);
#1123=VECTOR('',#7764,10.);
#1124=VECTOR('',#7765,10.);
#1125=VECTOR('',#7766,10.);
#1126=VECTOR('',#7767,10.);
#1127=VECTOR('',#7768,10.);
#1128=VECTOR('',#7769,10.);
#1129=VECTOR('',#7774,2.1);
#1130=VECTOR('',#7781,10.);
#1131=VECTOR('',#7782,10.);
#1132=VECTOR('',#7783,10.);
#1133=VECTOR('',#7784,10.);
#1134=VECTOR('',#7787,10.);
#1135=VECTOR('',#7788,10.);
#1136=VECTOR('',#7789,10.);
#1137=VECTOR('',#7792,10.);
#1138=VECTOR('',#7799,10.);
#1139=VECTOR('',#7800,10.);
#1140=VECTOR('',#7801,10.);
#1141=VECTOR('',#7804,10.);
#1142=VECTOR('',#7811,10.);
#1143=VECTOR('',#7812,10.);
#1144=VECTOR('',#7815,10.);
#1145=VECTOR('',#7822,10.);
#1146=VECTOR('',#7823,10.);
#1147=VECTOR('',#7824,10.);
#1148=VECTOR('',#7833,10.);
#1149=VECTOR('',#7838,10.);
#1150=VECTOR('',#7839,10.);
#1151=VECTOR('',#7846,10.);
#1152=VECTOR('',#7849,10.);
#1153=VECTOR('',#7852,10.);
#1154=VECTOR('',#7855,10.);
#1155=VECTOR('',#7860,10.);
#1156=VECTOR('',#7861,10.);
#1157=VECTOR('',#7862,10.);
#1158=VECTOR('',#7863,10.);
#1159=VECTOR('',#7866,10.);
#1160=VECTOR('',#7873,10.);
#1161=VECTOR('',#7874,10.);
#1162=VECTOR('',#7875,10.);
#1163=VECTOR('',#7878,10.);
#1164=VECTOR('',#7885,10.);
#1165=VECTOR('',#7886,10.);
#1166=VECTOR('',#7887,10.);
#1167=VECTOR('',#7890,10.);
#1168=VECTOR('',#7897,10.);
#1169=VECTOR('',#7898,10.);
#1170=VECTOR('',#7899,10.);
#1171=VECTOR('',#7908,10.);
#1172=VECTOR('',#7911,10.);
#1173=VECTOR('',#7914,10.);
#1174=VECTOR('',#7915,10.);
#1175=VECTOR('',#7916,10.);
#1176=VECTOR('',#7917,10.);
#1177=VECTOR('',#7918,10.);
#1178=VECTOR('',#7919,10.);
#1179=VECTOR('',#7922,10.);
#1180=VECTOR('',#7927,10.);
#1181=VECTOR('',#7928,10.);
#1182=VECTOR('',#7937,10.);
#1183=VECTOR('',#7940,10.);
#1184=VECTOR('',#7947,10.);
#1185=VECTOR('',#7948,10.);
#1186=VECTOR('',#7949,10.);
#1187=VECTOR('',#7950,10.);
#1188=VECTOR('',#7953,10.);
#1189=VECTOR('',#7954,10.);
#1190=VECTOR('',#7955,10.);
#1191=VECTOR('',#7958,10.);
#1192=VECTOR('',#7959,10.);
#1193=VECTOR('',#7960,10.);
#1194=VECTOR('',#7963,10.);
#1195=VECTOR('',#7964,10.);
#1196=VECTOR('',#7965,10.);
#1197=VECTOR('',#7968,10.);
#1198=VECTOR('',#7969,10.);
#1199=VECTOR('',#7970,10.);
#1200=VECTOR('',#7973,10.);
#1201=VECTOR('',#7974,10.);
#1202=VECTOR('',#7975,10.);
#1203=VECTOR('',#7978,10.);
#1204=VECTOR('',#7979,10.);
#1205=VECTOR('',#7982,10.);
#1206=VECTOR('',#7983,10.);
#1207=VECTOR('',#7984,10.);
#1208=VECTOR('',#7987,10.);
#1209=VECTOR('',#7988,10.);
#1210=VECTOR('',#7989,10.);
#1211=VECTOR('',#7992,10.);
#1212=VECTOR('',#7993,10.);
#1213=VECTOR('',#7996,10.);
#1214=VECTOR('',#7997,10.);
#1215=VECTOR('',#7998,10.);
#1216=VECTOR('',#8001,10.);
#1217=VECTOR('',#8002,10.);
#1218=VECTOR('',#8005,10.);
#1219=VECTOR('',#8006,10.);
#1220=VECTOR('',#8009,10.);
#1221=VECTOR('',#8010,10.);
#1222=VECTOR('',#8011,10.);
#1223=VECTOR('',#8012,10.);
#1224=VECTOR('',#8015,10.);
#1225=VECTOR('',#8016,10.);
#1226=VECTOR('',#8017,10.);
#1227=VECTOR('',#8020,10.);
#1228=VECTOR('',#8021,10.);
#1229=VECTOR('',#8024,10.);
#1230=VECTOR('',#8025,10.);
#1231=VECTOR('',#8026,10.);
#1232=VECTOR('',#8027,10.);
#1233=VECTOR('',#8028,10.);
#1234=VECTOR('',#8029,10.);
#1235=VECTOR('',#8030,10.);
#1236=VECTOR('',#8031,10.);
#1237=VECTOR('',#8032,10.);
#1238=VECTOR('',#8033,10.);
#1239=VECTOR('',#8034,10.);
#1240=VECTOR('',#8035,10.);
#1241=VECTOR('',#8036,10.);
#1242=VECTOR('',#8037,10.);
#1243=VECTOR('',#8038,10.);
#1244=VECTOR('',#8039,10.);
#1245=VECTOR('',#8040,10.);
#1246=VECTOR('',#8041,10.);
#1247=VECTOR('',#8042,10.);
#1248=VECTOR('',#8043,10.);
#1249=VECTOR('',#8044,10.);
#1250=VECTOR('',#8045,10.);
#1251=VECTOR('',#8046,10.);
#1252=VECTOR('',#8047,10.);
#1253=VECTOR('',#8048,10.);
#1254=VECTOR('',#8053,10.);
#1255=VECTOR('',#8054,10.);
#1256=VECTOR('',#8055,10.);
#1257=VECTOR('',#8056,10.);
#1258=VECTOR('',#8059,10.);
#1259=VECTOR('',#8060,10.);
#1260=VECTOR('',#8061,10.);
#1261=VECTOR('',#8064,10.);
#1262=VECTOR('',#8065,10.);
#1263=VECTOR('',#8066,10.);
#1264=VECTOR('',#8069,10.);
#1265=VECTOR('',#8070,10.);
#1266=VECTOR('',#8071,10.);
#1267=VECTOR('',#8074,10.);
#1268=VECTOR('',#8075,10.);
#1269=VECTOR('',#8076,10.);
#1270=VECTOR('',#8079,10.);
#1271=VECTOR('',#8080,10.);
#1272=VECTOR('',#8081,10.);
#1273=VECTOR('',#8084,10.);
#1274=VECTOR('',#8085,10.);
#1275=VECTOR('',#8086,10.);
#1276=VECTOR('',#8089,10.);
#1277=VECTOR('',#8090,10.);
#1278=VECTOR('',#8091,10.);
#1279=VECTOR('',#8094,10.);
#1280=VECTOR('',#8095,10.);
#1281=VECTOR('',#8096,10.);
#1282=VECTOR('',#8099,10.);
#1283=VECTOR('',#8100,10.);
#1284=VECTOR('',#8101,10.);
#1285=VECTOR('',#8104,10.);
#1286=VECTOR('',#8105,10.);
#1287=VECTOR('',#8106,10.);
#1288=VECTOR('',#8109,10.);
#1289=VECTOR('',#8110,10.);
#1290=VECTOR('',#8111,10.);
#1291=VECTOR('',#8114,10.);
#1292=VECTOR('',#8115,10.);
#1293=VECTOR('',#8118,10.);
#1294=VECTOR('',#8119,10.);
#1295=VECTOR('',#8120,10.);
#1296=VECTOR('',#8123,10.);
#1297=VECTOR('',#8124,10.);
#1298=VECTOR('',#8125,10.);
#1299=VECTOR('',#8128,10.);
#1300=VECTOR('',#8129,10.);
#1301=VECTOR('',#8130,10.);
#1302=VECTOR('',#8133,10.);
#1303=VECTOR('',#8134,10.);
#1304=VECTOR('',#8135,10.);
#1305=VECTOR('',#8138,10.);
#1306=VECTOR('',#8139,10.);
#1307=VECTOR('',#8142,10.);
#1308=VECTOR('',#8143,10.);
#1309=VECTOR('',#8146,10.);
#1310=VECTOR('',#8147,10.);
#1311=VECTOR('',#8150,10.);
#1312=VECTOR('',#8151,10.);
#1313=VECTOR('',#8152,10.);
#1314=VECTOR('',#8155,10.);
#1315=VECTOR('',#8156,10.);
#1316=VECTOR('',#8159,10.);
#1317=VECTOR('',#8160,10.);
#1318=VECTOR('',#8163,10.);
#1319=VECTOR('',#8164,10.);
#1320=VECTOR('',#8165,10.);
#1321=VECTOR('',#8166,10.);
#1322=VECTOR('',#8167,10.);
#1323=VECTOR('',#8168,10.);
#1324=VECTOR('',#8169,10.);
#1325=VECTOR('',#8170,10.);
#1326=VECTOR('',#8173,10.);
#1327=VECTOR('',#8174,10.);
#1328=VECTOR('',#8175,10.);
#1329=VECTOR('',#8176,10.);
#1330=VECTOR('',#8177,10.);
#1331=VECTOR('',#8178,10.);
#1332=VECTOR('',#8179,10.);
#1333=VECTOR('',#8180,10.);
#1334=VECTOR('',#8181,10.);
#1335=VECTOR('',#8182,10.);
#1336=VECTOR('',#8183,10.);
#1337=VECTOR('',#8184,10.);
#1338=VECTOR('',#8185,10.);
#1339=VECTOR('',#8186,10.);
#1340=VECTOR('',#8187,10.);
#1341=VECTOR('',#8188,10.);
#1342=VECTOR('',#8189,10.);
#1343=VECTOR('',#8190,10.);
#1344=VECTOR('',#8191,10.);
#1345=VECTOR('',#8192,10.);
#1346=VECTOR('',#8193,10.);
#1347=VECTOR('',#8194,10.);
#1348=VECTOR('',#8195,10.);
#1349=VECTOR('',#8196,10.);
#1350=VECTOR('',#8197,10.);
#1351=VECTOR('',#8198,10.);
#1352=VECTOR('',#8201,10.);
#1353=VECTOR('',#8202,10.);
#1354=VECTOR('',#8203,10.);
#1355=VECTOR('',#8204,10.);
#1356=VECTOR('',#8205,10.);
#1357=VECTOR('',#8206,10.);
#1358=VECTOR('',#8207,10.);
#1359=VECTOR('',#8208,10.);
#1360=VECTOR('',#8211,10.);
#1361=VECTOR('',#8212,10.);
#1362=VECTOR('',#8213,10.);
#1363=VECTOR('',#8216,10.);
#1364=VECTOR('',#8217,10.);
#1365=VECTOR('',#8220,10.);
#1366=VECTOR('',#8221,10.);
#1367=VECTOR('',#8226,10.);
#1368=VECTOR('',#8227,10.);
#1369=VECTOR('',#8228,10.);
#1370=VECTOR('',#8231,10.);
#1371=VECTOR('',#8232,10.);
#1372=VECTOR('',#8235,2.2);
#1373=VECTOR('',#8242,2.);
#1374=VECTOR('',#8245,2.2);
#1375=VECTOR('',#8252,2.);
#1376=VECTOR('',#8255,2.2);
#1377=VECTOR('',#8262,2.);
#1378=VECTOR('',#8265,2.2);
#1379=VECTOR('',#8272,2.);
#1380=VECTOR('',#8275,10.);
#1381=VECTOR('',#8276,10.);
#1382=VECTOR('',#8281,10.);
#1383=VECTOR('',#8282,10.);
#1384=VECTOR('',#8285,10.);
#1385=VECTOR('',#8290,10.);
#1386=VECTOR('',#8293,10.);
#1387=VECTOR('',#8294,10.);
#1388=VECTOR('',#8295,10.);
#1389=VECTOR('',#8298,10.);
#1390=VECTOR('',#8305,2.2);
#1391=VECTOR('',#8308,10.);
#1392=VECTOR('',#8309,10.);
#1393=VECTOR('',#8310,10.);
#1394=VECTOR('',#8311,10.);
#1395=VECTOR('',#8312,10.);
#1396=VECTOR('',#8313,10.);
#1397=VECTOR('',#8314,10.);
#1398=VECTOR('',#8317,10.);
#1399=VECTOR('',#8318,10.);
#1400=VECTOR('',#8319,10.);
#1401=VECTOR('',#8322,10.);
#1402=VECTOR('',#8327,10.);
#1403=VECTOR('',#8336,10.);
#1404=VECTOR('',#8339,10.);
#1405=VECTOR('',#8344,2.2);
#1406=VECTOR('',#8347,2.2);
#1407=VECTOR('',#8350,2.2);
#1408=VECTOR('',#8353,10.);
#1409=VECTOR('',#8354,10.);
#1410=VECTOR('',#8359,10.);
#1411=VECTOR('',#8362,10.);
#1412=VECTOR('',#8365,10.);
#1413=VECTOR('',#8368,10.);
#1414=VECTOR('',#8371,10.);
#1415=VECTOR('',#8372,10.);
#1416=VECTOR('',#8375,10.);
#1417=VECTOR('',#8376,10.);
#1418=VECTOR('',#8377,10.);
#1419=VECTOR('',#8380,10.);
#1420=VECTOR('',#8381,10.);
#1421=VECTOR('',#8384,10.);
#1422=VECTOR('',#8385,10.);
#1423=VECTOR('',#8388,10.);
#1424=VECTOR('',#8389,10.);
#1425=VECTOR('',#8392,10.);
#1426=VECTOR('',#8397,10.);
#1427=VECTOR('',#8398,10.);
#1428=VECTOR('',#8401,10.);
#1429=VECTOR('',#8404,10.);
#1430=VECTOR('',#8405,10.);
#1431=VECTOR('',#8406,10.);
#1432=VECTOR('',#8409,10.);
#1433=VECTOR('',#8414,10.);
#1434=VECTOR('',#8417,10.);
#1435=VECTOR('',#8422,10.);
#1436=VECTOR('',#8423,10.);
#1437=VECTOR('',#8426,10.);
#1438=VECTOR('',#8431,10.);
#1439=VECTOR('',#8438,10.);
#1440=VECTOR('',#8441,10.);
#1441=VECTOR('',#8444,10.);
#1442=VECTOR('',#8447,10.);
#1443=VECTOR('',#8448,10.);
#1444=VECTOR('',#8449,10.);
#1445=VECTOR('',#8452,10.);
#1446=VECTOR('',#8453,10.);
#1447=VECTOR('',#8454,10.);
#1448=VECTOR('',#8457,10.);
#1449=VECTOR('',#8458,10.);
#1450=VECTOR('',#8461,10.);
#1451=VECTOR('',#8462,10.);
#1452=VECTOR('',#8465,10.);
#1453=VECTOR('',#8466,10.);
#1454=VECTOR('',#8469,10.);
#1455=VECTOR('',#8472,10.);
#1456=VECTOR('',#8473,10.);
#1457=VECTOR('',#8476,10.);
#1458=VECTOR('',#8479,10.);
#1459=VECTOR('',#8480,10.);
#1460=VECTOR('',#8481,10.);
#1461=VECTOR('',#8484,10.);
#1462=VECTOR('',#8485,10.);
#1463=VECTOR('',#8486,10.);
#1464=VECTOR('',#8489,10.);
#1465=VECTOR('',#8490,10.);
#1466=VECTOR('',#8493,10.);
#1467=VECTOR('',#8494,10.);
#1468=VECTOR('',#8497,10.);
#1469=VECTOR('',#8498,10.);
#1470=VECTOR('',#8501,10.);
#1471=VECTOR('',#8504,10.);
#1472=VECTOR('',#8505,10.);
#1473=VECTOR('',#8508,10.);
#1474=VECTOR('',#8511,10.);
#1475=VECTOR('',#8512,10.);
#1476=VECTOR('',#8513,10.);
#1477=VECTOR('',#8516,10.);
#1478=VECTOR('',#8517,10.);
#1479=VECTOR('',#8518,10.);
#1480=VECTOR('',#8521,10.);
#1481=VECTOR('',#8522,10.);
#1482=VECTOR('',#8525,10.);
#1483=VECTOR('',#8526,10.);
#1484=VECTOR('',#8529,10.);
#1485=VECTOR('',#8530,10.);
#1486=VECTOR('',#8533,10.);
#1487=VECTOR('',#8536,10.);
#1488=VECTOR('',#8537,10.);
#1489=VECTOR('',#8540,10.);
#1490=VECTOR('',#8543,10.);
#1491=VECTOR('',#8544,10.);
#1492=VECTOR('',#8545,10.);
#1493=VECTOR('',#8548,10.);
#1494=VECTOR('',#8549,10.);
#1495=VECTOR('',#8550,10.);
#1496=VECTOR('',#8553,10.);
#1497=VECTOR('',#8554,10.);
#1498=VECTOR('',#8557,10.);
#1499=VECTOR('',#8558,10.);
#1500=VECTOR('',#8561,10.);
#1501=VECTOR('',#8562,10.);
#1502=VECTOR('',#8565,10.);
#1503=VECTOR('',#8568,10.);
#1504=VECTOR('',#8569,10.);
#1505=VECTOR('',#8572,10.);
#1506=VECTOR('',#8575,10.);
#1507=VECTOR('',#8576,10.);
#1508=VECTOR('',#8577,10.);
#1509=VECTOR('',#8580,10.);
#1510=VECTOR('',#8581,10.);
#1511=VECTOR('',#8582,10.);
#1512=VECTOR('',#8585,10.);
#1513=VECTOR('',#8586,10.);
#1514=VECTOR('',#8589,10.);
#1515=VECTOR('',#8590,10.);
#1516=VECTOR('',#8593,10.);
#1517=VECTOR('',#8594,10.);
#1518=VECTOR('',#8597,10.);
#1519=VECTOR('',#8600,10.);
#1520=VECTOR('',#8601,10.);
#1521=VECTOR('',#8604,10.);
#1522=VECTOR('',#8605,10.);
#1523=VECTOR('',#8606,10.);
#1524=VECTOR('',#8611,10.);
#1525=VECTOR('',#8612,10.);
#1526=VECTOR('',#8615,10.);
#1527=VECTOR('',#8618,10.);
#1528=VECTOR('',#8625,10.);
#1529=VECTOR('',#8626,10.);
#1530=VECTOR('',#8629,10.);
#1531=VECTOR('',#8630,10.);
#1532=VECTOR('',#8633,10.);
#1533=VECTOR('',#8640,10.);
#1534=VECTOR('',#8651,10.);
#1535=VECTOR('',#8654,10.);
#1536=VECTOR('',#8657,10.);
#1537=VECTOR('',#8660,10.);
#1538=VECTOR('',#8665,10.);
#1539=VECTOR('',#8666,10.);
#1540=VECTOR('',#8667,10.);
#1541=VECTOR('',#8670,10.);
#1542=VECTOR('',#8671,10.);
#1543=VECTOR('',#8672,10.);
#1544=VECTOR('',#8675,10.);
#1545=VECTOR('',#8678,10.);
#1546=VECTOR('',#8681,10.);
#1547=VECTOR('',#8682,10.);
#1548=VECTOR('',#8685,10.);
#1549=VECTOR('',#8690,10.);
#1550=VECTOR('',#8693,10.);
#1551=VECTOR('',#8696,10.);
#1552=VECTOR('',#8699,10.);
#1553=VECTOR('',#8704,10.);
#1554=VECTOR('',#8707,10.);
#1555=VECTOR('',#8712,10.);
#1556=VECTOR('',#8715,10.);
#1557=VECTOR('',#8718,10.);
#1558=VECTOR('',#8723,10.);
#1559=CYLINDRICAL_SURFACE('',#6461,1.75);
#1560=CYLINDRICAL_SURFACE('',#6463,1.1);
#1561=CYLINDRICAL_SURFACE('',#6468,1.75);
#1562=CYLINDRICAL_SURFACE('',#6470,1.1);
#1563=CYLINDRICAL_SURFACE('',#6489,10.);
#1564=CYLINDRICAL_SURFACE('',#6492,10.);
#1565=CYLINDRICAL_SURFACE('',#6506,1.25);
#1566=CYLINDRICAL_SURFACE('',#6539,8.49999999999998);
#1567=CYLINDRICAL_SURFACE('',#6542,8.49999999999999);
#1568=CYLINDRICAL_SURFACE('',#6548,9.5);
#1569=CYLINDRICAL_SURFACE('',#6555,9.5);
#1570=CYLINDRICAL_SURFACE('',#6590,1.1);
#1571=CYLINDRICAL_SURFACE('',#6603,1.1);
#1572=CYLINDRICAL_SURFACE('',#6613,1.1);
#1573=CYLINDRICAL_SURFACE('',#6617,1.1);
#1574=CYLINDRICAL_SURFACE('',#6624,8.49999999999999);
#1575=CYLINDRICAL_SURFACE('',#6626,8.49999999999999);
#1576=CYLINDRICAL_SURFACE('',#6644,10.);
#1577=CYLINDRICAL_SURFACE('',#6645,10.);
#1578=CYLINDRICAL_SURFACE('',#6649,2.4);
#1579=CYLINDRICAL_SURFACE('',#6664,0.9);
#1580=CYLINDRICAL_SURFACE('',#6667,2.4);
#1581=CYLINDRICAL_SURFACE('',#6675,2.5);
#1582=CYLINDRICAL_SURFACE('',#6683,0.9);
#1583=CYLINDRICAL_SURFACE('',#6689,0.9);
#1584=CYLINDRICAL_SURFACE('',#6700,0.9);
#1585=CYLINDRICAL_SURFACE('',#6724,8.29999999999999);
#1586=CYLINDRICAL_SURFACE('',#6727,8.29999999999999);
#1587=CYLINDRICAL_SURFACE('',#6750,9.99999999999997);
#1588=CYLINDRICAL_SURFACE('',#6753,9.99999999999999);
#1589=CYLINDRICAL_SURFACE('',#6815,2.);
#1590=CYLINDRICAL_SURFACE('',#6819,2.);
#1591=CYLINDRICAL_SURFACE('',#6823,2.);
#1592=CYLINDRICAL_SURFACE('',#6827,2.);
#1593=CYLINDRICAL_SURFACE('',#6836,5.);
#1594=CYLINDRICAL_SURFACE('',#6859,5.);
#1595=CYLINDRICAL_SURFACE('',#6881,6.99999999999999);
#1596=CYLINDRICAL_SURFACE('',#6882,6.99999999999999);
#1597=CYLINDRICAL_SURFACE('',#6924,0.574359851525442);
#1598=CYLINDRICAL_SURFACE('',#6957,8.29999999999998);
#1599=CYLINDRICAL_SURFACE('',#6959,8.29999999999999);
#1600=CYLINDRICAL_SURFACE('',#6961,9.99999999999999);
#1601=CYLINDRICAL_SURFACE('',#6963,6.99999999999997);
#1602=CYLINDRICAL_SURFACE('',#6964,6.99999999999999);
#1603=CYLINDRICAL_SURFACE('',#6966,9.99999999999999);
#1604=FACE_BOUND('',#2030,.T.);
#1605=FACE_BOUND('',#2034,.T.);
#1606=FACE_BOUND('',#2046,.T.);
#1607=FACE_BOUND('',#2051,.T.);
#1608=FACE_BOUND('',#2052,.T.);
#1609=FACE_BOUND('',#2053,.T.);
#1610=FACE_BOUND('',#2054,.T.);
#1611=FACE_BOUND('',#2084,.T.);
#1612=FACE_BOUND('',#2091,.T.);
#1613=FACE_BOUND('',#2092,.T.);
#1614=FACE_BOUND('',#2120,.T.);
#1615=FACE_BOUND('',#2121,.T.);
#1616=FACE_BOUND('',#2122,.T.);
#1617=FACE_BOUND('',#2123,.T.);
#1618=FACE_BOUND('',#2124,.T.);
#1619=FACE_BOUND('',#2125,.T.);
#1620=FACE_BOUND('',#2126,.T.);
#1621=FACE_BOUND('',#2131,.T.);
#1622=FACE_BOUND('',#2155,.T.);
#1623=FACE_BOUND('',#2176,.T.);
#1624=FACE_BOUND('',#2180,.T.);
#1625=FACE_BOUND('',#2189,.T.);
#1626=FACE_BOUND('',#2201,.T.);
#1627=FACE_BOUND('',#2208,.T.);
#1628=FACE_BOUND('',#2211,.T.);
#1629=FACE_BOUND('',#2213,.T.);
#1630=FACE_BOUND('',#2217,.T.);
#1631=FACE_BOUND('',#2220,.T.);
#1632=FACE_BOUND('',#2222,.T.);
#1633=FACE_BOUND('',#2235,.T.);
#1634=FACE_BOUND('',#2249,.T.);
#1635=FACE_BOUND('',#2250,.T.);
#1636=FACE_BOUND('',#2251,.T.);
#1637=FACE_BOUND('',#2252,.T.);
#1638=FACE_BOUND('',#2253,.T.);
#1639=FACE_BOUND('',#2271,.T.);
#1640=FACE_BOUND('',#2272,.T.);
#1641=FACE_BOUND('',#2273,.T.);
#1642=FACE_BOUND('',#2274,.T.);
#1643=FACE_BOUND('',#2275,.T.);
#1644=FACE_BOUND('',#2302,.T.);
#1645=FACE_BOUND('',#2303,.T.);
#1646=FACE_BOUND('',#2304,.T.);
#1647=FACE_BOUND('',#2305,.T.);
#1648=FACE_BOUND('',#2306,.T.);
#1649=FACE_BOUND('',#2307,.T.);
#1650=FACE_BOUND('',#2331,.T.);
#1651=FACE_BOUND('',#2332,.T.);
#1652=FACE_BOUND('',#2333,.T.);
#1653=FACE_BOUND('',#2334,.T.);
#1654=FACE_BOUND('',#2335,.T.);
#1655=FACE_BOUND('',#2409,.T.);
#1656=FACE_BOUND('',#2410,.T.);
#1657=FACE_BOUND('',#2411,.T.);
#1658=FACE_BOUND('',#2412,.T.);
#1659=FACE_BOUND('',#2413,.T.);
#1660=FACE_BOUND('',#2429,.T.);
#1661=FACE_BOUND('',#2430,.T.);
#1662=FACE_BOUND('',#2431,.T.);
#1663=FACE_BOUND('',#2432,.T.);
#1664=FACE_BOUND('',#2433,.T.);
#1665=FACE_OUTER_BOUND('',#2029,.T.);
#1666=FACE_OUTER_BOUND('',#2031,.T.);
#1667=FACE_OUTER_BOUND('',#2032,.T.);
#1668=FACE_OUTER_BOUND('',#2033,.T.);
#1669=FACE_OUTER_BOUND('',#2035,.T.);
#1670=FACE_OUTER_BOUND('',#2036,.T.);
#1671=FACE_OUTER_BOUND('',#2037,.T.);
#1672=FACE_OUTER_BOUND('',#2038,.T.);
#1673=FACE_OUTER_BOUND('',#2039,.T.);
#1674=FACE_OUTER_BOUND('',#2040,.T.);
#1675=FACE_OUTER_BOUND('',#2041,.T.);
#1676=FACE_OUTER_BOUND('',#2042,.T.);
#1677=FACE_OUTER_BOUND('',#2043,.T.);
#1678=FACE_OUTER_BOUND('',#2044,.T.);
#1679=FACE_OUTER_BOUND('',#2045,.T.);
#1680=FACE_OUTER_BOUND('',#2047,.T.);
#1681=FACE_OUTER_BOUND('',#2048,.T.);
#1682=FACE_OUTER_BOUND('',#2049,.T.);
#1683=FACE_OUTER_BOUND('',#2050,.T.);
#1684=FACE_OUTER_BOUND('',#2055,.T.);
#1685=FACE_OUTER_BOUND('',#2056,.T.);
#1686=FACE_OUTER_BOUND('',#2057,.T.);
#1687=FACE_OUTER_BOUND('',#2058,.T.);
#1688=FACE_OUTER_BOUND('',#2059,.T.);
#1689=FACE_OUTER_BOUND('',#2060,.T.);
#1690=FACE_OUTER_BOUND('',#2061,.T.);
#1691=FACE_OUTER_BOUND('',#2062,.T.);
#1692=FACE_OUTER_BOUND('',#2063,.T.);
#1693=FACE_OUTER_BOUND('',#2064,.T.);
#1694=FACE_OUTER_BOUND('',#2065,.T.);
#1695=FACE_OUTER_BOUND('',#2066,.T.);
#1696=FACE_OUTER_BOUND('',#2067,.T.);
#1697=FACE_OUTER_BOUND('',#2068,.T.);
#1698=FACE_OUTER_BOUND('',#2069,.T.);
#1699=FACE_OUTER_BOUND('',#2070,.T.);
#1700=FACE_OUTER_BOUND('',#2071,.T.);
#1701=FACE_OUTER_BOUND('',#2072,.T.);
#1702=FACE_OUTER_BOUND('',#2073,.T.);
#1703=FACE_OUTER_BOUND('',#2074,.T.);
#1704=FACE_OUTER_BOUND('',#2075,.T.);
#1705=FACE_OUTER_BOUND('',#2076,.T.);
#1706=FACE_OUTER_BOUND('',#2077,.T.);
#1707=FACE_OUTER_BOUND('',#2078,.T.);
#1708=FACE_OUTER_BOUND('',#2079,.T.);
#1709=FACE_OUTER_BOUND('',#2080,.T.);
#1710=FACE_OUTER_BOUND('',#2081,.T.);
#1711=FACE_OUTER_BOUND('',#2082,.T.);
#1712=FACE_OUTER_BOUND('',#2083,.T.);
#1713=FACE_OUTER_BOUND('',#2085,.T.);
#1714=FACE_OUTER_BOUND('',#2086,.T.);
#1715=FACE_OUTER_BOUND('',#2087,.T.);
#1716=FACE_OUTER_BOUND('',#2088,.T.);
#1717=FACE_OUTER_BOUND('',#2089,.T.);
#1718=FACE_OUTER_BOUND('',#2090,.T.);
#1719=FACE_OUTER_BOUND('',#2093,.T.);
#1720=FACE_OUTER_BOUND('',#2094,.T.);
#1721=FACE_OUTER_BOUND('',#2095,.T.);
#1722=FACE_OUTER_BOUND('',#2096,.T.);
#1723=FACE_OUTER_BOUND('',#2097,.T.);
#1724=FACE_OUTER_BOUND('',#2098,.T.);
#1725=FACE_OUTER_BOUND('',#2099,.T.);
#1726=FACE_OUTER_BOUND('',#2100,.T.);
#1727=FACE_OUTER_BOUND('',#2101,.T.);
#1728=FACE_OUTER_BOUND('',#2102,.T.);
#1729=FACE_OUTER_BOUND('',#2103,.T.);
#1730=FACE_OUTER_BOUND('',#2104,.T.);
#1731=FACE_OUTER_BOUND('',#2105,.T.);
#1732=FACE_OUTER_BOUND('',#2106,.T.);
#1733=FACE_OUTER_BOUND('',#2107,.T.);
#1734=FACE_OUTER_BOUND('',#2108,.T.);
#1735=FACE_OUTER_BOUND('',#2109,.T.);
#1736=FACE_OUTER_BOUND('',#2110,.T.);
#1737=FACE_OUTER_BOUND('',#2111,.T.);
#1738=FACE_OUTER_BOUND('',#2112,.T.);
#1739=FACE_OUTER_BOUND('',#2113,.T.);
#1740=FACE_OUTER_BOUND('',#2114,.T.);
#1741=FACE_OUTER_BOUND('',#2115,.T.);
#1742=FACE_OUTER_BOUND('',#2116,.T.);
#1743=FACE_OUTER_BOUND('',#2117,.T.);
#1744=FACE_OUTER_BOUND('',#2118,.T.);
#1745=FACE_OUTER_BOUND('',#2119,.T.);
#1746=FACE_OUTER_BOUND('',#2127,.T.);
#1747=FACE_OUTER_BOUND('',#2128,.T.);
#1748=FACE_OUTER_BOUND('',#2129,.T.);
#1749=FACE_OUTER_BOUND('',#2130,.T.);
#1750=FACE_OUTER_BOUND('',#2132,.T.);
#1751=FACE_OUTER_BOUND('',#2133,.T.);
#1752=FACE_OUTER_BOUND('',#2134,.T.);
#1753=FACE_OUTER_BOUND('',#2135,.T.);
#1754=FACE_OUTER_BOUND('',#2136,.T.);
#1755=FACE_OUTER_BOUND('',#2137,.T.);
#1756=FACE_OUTER_BOUND('',#2138,.T.);
#1757=FACE_OUTER_BOUND('',#2139,.T.);
#1758=FACE_OUTER_BOUND('',#2140,.T.);
#1759=FACE_OUTER_BOUND('',#2141,.T.);
#1760=FACE_OUTER_BOUND('',#2142,.T.);
#1761=FACE_OUTER_BOUND('',#2143,.T.);
#1762=FACE_OUTER_BOUND('',#2144,.T.);
#1763=FACE_OUTER_BOUND('',#2145,.T.);
#1764=FACE_OUTER_BOUND('',#2146,.T.);
#1765=FACE_OUTER_BOUND('',#2147,.T.);
#1766=FACE_OUTER_BOUND('',#2148,.T.);
#1767=FACE_OUTER_BOUND('',#2149,.T.);
#1768=FACE_OUTER_BOUND('',#2150,.T.);
#1769=FACE_OUTER_BOUND('',#2151,.T.);
#1770=FACE_OUTER_BOUND('',#2152,.T.);
#1771=FACE_OUTER_BOUND('',#2153,.T.);
#1772=FACE_OUTER_BOUND('',#2154,.T.);
#1773=FACE_OUTER_BOUND('',#2156,.T.);
#1774=FACE_OUTER_BOUND('',#2157,.T.);
#1775=FACE_OUTER_BOUND('',#2158,.T.);
#1776=FACE_OUTER_BOUND('',#2159,.T.);
#1777=FACE_OUTER_BOUND('',#2160,.T.);
#1778=FACE_OUTER_BOUND('',#2161,.T.);
#1779=FACE_OUTER_BOUND('',#2162,.T.);
#1780=FACE_OUTER_BOUND('',#2163,.T.);
#1781=FACE_OUTER_BOUND('',#2164,.T.);
#1782=FACE_OUTER_BOUND('',#2165,.T.);
#1783=FACE_OUTER_BOUND('',#2166,.T.);
#1784=FACE_OUTER_BOUND('',#2167,.T.);
#1785=FACE_OUTER_BOUND('',#2168,.T.);
#1786=FACE_OUTER_BOUND('',#2169,.T.);
#1787=FACE_OUTER_BOUND('',#2170,.T.);
#1788=FACE_OUTER_BOUND('',#2171,.T.);
#1789=FACE_OUTER_BOUND('',#2172,.T.);
#1790=FACE_OUTER_BOUND('',#2173,.T.);
#1791=FACE_OUTER_BOUND('',#2174,.T.);
#1792=FACE_OUTER_BOUND('',#2175,.T.);
#1793=FACE_OUTER_BOUND('',#2177,.T.);
#1794=FACE_OUTER_BOUND('',#2178,.T.);
#1795=FACE_OUTER_BOUND('',#2179,.T.);
#1796=FACE_OUTER_BOUND('',#2181,.T.);
#1797=FACE_OUTER_BOUND('',#2182,.T.);
#1798=FACE_OUTER_BOUND('',#2183,.T.);
#1799=FACE_OUTER_BOUND('',#2184,.T.);
#1800=FACE_OUTER_BOUND('',#2185,.T.);
#1801=FACE_OUTER_BOUND('',#2186,.T.);
#1802=FACE_OUTER_BOUND('',#2187,.T.);
#1803=FACE_OUTER_BOUND('',#2188,.T.);
#1804=FACE_OUTER_BOUND('',#2190,.T.);
#1805=FACE_OUTER_BOUND('',#2191,.T.);
#1806=FACE_OUTER_BOUND('',#2192,.T.);
#1807=FACE_OUTER_BOUND('',#2193,.T.);
#1808=FACE_OUTER_BOUND('',#2194,.T.);
#1809=FACE_OUTER_BOUND('',#2195,.T.);
#1810=FACE_OUTER_BOUND('',#2196,.T.);
#1811=FACE_OUTER_BOUND('',#2197,.T.);
#1812=FACE_OUTER_BOUND('',#2198,.T.);
#1813=FACE_OUTER_BOUND('',#2199,.T.);
#1814=FACE_OUTER_BOUND('',#2200,.T.);
#1815=FACE_OUTER_BOUND('',#2202,.T.);
#1816=FACE_OUTER_BOUND('',#2203,.T.);
#1817=FACE_OUTER_BOUND('',#2204,.T.);
#1818=FACE_OUTER_BOUND('',#2205,.T.);
#1819=FACE_OUTER_BOUND('',#2206,.T.);
#1820=FACE_OUTER_BOUND('',#2207,.T.);
#1821=FACE_OUTER_BOUND('',#2209,.T.);
#1822=FACE_OUTER_BOUND('',#2210,.T.);
#1823=FACE_OUTER_BOUND('',#2212,.T.);
#1824=FACE_OUTER_BOUND('',#2214,.T.);
#1825=FACE_OUTER_BOUND('',#2215,.T.);
#1826=FACE_OUTER_BOUND('',#2216,.T.);
#1827=FACE_OUTER_BOUND('',#2218,.T.);
#1828=FACE_OUTER_BOUND('',#2219,.T.);
#1829=FACE_OUTER_BOUND('',#2221,.T.);
#1830=FACE_OUTER_BOUND('',#2223,.T.);
#1831=FACE_OUTER_BOUND('',#2224,.T.);
#1832=FACE_OUTER_BOUND('',#2225,.T.);
#1833=FACE_OUTER_BOUND('',#2226,.T.);
#1834=FACE_OUTER_BOUND('',#2227,.T.);
#1835=FACE_OUTER_BOUND('',#2228,.T.);
#1836=FACE_OUTER_BOUND('',#2229,.T.);
#1837=FACE_OUTER_BOUND('',#2230,.T.);
#1838=FACE_OUTER_BOUND('',#2231,.T.);
#1839=FACE_OUTER_BOUND('',#2232,.T.);
#1840=FACE_OUTER_BOUND('',#2233,.T.);
#1841=FACE_OUTER_BOUND('',#2234,.T.);
#1842=FACE_OUTER_BOUND('',#2236,.T.);
#1843=FACE_OUTER_BOUND('',#2237,.T.);
#1844=FACE_OUTER_BOUND('',#2238,.T.);
#1845=FACE_OUTER_BOUND('',#2239,.T.);
#1846=FACE_OUTER_BOUND('',#2240,.T.);
#1847=FACE_OUTER_BOUND('',#2241,.T.);
#1848=FACE_OUTER_BOUND('',#2242,.T.);
#1849=FACE_OUTER_BOUND('',#2243,.T.);
#1850=FACE_OUTER_BOUND('',#2244,.T.);
#1851=FACE_OUTER_BOUND('',#2245,.T.);
#1852=FACE_OUTER_BOUND('',#2246,.T.);
#1853=FACE_OUTER_BOUND('',#2247,.T.);
#1854=FACE_OUTER_BOUND('',#2248,.T.);
#1855=FACE_OUTER_BOUND('',#2254,.T.);
#1856=FACE_OUTER_BOUND('',#2255,.T.);
#1857=FACE_OUTER_BOUND('',#2256,.T.);
#1858=FACE_OUTER_BOUND('',#2257,.T.);
#1859=FACE_OUTER_BOUND('',#2258,.T.);
#1860=FACE_OUTER_BOUND('',#2259,.T.);
#1861=FACE_OUTER_BOUND('',#2260,.T.);
#1862=FACE_OUTER_BOUND('',#2261,.T.);
#1863=FACE_OUTER_BOUND('',#2262,.T.);
#1864=FACE_OUTER_BOUND('',#2263,.T.);
#1865=FACE_OUTER_BOUND('',#2264,.T.);
#1866=FACE_OUTER_BOUND('',#2265,.T.);
#1867=FACE_OUTER_BOUND('',#2266,.T.);
#1868=FACE_OUTER_BOUND('',#2267,.T.);
#1869=FACE_OUTER_BOUND('',#2268,.T.);
#1870=FACE_OUTER_BOUND('',#2269,.T.);
#1871=FACE_OUTER_BOUND('',#2270,.T.);
#1872=FACE_OUTER_BOUND('',#2276,.T.);
#1873=FACE_OUTER_BOUND('',#2277,.T.);
#1874=FACE_OUTER_BOUND('',#2278,.T.);
#1875=FACE_OUTER_BOUND('',#2279,.T.);
#1876=FACE_OUTER_BOUND('',#2280,.T.);
#1877=FACE_OUTER_BOUND('',#2281,.T.);
#1878=FACE_OUTER_BOUND('',#2282,.T.);
#1879=FACE_OUTER_BOUND('',#2283,.T.);
#1880=FACE_OUTER_BOUND('',#2284,.T.);
#1881=FACE_OUTER_BOUND('',#2285,.T.);
#1882=FACE_OUTER_BOUND('',#2286,.T.);
#1883=FACE_OUTER_BOUND('',#2287,.T.);
#1884=FACE_OUTER_BOUND('',#2288,.T.);
#1885=FACE_OUTER_BOUND('',#2289,.T.);
#1886=FACE_OUTER_BOUND('',#2290,.T.);
#1887=FACE_OUTER_BOUND('',#2291,.T.);
#1888=FACE_OUTER_BOUND('',#2292,.T.);
#1889=FACE_OUTER_BOUND('',#2293,.T.);
#1890=FACE_OUTER_BOUND('',#2294,.T.);
#1891=FACE_OUTER_BOUND('',#2295,.T.);
#1892=FACE_OUTER_BOUND('',#2296,.T.);
#1893=FACE_OUTER_BOUND('',#2297,.T.);
#1894=FACE_OUTER_BOUND('',#2298,.T.);
#1895=FACE_OUTER_BOUND('',#2299,.T.);
#1896=FACE_OUTER_BOUND('',#2300,.T.);
#1897=FACE_OUTER_BOUND('',#2301,.T.);
#1898=FACE_OUTER_BOUND('',#2308,.T.);
#1899=FACE_OUTER_BOUND('',#2309,.T.);
#1900=FACE_OUTER_BOUND('',#2310,.T.);
#1901=FACE_OUTER_BOUND('',#2311,.T.);
#1902=FACE_OUTER_BOUND('',#2312,.T.);
#1903=FACE_OUTER_BOUND('',#2313,.T.);
#1904=FACE_OUTER_BOUND('',#2314,.T.);
#1905=FACE_OUTER_BOUND('',#2315,.T.);
#1906=FACE_OUTER_BOUND('',#2316,.T.);
#1907=FACE_OUTER_BOUND('',#2317,.T.);
#1908=FACE_OUTER_BOUND('',#2318,.T.);
#1909=FACE_OUTER_BOUND('',#2319,.T.);
#1910=FACE_OUTER_BOUND('',#2320,.T.);
#1911=FACE_OUTER_BOUND('',#2321,.T.);
#1912=FACE_OUTER_BOUND('',#2322,.T.);
#1913=FACE_OUTER_BOUND('',#2323,.T.);
#1914=FACE_OUTER_BOUND('',#2324,.T.);
#1915=FACE_OUTER_BOUND('',#2325,.T.);
#1916=FACE_OUTER_BOUND('',#2326,.T.);
#1917=FACE_OUTER_BOUND('',#2327,.T.);
#1918=FACE_OUTER_BOUND('',#2328,.T.);
#1919=FACE_OUTER_BOUND('',#2329,.T.);
#1920=FACE_OUTER_BOUND('',#2330,.T.);
#1921=FACE_OUTER_BOUND('',#2336,.T.);
#1922=FACE_OUTER_BOUND('',#2337,.T.);
#1923=FACE_OUTER_BOUND('',#2338,.T.);
#1924=FACE_OUTER_BOUND('',#2339,.T.);
#1925=FACE_OUTER_BOUND('',#2340,.T.);
#1926=FACE_OUTER_BOUND('',#2341,.T.);
#1927=FACE_OUTER_BOUND('',#2342,.T.);
#1928=FACE_OUTER_BOUND('',#2343,.T.);
#1929=FACE_OUTER_BOUND('',#2344,.T.);
#1930=FACE_OUTER_BOUND('',#2345,.T.);
#1931=FACE_OUTER_BOUND('',#2346,.T.);
#1932=FACE_OUTER_BOUND('',#2347,.T.);
#1933=FACE_OUTER_BOUND('',#2348,.T.);
#1934=FACE_OUTER_BOUND('',#2349,.T.);
#1935=FACE_OUTER_BOUND('',#2350,.T.);
#1936=FACE_OUTER_BOUND('',#2351,.T.);
#1937=FACE_OUTER_BOUND('',#2352,.T.);
#1938=FACE_OUTER_BOUND('',#2353,.T.);
#1939=FACE_OUTER_BOUND('',#2354,.T.);
#1940=FACE_OUTER_BOUND('',#2355,.T.);
#1941=FACE_OUTER_BOUND('',#2356,.T.);
#1942=FACE_OUTER_BOUND('',#2357,.T.);
#1943=FACE_OUTER_BOUND('',#2358,.T.);
#1944=FACE_OUTER_BOUND('',#2359,.T.);
#1945=FACE_OUTER_BOUND('',#2360,.T.);
#1946=FACE_OUTER_BOUND('',#2361,.T.);
#1947=FACE_OUTER_BOUND('',#2362,.T.);
#1948=FACE_OUTER_BOUND('',#2363,.T.);
#1949=FACE_OUTER_BOUND('',#2364,.T.);
#1950=FACE_OUTER_BOUND('',#2365,.T.);
#1951=FACE_OUTER_BOUND('',#2366,.T.);
#1952=FACE_OUTER_BOUND('',#2367,.T.);
#1953=FACE_OUTER_BOUND('',#2368,.T.);
#1954=FACE_OUTER_BOUND('',#2369,.T.);
#1955=FACE_OUTER_BOUND('',#2370,.T.);
#1956=FACE_OUTER_BOUND('',#2371,.T.);
#1957=FACE_OUTER_BOUND('',#2372,.T.);
#1958=FACE_OUTER_BOUND('',#2373,.T.);
#1959=FACE_OUTER_BOUND('',#2374,.T.);
#1960=FACE_OUTER_BOUND('',#2375,.T.);
#1961=FACE_OUTER_BOUND('',#2376,.T.);
#1962=FACE_OUTER_BOUND('',#2377,.T.);
#1963=FACE_OUTER_BOUND('',#2378,.T.);
#1964=FACE_OUTER_BOUND('',#2379,.T.);
#1965=FACE_OUTER_BOUND('',#2380,.T.);
#1966=FACE_OUTER_BOUND('',#2381,.T.);
#1967=FACE_OUTER_BOUND('',#2382,.T.);
#1968=FACE_OUTER_BOUND('',#2383,.T.);
#1969=FACE_OUTER_BOUND('',#2384,.T.);
#1970=FACE_OUTER_BOUND('',#2385,.T.);
#1971=FACE_OUTER_BOUND('',#2386,.T.);
#1972=FACE_OUTER_BOUND('',#2387,.T.);
#1973=FACE_OUTER_BOUND('',#2388,.T.);
#1974=FACE_OUTER_BOUND('',#2389,.T.);
#1975=FACE_OUTER_BOUND('',#2390,.T.);
#1976=FACE_OUTER_BOUND('',#2391,.T.);
#1977=FACE_OUTER_BOUND('',#2392,.T.);
#1978=FACE_OUTER_BOUND('',#2393,.T.);
#1979=FACE_OUTER_BOUND('',#2394,.T.);
#1980=FACE_OUTER_BOUND('',#2395,.T.);
#1981=FACE_OUTER_BOUND('',#2396,.T.);
#1982=FACE_OUTER_BOUND('',#2397,.T.);
#1983=FACE_OUTER_BOUND('',#2398,.T.);
#1984=FACE_OUTER_BOUND('',#2399,.T.);
#1985=FACE_OUTER_BOUND('',#2400,.T.);
#1986=FACE_OUTER_BOUND('',#2401,.T.);
#1987=FACE_OUTER_BOUND('',#2402,.T.);
#1988=FACE_OUTER_BOUND('',#2403,.T.);
#1989=FACE_OUTER_BOUND('',#2404,.T.);
#1990=FACE_OUTER_BOUND('',#2405,.T.);
#1991=FACE_OUTER_BOUND('',#2406,.T.);
#1992=FACE_OUTER_BOUND('',#2407,.T.);
#1993=FACE_OUTER_BOUND('',#2408,.T.);
#1994=FACE_OUTER_BOUND('',#2414,.T.);
#1995=FACE_OUTER_BOUND('',#2415,.T.);
#1996=FACE_OUTER_BOUND('',#2416,.T.);
#1997=FACE_OUTER_BOUND('',#2417,.T.);
#1998=FACE_OUTER_BOUND('',#2418,.T.);
#1999=FACE_OUTER_BOUND('',#2419,.T.);
#2000=FACE_OUTER_BOUND('',#2420,.T.);
#2001=FACE_OUTER_BOUND('',#2421,.T.);
#2002=FACE_OUTER_BOUND('',#2422,.T.);
#2003=FACE_OUTER_BOUND('',#2423,.T.);
#2004=FACE_OUTER_BOUND('',#2424,.T.);
#2005=FACE_OUTER_BOUND('',#2425,.T.);
#2006=FACE_OUTER_BOUND('',#2426,.T.);
#2007=FACE_OUTER_BOUND('',#2427,.T.);
#2008=FACE_OUTER_BOUND('',#2428,.T.);
#2009=FACE_OUTER_BOUND('',#2434,.T.);
#2010=FACE_OUTER_BOUND('',#2435,.T.);
#2011=FACE_OUTER_BOUND('',#2436,.T.);
#2012=FACE_OUTER_BOUND('',#2437,.T.);
#2013=FACE_OUTER_BOUND('',#2438,.T.);
#2014=FACE_OUTER_BOUND('',#2439,.T.);
#2015=FACE_OUTER_BOUND('',#2440,.T.);
#2016=FACE_OUTER_BOUND('',#2441,.T.);
#2017=FACE_OUTER_BOUND('',#2442,.T.);
#2018=FACE_OUTER_BOUND('',#2443,.T.);
#2019=FACE_OUTER_BOUND('',#2444,.T.);
#2020=FACE_OUTER_BOUND('',#2445,.T.);
#2021=FACE_OUTER_BOUND('',#2446,.T.);
#2022=FACE_OUTER_BOUND('',#2447,.T.);
#2023=FACE_OUTER_BOUND('',#2448,.T.);
#2024=FACE_OUTER_BOUND('',#2449,.T.);
#2025=FACE_OUTER_BOUND('',#2450,.T.);
#2026=FACE_OUTER_BOUND('',#2451,.T.);
#2027=FACE_OUTER_BOUND('',#2452,.T.);
#2028=FACE_OUTER_BOUND('',#2453,.T.);
#2029=EDGE_LOOP('',(#4028));
#2030=EDGE_LOOP('',(#4029));
#2031=EDGE_LOOP('',(#4030,#4031,#4032,#4033));
#2032=EDGE_LOOP('',(#4034,#4035,#4036,#4037));
#2033=EDGE_LOOP('',(#4038));
#2034=EDGE_LOOP('',(#4039));
#2035=EDGE_LOOP('',(#4040,#4041,#4042,#4043));
#2036=EDGE_LOOP('',(#4044,#4045,#4046,#4047));
#2037=EDGE_LOOP('',(#4048,#4049,#4050,#4051));
#2038=EDGE_LOOP('',(#4052,#4053,#4054,#4055));
#2039=EDGE_LOOP('',(#4056,#4057,#4058,#4059));
#2040=EDGE_LOOP('',(#4060,#4061,#4062,#4063));
#2041=EDGE_LOOP('',(#4064,#4065,#4066,#4067));
#2042=EDGE_LOOP('',(#4068,#4069,#4070,#4071));
#2043=EDGE_LOOP('',(#4072,#4073,#4074,#4075));
#2044=EDGE_LOOP('',(#4076,#4077,#4078,#4079));
#2045=EDGE_LOOP('',(#4080,#4081,#4082,#4083,#4084,#4085,#4086,#4087));
#2046=EDGE_LOOP('',(#4088));
#2047=EDGE_LOOP('',(#4089,#4090,#4091,#4092));
#2048=EDGE_LOOP('',(#4093,#4094,#4095,#4096));
#2049=EDGE_LOOP('',(#4097,#4098,#4099,#4100));
#2050=EDGE_LOOP('',(#4101,#4102,#4103,#4104,#4105,#4106,#4107,#4108));
#2051=EDGE_LOOP('',(#4109,#4110,#4111,#4112));
#2052=EDGE_LOOP('',(#4113));
#2053=EDGE_LOOP('',(#4114));
#2054=EDGE_LOOP('',(#4115));
#2055=EDGE_LOOP('',(#4116,#4117,#4118,#4119));
#2056=EDGE_LOOP('',(#4120,#4121,#4122,#4123));
#2057=EDGE_LOOP('',(#4124,#4125,#4126,#4127));
#2058=EDGE_LOOP('',(#4128,#4129,#4130,#4131));
#2059=EDGE_LOOP('',(#4132,#4133,#4134,#4135));
#2060=EDGE_LOOP('',(#4136,#4137,#4138,#4139));
#2061=EDGE_LOOP('',(#4140,#4141,#4142,#4143));
#2062=EDGE_LOOP('',(#4144,#4145,#4146,#4147));
#2063=EDGE_LOOP('',(#4148,#4149,#4150,#4151));
#2064=EDGE_LOOP('',(#4152,#4153,#4154,#4155));
#2065=EDGE_LOOP('',(#4156,#4157,#4158,#4159));
#2066=EDGE_LOOP('',(#4160,#4161,#4162,#4163));
#2067=EDGE_LOOP('',(#4164,#4165,#4166,#4167));
#2068=EDGE_LOOP('',(#4168,#4169,#4170,#4171));
#2069=EDGE_LOOP('',(#4172,#4173,#4174,#4175));
#2070=EDGE_LOOP('',(#4176,#4177,#4178,#4179));
#2071=EDGE_LOOP('',(#4180,#4181,#4182,#4183));
#2072=EDGE_LOOP('',(#4184,#4185,#4186,#4187));
#2073=EDGE_LOOP('',(#4188,#4189,#4190,#4191));
#2074=EDGE_LOOP('',(#4192,#4193,#4194,#4195));
#2075=EDGE_LOOP('',(#4196,#4197,#4198,#4199));
#2076=EDGE_LOOP('',(#4200,#4201,#4202,#4203));
#2077=EDGE_LOOP('',(#4204,#4205,#4206,#4207));
#2078=EDGE_LOOP('',(#4208,#4209,#4210,#4211));
#2079=EDGE_LOOP('',(#4212,#4213,#4214,#4215,#4216,#4217,#4218,#4219,#4220,
#4221,#4222,#4223));
#2080=EDGE_LOOP('',(#4224,#4225,#4226,#4227));
#2081=EDGE_LOOP('',(#4228,#4229,#4230,#4231));
#2082=EDGE_LOOP('',(#4232,#4233,#4234,#4235));
#2083=EDGE_LOOP('',(#4236,#4237,#4238,#4239,#4240,#4241,#4242,#4243));
#2084=EDGE_LOOP('',(#4244));
#2085=EDGE_LOOP('',(#4245,#4246,#4247,#4248));
#2086=EDGE_LOOP('',(#4249,#4250,#4251,#4252));
#2087=EDGE_LOOP('',(#4253,#4254,#4255,#4256));
#2088=EDGE_LOOP('',(#4257,#4258,#4259,#4260,#4261));
#2089=EDGE_LOOP('',(#4262,#4263,#4264,#4265,#4266));
#2090=EDGE_LOOP('',(#4267,#4268,#4269,#4270,#4271,#4272,#4273,#4274,#4275,
#4276,#4277,#4278,#4279,#4280));
#2091=EDGE_LOOP('',(#4281));
#2092=EDGE_LOOP('',(#4282));
#2093=EDGE_LOOP('',(#4283,#4284,#4285,#4286));
#2094=EDGE_LOOP('',(#4287,#4288,#4289,#4290));
#2095=EDGE_LOOP('',(#4291,#4292,#4293,#4294,#4295));
#2096=EDGE_LOOP('',(#4296,#4297,#4298,#4299,#4300));
#2097=EDGE_LOOP('',(#4301,#4302,#4303));
#2098=EDGE_LOOP('',(#4304,#4305,#4306,#4307));
#2099=EDGE_LOOP('',(#4308,#4309,#4310,#4311));
#2100=EDGE_LOOP('',(#4312,#4313,#4314,#4315));
#2101=EDGE_LOOP('',(#4316,#4317,#4318,#4319));
#2102=EDGE_LOOP('',(#4320,#4321,#4322,#4323));
#2103=EDGE_LOOP('',(#4324,#4325,#4326,#4327));
#2104=EDGE_LOOP('',(#4328,#4329,#4330));
#2105=EDGE_LOOP('',(#4331,#4332,#4333,#4334));
#2106=EDGE_LOOP('',(#4335,#4336,#4337,#4338));
#2107=EDGE_LOOP('',(#4339,#4340,#4341,#4342));
#2108=EDGE_LOOP('',(#4343,#4344,#4345,#4346));
#2109=EDGE_LOOP('',(#4347,#4348,#4349,#4350));
#2110=EDGE_LOOP('',(#4351,#4352,#4353,#4354));
#2111=EDGE_LOOP('',(#4355,#4356,#4357,#4358));
#2112=EDGE_LOOP('',(#4359,#4360,#4361,#4362));
#2113=EDGE_LOOP('',(#4363,#4364,#4365,#4366));
#2114=EDGE_LOOP('',(#4367,#4368,#4369,#4370));
#2115=EDGE_LOOP('',(#4371,#4372,#4373,#4374));
#2116=EDGE_LOOP('',(#4375,#4376,#4377,#4378));
#2117=EDGE_LOOP('',(#4379,#4380,#4381,#4382));
#2118=EDGE_LOOP('',(#4383,#4384,#4385,#4386));
#2119=EDGE_LOOP('',(#4387,#4388,#4389,#4390,#4391,#4392,#4393,#4394));
#2120=EDGE_LOOP('',(#4395));
#2121=EDGE_LOOP('',(#4396));
#2122=EDGE_LOOP('',(#4397));
#2123=EDGE_LOOP('',(#4398));
#2124=EDGE_LOOP('',(#4399,#4400,#4401,#4402));
#2125=EDGE_LOOP('',(#4403,#4404,#4405,#4406));
#2126=EDGE_LOOP('',(#4407,#4408,#4409,#4410,#4411,#4412,#4413,#4414,#4415,
#4416,#4417,#4418));
#2127=EDGE_LOOP('',(#4419,#4420,#4421,#4422));
#2128=EDGE_LOOP('',(#4423,#4424,#4425,#4426));
#2129=EDGE_LOOP('',(#4427,#4428,#4429,#4430));
#2130=EDGE_LOOP('',(#4431,#4432,#4433,#4434));
#2131=EDGE_LOOP('',(#4435));
#2132=EDGE_LOOP('',(#4436,#4437,#4438,#4439));
#2133=EDGE_LOOP('',(#4440,#4441,#4442,#4443));
#2134=EDGE_LOOP('',(#4444,#4445,#4446,#4447));
#2135=EDGE_LOOP('',(#4448,#4449,#4450,#4451));
#2136=EDGE_LOOP('',(#4452,#4453,#4454,#4455));
#2137=EDGE_LOOP('',(#4456,#4457,#4458,#4459));
#2138=EDGE_LOOP('',(#4460,#4461,#4462,#4463));
#2139=EDGE_LOOP('',(#4464,#4465,#4466,#4467));
#2140=EDGE_LOOP('',(#4468,#4469,#4470,#4471));
#2141=EDGE_LOOP('',(#4472,#4473,#4474,#4475));
#2142=EDGE_LOOP('',(#4476,#4477,#4478,#4479));
#2143=EDGE_LOOP('',(#4480,#4481,#4482,#4483));
#2144=EDGE_LOOP('',(#4484,#4485,#4486,#4487));
#2145=EDGE_LOOP('',(#4488,#4489,#4490,#4491));
#2146=EDGE_LOOP('',(#4492,#4493,#4494,#4495));
#2147=EDGE_LOOP('',(#4496,#4497,#4498,#4499));
#2148=EDGE_LOOP('',(#4500,#4501,#4502,#4503));
#2149=EDGE_LOOP('',(#4504,#4505,#4506,#4507));
#2150=EDGE_LOOP('',(#4508,#4509,#4510,#4511,#4512,#4513,#4514,#4515,#4516,
#4517,#4518,#4519));
#2151=EDGE_LOOP('',(#4520,#4521,#4522,#4523));
#2152=EDGE_LOOP('',(#4524,#4525,#4526,#4527));
#2153=EDGE_LOOP('',(#4528,#4529,#4530,#4531));
#2154=EDGE_LOOP('',(#4532,#4533,#4534,#4535,#4536,#4537,#4538,#4539));
#2155=EDGE_LOOP('',(#4540));
#2156=EDGE_LOOP('',(#4541,#4542,#4543,#4544));
#2157=EDGE_LOOP('',(#4545,#4546,#4547,#4548));
#2158=EDGE_LOOP('',(#4549,#4550,#4551,#4552));
#2159=EDGE_LOOP('',(#4553,#4554,#4555,#4556));
#2160=EDGE_LOOP('',(#4557,#4558,#4559,#4560));
#2161=EDGE_LOOP('',(#4561,#4562,#4563,#4564));
#2162=EDGE_LOOP('',(#4565,#4566,#4567,#4568));
#2163=EDGE_LOOP('',(#4569,#4570,#4571,#4572));
#2164=EDGE_LOOP('',(#4573,#4574,#4575,#4576));
#2165=EDGE_LOOP('',(#4577));
#2166=EDGE_LOOP('',(#4578));
#2167=EDGE_LOOP('',(#4579));
#2168=EDGE_LOOP('',(#4580));
#2169=EDGE_LOOP('',(#4581,#4582,#4583,#4584));
#2170=EDGE_LOOP('',(#4585,#4586,#4587,#4588));
#2171=EDGE_LOOP('',(#4589,#4590,#4591,#4592));
#2172=EDGE_LOOP('',(#4593,#4594,#4595,#4596));
#2173=EDGE_LOOP('',(#4597,#4598,#4599,#4600));
#2174=EDGE_LOOP('',(#4601,#4602,#4603,#4604));
#2175=EDGE_LOOP('',(#4605,#4606,#4607,#4608));
#2176=EDGE_LOOP('',(#4609,#4610,#4611,#4612));
#2177=EDGE_LOOP('',(#4613,#4614,#4615,#4616));
#2178=EDGE_LOOP('',(#4617,#4618,#4619,#4620));
#2179=EDGE_LOOP('',(#4621,#4622,#4623,#4624,#4625,#4626,#4627,#4628));
#2180=EDGE_LOOP('',(#4629));
#2181=EDGE_LOOP('',(#4630,#4631,#4632,#4633));
#2182=EDGE_LOOP('',(#4634,#4635,#4636,#4637));
#2183=EDGE_LOOP('',(#4638,#4639,#4640,#4641));
#2184=EDGE_LOOP('',(#4642,#4643,#4644,#4645));
#2185=EDGE_LOOP('',(#4646,#4647,#4648,#4649,#4650));
#2186=EDGE_LOOP('',(#4651,#4652,#4653,#4654));
#2187=EDGE_LOOP('',(#4655,#4656,#4657,#4658));
#2188=EDGE_LOOP('',(#4659,#4660,#4661,#4662));
#2189=EDGE_LOOP('',(#4663));
#2190=EDGE_LOOP('',(#4664,#4665,#4666,#4667,#4668));
#2191=EDGE_LOOP('',(#4669,#4670,#4671,#4672,#4673));
#2192=EDGE_LOOP('',(#4674,#4675,#4676));
#2193=EDGE_LOOP('',(#4677,#4678,#4679,#4680));
#2194=EDGE_LOOP('',(#4681,#4682,#4683,#4684));
#2195=EDGE_LOOP('',(#4685,#4686,#4687,#4688));
#2196=EDGE_LOOP('',(#4689,#4690,#4691,#4692));
#2197=EDGE_LOOP('',(#4693,#4694,#4695,#4696));
#2198=EDGE_LOOP('',(#4697,#4698,#4699,#4700));
#2199=EDGE_LOOP('',(#4701,#4702,#4703,#4704));
#2200=EDGE_LOOP('',(#4705,#4706,#4707,#4708));
#2201=EDGE_LOOP('',(#4709));
#2202=EDGE_LOOP('',(#4710,#4711,#4712,#4713,#4714));
#2203=EDGE_LOOP('',(#4715,#4716,#4717,#4718,#4719));
#2204=EDGE_LOOP('',(#4720,#4721,#4722));
#2205=EDGE_LOOP('',(#4723,#4724,#4725,#4726));
#2206=EDGE_LOOP('',(#4727,#4728,#4729,#4730));
#2207=EDGE_LOOP('',(#4731,#4732,#4733,#4734,#4735,#4736,#4737,#4738));
#2208=EDGE_LOOP('',(#4739));
#2209=EDGE_LOOP('',(#4740,#4741,#4742,#4743));
#2210=EDGE_LOOP('',(#4744));
#2211=EDGE_LOOP('',(#4745));
#2212=EDGE_LOOP('',(#4746,#4747,#4748,#4749,#4750,#4751,#4752));
#2213=EDGE_LOOP('',(#4753));
#2214=EDGE_LOOP('',(#4754,#4755,#4756,#4757));
#2215=EDGE_LOOP('',(#4758,#4759,#4760,#4761));
#2216=EDGE_LOOP('',(#4762,#4763,#4764,#4765,#4766,#4767,#4768,#4769));
#2217=EDGE_LOOP('',(#4770));
#2218=EDGE_LOOP('',(#4771,#4772,#4773,#4774));
#2219=EDGE_LOOP('',(#4775));
#2220=EDGE_LOOP('',(#4776));
#2221=EDGE_LOOP('',(#4777,#4778,#4779,#4780));
#2222=EDGE_LOOP('',(#4781));
#2223=EDGE_LOOP('',(#4782,#4783,#4784,#4785));
#2224=EDGE_LOOP('',(#4786,#4787,#4788,#4789));
#2225=EDGE_LOOP('',(#4790,#4791,#4792,#4793));
#2226=EDGE_LOOP('',(#4794,#4795,#4796,#4797));
#2227=EDGE_LOOP('',(#4798,#4799,#4800,#4801));
#2228=EDGE_LOOP('',(#4802,#4803,#4804,#4805));
#2229=EDGE_LOOP('',(#4806,#4807,#4808,#4809));
#2230=EDGE_LOOP('',(#4810,#4811,#4812,#4813));
#2231=EDGE_LOOP('',(#4814,#4815,#4816,#4817));
#2232=EDGE_LOOP('',(#4818,#4819,#4820,#4821));
#2233=EDGE_LOOP('',(#4822,#4823,#4824,#4825));
#2234=EDGE_LOOP('',(#4826,#4827,#4828,#4829,#4830,#4831,#4832,#4833));
#2235=EDGE_LOOP('',(#4834,#4835,#4836,#4837,#4838,#4839,#4840,#4841));
#2236=EDGE_LOOP('',(#4842,#4843,#4844,#4845));
#2237=EDGE_LOOP('',(#4846,#4847,#4848,#4849));
#2238=EDGE_LOOP('',(#4850,#4851,#4852,#4853));
#2239=EDGE_LOOP('',(#4854,#4855,#4856,#4857));
#2240=EDGE_LOOP('',(#4858,#4859,#4860,#4861));
#2241=EDGE_LOOP('',(#4862,#4863,#4864,#4865));
#2242=EDGE_LOOP('',(#4866,#4867,#4868,#4869));
#2243=EDGE_LOOP('',(#4870,#4871,#4872,#4873));
#2244=EDGE_LOOP('',(#4874,#4875,#4876,#4877));
#2245=EDGE_LOOP('',(#4878,#4879,#4880,#4881,#4882,#4883,#4884,#4885));
#2246=EDGE_LOOP('',(#4886,#4887,#4888,#4889));
#2247=EDGE_LOOP('',(#4890,#4891,#4892,#4893));
#2248=EDGE_LOOP('',(#4894,#4895,#4896,#4897,#4898,#4899,#4900,#4901));
#2249=EDGE_LOOP('',(#4902));
#2250=EDGE_LOOP('',(#4903));
#2251=EDGE_LOOP('',(#4904,#4905,#4906,#4907));
#2252=EDGE_LOOP('',(#4908));
#2253=EDGE_LOOP('',(#4909));
#2254=EDGE_LOOP('',(#4910,#4911,#4912,#4913));
#2255=EDGE_LOOP('',(#4914,#4915,#4916,#4917));
#2256=EDGE_LOOP('',(#4918,#4919,#4920));
#2257=EDGE_LOOP('',(#4921,#4922,#4923,#4924));
#2258=EDGE_LOOP('',(#4925,#4926,#4927));
#2259=EDGE_LOOP('',(#4928,#4929,#4930,#4931));
#2260=EDGE_LOOP('',(#4932,#4933,#4934,#4935));
#2261=EDGE_LOOP('',(#4936,#4937,#4938));
#2262=EDGE_LOOP('',(#4939,#4940,#4941,#4942));
#2263=EDGE_LOOP('',(#4943,#4944,#4945,#4946));
#2264=EDGE_LOOP('',(#4947,#4948,#4949,#4950));
#2265=EDGE_LOOP('',(#4951,#4952,#4953,#4954));
#2266=EDGE_LOOP('',(#4955,#4956,#4957,#4958));
#2267=EDGE_LOOP('',(#4959,#4960,#4961,#4962,#4963,#4964,#4965,#4966,#4967,
#4968));
#2268=EDGE_LOOP('',(#4969,#4970,#4971,#4972));
#2269=EDGE_LOOP('',(#4973,#4974,#4975,#4976));
#2270=EDGE_LOOP('',(#4977,#4978,#4979,#4980,#4981,#4982,#4983,#4984,#4985,
#4986,#4987));
#2271=EDGE_LOOP('',(#4988,#4989,#4990,#4991));
#2272=EDGE_LOOP('',(#4992,#4993,#4994,#4995));
#2273=EDGE_LOOP('',(#4996,#4997,#4998,#4999));
#2274=EDGE_LOOP('',(#5000,#5001,#5002,#5003));
#2275=EDGE_LOOP('',(#5004,#5005,#5006,#5007));
#2276=EDGE_LOOP('',(#5008,#5009,#5010,#5011));
#2277=EDGE_LOOP('',(#5012,#5013,#5014,#5015));
#2278=EDGE_LOOP('',(#5016,#5017,#5018));
#2279=EDGE_LOOP('',(#5019,#5020,#5021,#5022));
#2280=EDGE_LOOP('',(#5023,#5024,#5025));
#2281=EDGE_LOOP('',(#5026,#5027,#5028,#5029));
#2282=EDGE_LOOP('',(#5030,#5031,#5032,#5033));
#2283=EDGE_LOOP('',(#5034,#5035,#5036,#5037));
#2284=EDGE_LOOP('',(#5038,#5039,#5040,#5041));
#2285=EDGE_LOOP('',(#5042,#5043,#5044,#5045));
#2286=EDGE_LOOP('',(#5046,#5047,#5048,#5049));
#2287=EDGE_LOOP('',(#5050,#5051,#5052));
#2288=EDGE_LOOP('',(#5053,#5054,#5055,#5056));
#2289=EDGE_LOOP('',(#5057,#5058,#5059,#5060));
#2290=EDGE_LOOP('',(#5061,#5062,#5063,#5064));
#2291=EDGE_LOOP('',(#5065,#5066,#5067,#5068));
#2292=EDGE_LOOP('',(#5069,#5070,#5071,#5072));
#2293=EDGE_LOOP('',(#5073,#5074,#5075,#5076));
#2294=EDGE_LOOP('',(#5077,#5078,#5079,#5080));
#2295=EDGE_LOOP('',(#5081,#5082,#5083,#5084));
#2296=EDGE_LOOP('',(#5085,#5086,#5087,#5088));
#2297=EDGE_LOOP('',(#5089,#5090,#5091,#5092));
#2298=EDGE_LOOP('',(#5093,#5094,#5095,#5096));
#2299=EDGE_LOOP('',(#5097,#5098,#5099,#5100));
#2300=EDGE_LOOP('',(#5101,#5102,#5103,#5104,#5105,#5106,#5107,#5108,#5109,
#5110));
#2301=EDGE_LOOP('',(#5111,#5112,#5113,#5114));
#2302=EDGE_LOOP('',(#5115,#5116,#5117,#5118));
#2303=EDGE_LOOP('',(#5119,#5120,#5121,#5122));
#2304=EDGE_LOOP('',(#5123,#5124,#5125,#5126));
#2305=EDGE_LOOP('',(#5127,#5128,#5129,#5130));
#2306=EDGE_LOOP('',(#5131,#5132,#5133,#5134));
#2307=EDGE_LOOP('',(#5135,#5136,#5137,#5138));
#2308=EDGE_LOOP('',(#5139,#5140,#5141,#5142,#5143,#5144,#5145,#5146,#5147,
#5148));
#2309=EDGE_LOOP('',(#5149,#5150,#5151,#5152));
#2310=EDGE_LOOP('',(#5153,#5154,#5155,#5156));
#2311=EDGE_LOOP('',(#5157,#5158,#5159,#5160,#5161,#5162,#5163,#5164));
#2312=EDGE_LOOP('',(#5165,#5166,#5167,#5168,#5169,#5170,#5171,#5172,#5173,
#5174,#5175,#5176));
#2313=EDGE_LOOP('',(#5177,#5178,#5179,#5180));
#2314=EDGE_LOOP('',(#5181,#5182,#5183,#5184));
#2315=EDGE_LOOP('',(#5185,#5186,#5187,#5188));
#2316=EDGE_LOOP('',(#5189,#5190,#5191,#5192));
#2317=EDGE_LOOP('',(#5193,#5194,#5195,#5196));
#2318=EDGE_LOOP('',(#5197,#5198,#5199,#5200));
#2319=EDGE_LOOP('',(#5201,#5202,#5203,#5204));
#2320=EDGE_LOOP('',(#5205,#5206,#5207,#5208));
#2321=EDGE_LOOP('',(#5209,#5210,#5211,#5212));
#2322=EDGE_LOOP('',(#5213,#5214,#5215,#5216));
#2323=EDGE_LOOP('',(#5217,#5218,#5219,#5220));
#2324=EDGE_LOOP('',(#5221,#5222,#5223,#5224));
#2325=EDGE_LOOP('',(#5225,#5226,#5227,#5228));
#2326=EDGE_LOOP('',(#5229,#5230,#5231,#5232));
#2327=EDGE_LOOP('',(#5233,#5234,#5235,#5236));
#2328=EDGE_LOOP('',(#5237,#5238,#5239,#5240));
#2329=EDGE_LOOP('',(#5241,#5242,#5243,#5244));
#2330=EDGE_LOOP('',(#5245,#5246,#5247,#5248,#5249,#5250,#5251,#5252,#5253,
#5254,#5255,#5256,#5257,#5258,#5259,#5260,#5261,#5262,#5263,#5264,#5265,
#5266,#5267,#5268,#5269,#5270,#5271,#5272,#5273,#5274,#5275,#5276,#5277,
#5278,#5279,#5280,#5281));
#2331=EDGE_LOOP('',(#5282));
#2332=EDGE_LOOP('',(#5283));
#2333=EDGE_LOOP('',(#5284,#5285,#5286,#5287));
#2334=EDGE_LOOP('',(#5288));
#2335=EDGE_LOOP('',(#5289));
#2336=EDGE_LOOP('',(#5290,#5291,#5292,#5293));
#2337=EDGE_LOOP('',(#5294,#5295,#5296,#5297));
#2338=EDGE_LOOP('',(#5298,#5299,#5300,#5301));
#2339=EDGE_LOOP('',(#5302,#5303,#5304,#5305));
#2340=EDGE_LOOP('',(#5306,#5307,#5308,#5309));
#2341=EDGE_LOOP('',(#5310,#5311,#5312,#5313));
#2342=EDGE_LOOP('',(#5314,#5315,#5316,#5317));
#2343=EDGE_LOOP('',(#5318,#5319,#5320,#5321));
#2344=EDGE_LOOP('',(#5322,#5323,#5324,#5325));
#2345=EDGE_LOOP('',(#5326,#5327,#5328));
#2346=EDGE_LOOP('',(#5329,#5330,#5331,#5332));
#2347=EDGE_LOOP('',(#5333,#5334,#5335,#5336));
#2348=EDGE_LOOP('',(#5337,#5338,#5339,#5340));
#2349=EDGE_LOOP('',(#5341,#5342,#5343,#5344,#5345,#5346));
#2350=EDGE_LOOP('',(#5347,#5348,#5349,#5350));
#2351=EDGE_LOOP('',(#5351,#5352,#5353,#5354));
#2352=EDGE_LOOP('',(#5355,#5356,#5357,#5358));
#2353=EDGE_LOOP('',(#5359,#5360,#5361,#5362));
#2354=EDGE_LOOP('',(#5363,#5364,#5365,#5366));
#2355=EDGE_LOOP('',(#5367,#5368,#5369,#5370));
#2356=EDGE_LOOP('',(#5371,#5372,#5373,#5374));
#2357=EDGE_LOOP('',(#5375,#5376,#5377,#5378));
#2358=EDGE_LOOP('',(#5379,#5380,#5381,#5382));
#2359=EDGE_LOOP('',(#5383,#5384,#5385,#5386));
#2360=EDGE_LOOP('',(#5387,#5388,#5389,#5390));
#2361=EDGE_LOOP('',(#5391,#5392,#5393,#5394));
#2362=EDGE_LOOP('',(#5395,#5396,#5397,#5398));
#2363=EDGE_LOOP('',(#5399,#5400,#5401,#5402));
#2364=EDGE_LOOP('',(#5403,#5404,#5405,#5406));
#2365=EDGE_LOOP('',(#5407,#5408,#5409,#5410));
#2366=EDGE_LOOP('',(#5411,#5412,#5413,#5414));
#2367=EDGE_LOOP('',(#5415,#5416,#5417,#5418));
#2368=EDGE_LOOP('',(#5419,#5420,#5421,#5422));
#2369=EDGE_LOOP('',(#5423,#5424,#5425,#5426));
#2370=EDGE_LOOP('',(#5427,#5428,#5429,#5430));
#2371=EDGE_LOOP('',(#5431,#5432,#5433,#5434));
#2372=EDGE_LOOP('',(#5435,#5436,#5437,#5438));
#2373=EDGE_LOOP('',(#5439,#5440,#5441,#5442));
#2374=EDGE_LOOP('',(#5443,#5444,#5445,#5446));
#2375=EDGE_LOOP('',(#5447,#5448,#5449,#5450));
#2376=EDGE_LOOP('',(#5451,#5452,#5453,#5454));
#2377=EDGE_LOOP('',(#5455,#5456,#5457,#5458));
#2378=EDGE_LOOP('',(#5459,#5460,#5461,#5462));
#2379=EDGE_LOOP('',(#5463,#5464,#5465,#5466));
#2380=EDGE_LOOP('',(#5467,#5468,#5469,#5470));
#2381=EDGE_LOOP('',(#5471,#5472,#5473,#5474));
#2382=EDGE_LOOP('',(#5475,#5476,#5477,#5478));
#2383=EDGE_LOOP('',(#5479,#5480,#5481,#5482));
#2384=EDGE_LOOP('',(#5483,#5484,#5485,#5486));
#2385=EDGE_LOOP('',(#5487,#5488,#5489,#5490));
#2386=EDGE_LOOP('',(#5491,#5492,#5493,#5494));
#2387=EDGE_LOOP('',(#5495,#5496,#5497,#5498));
#2388=EDGE_LOOP('',(#5499,#5500,#5501,#5502));
#2389=EDGE_LOOP('',(#5503,#5504,#5505,#5506));
#2390=EDGE_LOOP('',(#5507,#5508,#5509,#5510));
#2391=EDGE_LOOP('',(#5511,#5512,#5513,#5514));
#2392=EDGE_LOOP('',(#5515,#5516,#5517,#5518));
#2393=EDGE_LOOP('',(#5519,#5520,#5521,#5522));
#2394=EDGE_LOOP('',(#5523,#5524,#5525,#5526));
#2395=EDGE_LOOP('',(#5527,#5528,#5529,#5530));
#2396=EDGE_LOOP('',(#5531,#5532,#5533,#5534));
#2397=EDGE_LOOP('',(#5535,#5536,#5537,#5538));
#2398=EDGE_LOOP('',(#5539,#5540,#5541,#5542));
#2399=EDGE_LOOP('',(#5543,#5544,#5545,#5546));
#2400=EDGE_LOOP('',(#5547,#5548,#5549,#5550));
#2401=EDGE_LOOP('',(#5551,#5552,#5553,#5554));
#2402=EDGE_LOOP('',(#5555,#5556,#5557,#5558));
#2403=EDGE_LOOP('',(#5559,#5560,#5561,#5562));
#2404=EDGE_LOOP('',(#5563,#5564,#5565,#5566));
#2405=EDGE_LOOP('',(#5567,#5568,#5569,#5570));
#2406=EDGE_LOOP('',(#5571,#5572,#5573,#5574));
#2407=EDGE_LOOP('',(#5575,#5576,#5577,#5578));
#2408=EDGE_LOOP('',(#5579,#5580,#5581,#5582,#5583,#5584));
#2409=EDGE_LOOP('',(#5585,#5586,#5587,#5588));
#2410=EDGE_LOOP('',(#5589,#5590,#5591,#5592));
#2411=EDGE_LOOP('',(#5593,#5594,#5595,#5596));
#2412=EDGE_LOOP('',(#5597,#5598,#5599,#5600));
#2413=EDGE_LOOP('',(#5601,#5602,#5603,#5604));
#2414=EDGE_LOOP('',(#5605,#5606,#5607));
#2415=EDGE_LOOP('',(#5608,#5609,#5610));
#2416=EDGE_LOOP('',(#5611,#5612,#5613));
#2417=EDGE_LOOP('',(#5614,#5615,#5616,#5617));
#2418=EDGE_LOOP('',(#5618,#5619,#5620,#5621));
#2419=EDGE_LOOP('',(#5622,#5623,#5624));
#2420=EDGE_LOOP('',(#5625,#5626,#5627,#5628));
#2421=EDGE_LOOP('',(#5629,#5630,#5631,#5632,#5633,#5634,#5635,#5636,#5637,
#5638));
#2422=EDGE_LOOP('',(#5639,#5640,#5641,#5642));
#2423=EDGE_LOOP('',(#5643,#5644,#5645,#5646));
#2424=EDGE_LOOP('',(#5647,#5648,#5649,#5650,#5651));
#2425=EDGE_LOOP('',(#5652,#5653,#5654,#5655,#5656,#5657,#5658,#5659,#5660,
#5661));
#2426=EDGE_LOOP('',(#5662,#5663,#5664,#5665,#5666,#5667));
#2427=EDGE_LOOP('',(#5668,#5669,#5670,#5671,#5672,#5673));
#2428=EDGE_LOOP('',(#5674,#5675,#5676,#5677,#5678,#5679));
#2429=EDGE_LOOP('',(#5680,#5681,#5682,#5683));
#2430=EDGE_LOOP('',(#5684,#5685,#5686,#5687));
#2431=EDGE_LOOP('',(#5688,#5689,#5690,#5691));
#2432=EDGE_LOOP('',(#5692,#5693,#5694,#5695));
#2433=EDGE_LOOP('',(#5696,#5697,#5698,#5699));
#2434=EDGE_LOOP('',(#5700,#5701,#5702,#5703,#5704,#5705));
#2435=EDGE_LOOP('',(#5706,#5707,#5708,#5709));
#2436=EDGE_LOOP('',(#5710,#5711,#5712,#5713));
#2437=EDGE_LOOP('',(#5714,#5715,#5716,#5717));
#2438=EDGE_LOOP('',(#5718,#5719,#5720,#5721));
#2439=EDGE_LOOP('',(#5722,#5723,#5724,#5725,#5726,#5727,#5728,#5729,#5730,
#5731,#5732,#5733));
#2440=EDGE_LOOP('',(#5734,#5735,#5736,#5737,#5738,#5739,#5740,#5741,#5742,
#5743,#5744,#5745));
#2441=EDGE_LOOP('',(#5746,#5747,#5748,#5749));
#2442=EDGE_LOOP('',(#5750,#5751,#5752,#5753));
#2443=EDGE_LOOP('',(#5754,#5755,#5756,#5757));
#2444=EDGE_LOOP('',(#5758,#5759,#5760,#5761));
#2445=EDGE_LOOP('',(#5762,#5763,#5764,#5765));
#2446=EDGE_LOOP('',(#5766,#5767,#5768,#5769));
#2447=EDGE_LOOP('',(#5770,#5771,#5772,#5773));
#2448=EDGE_LOOP('',(#5774,#5775,#5776,#5777));
#2449=EDGE_LOOP('',(#5778,#5779,#5780,#5781,#5782,#5783,#5784,#5785));
#2450=EDGE_LOOP('',(#5786,#5787,#5788,#5789));
#2451=EDGE_LOOP('',(#5790,#5791,#5792,#5793));
#2452=EDGE_LOOP('',(#5794,#5795,#5796,#5797));
#2453=EDGE_LOOP('',(#5798,#5799,#5800,#5801));
#2454=CIRCLE('',#6459,1.75);
#2455=CIRCLE('',#6460,1.1);
#2456=CIRCLE('',#6462,1.75);
#2457=CIRCLE('',#6464,1.1);
#2458=CIRCLE('',#6466,1.75);
#2459=CIRCLE('',#6467,1.1);
#2460=CIRCLE('',#6469,1.75);
#2461=CIRCLE('',#6471,1.1);
#2462=CIRCLE('',#6473,10.);
#2463=CIRCLE('',#6474,9.);
#2464=CIRCLE('',#6477,10.);
#2465=CIRCLE('',#6478,9.);
#2466=CIRCLE('',#6481,10.);
#2467=CIRCLE('',#6482,9.);
#2468=CIRCLE('',#6485,10.);
#2469=CIRCLE('',#6486,9.);
#2470=CIRCLE('',#6490,9.99999999999998);
#2471=CIRCLE('',#6493,9.99999999999999);
#2472=CIRCLE('',#6495,9.9);
#2473=CIRCLE('',#6496,9.9);
#2474=CIRCLE('',#6497,1.45);
#2475=CIRCLE('',#6505,1.25);
#2476=CIRCLE('',#6507,1.25);
#2477=CIRCLE('',#6514,8.89999999999999);
#2478=CIRCLE('',#6515,8.49999999999999);
#2479=CIRCLE('',#6518,8.89999999999998);
#2480=CIRCLE('',#6519,8.49999999999998);
#2481=CIRCLE('',#6525,8.89999999999999);
#2482=CIRCLE('',#6526,8.49999999999999);
#2483=CIRCLE('',#6529,8.89999999999999);
#2484=CIRCLE('',#6530,8.49999999999999);
#2485=CIRCLE('',#6533,9.99999999999999);
#2486=CIRCLE('',#6534,9.99999999999999);
#2487=CIRCLE('',#6540,8.49999999999998);
#2488=CIRCLE('',#6543,8.49999999999999);
#2489=CIRCLE('',#6545,9.5);
#2490=CIRCLE('',#6546,9.5);
#2491=CIRCLE('',#6547,9.9);
#2492=CIRCLE('',#6549,9.5);
#2493=CIRCLE('',#6551,9.9);
#2494=CIRCLE('',#6554,9.5);
#2495=CIRCLE('',#6556,9.5);
#2496=CIRCLE('',#6557,9.5);
#2497=CIRCLE('',#6582,8.49999999999999);
#2498=CIRCLE('',#6583,8.49999999999999);
#2499=CIRCLE('',#6584,1.5);
#2500=CIRCLE('',#6585,1.5);
#2501=CIRCLE('',#6586,1.5);
#2502=CIRCLE('',#6587,1.5);
#2503=CIRCLE('',#6589,1.1);
#2504=CIRCLE('',#6591,1.1);
#2505=CIRCLE('',#6593,1.65);
#2506=CIRCLE('',#6602,1.1);
#2507=CIRCLE('',#6604,1.1);
#2508=CIRCLE('',#6612,1.1);
#2509=CIRCLE('',#6614,1.1);
#2510=CIRCLE('',#6616,1.1);
#2511=CIRCLE('',#6618,1.1);
#2512=CIRCLE('',#6650,2.4);
#2513=CIRCLE('',#6651,2.4);
#2514=CIRCLE('',#6655,2.);
#2515=CIRCLE('',#6656,2.4);
#2516=CIRCLE('',#6660,1.3);
#2517=CIRCLE('',#6662,0.9);
#2518=CIRCLE('',#6663,0.9);
#2519=CIRCLE('',#6665,0.9);
#2520=CIRCLE('',#6668,2.4);
#2521=CIRCLE('',#6672,2.1);
#2522=CIRCLE('',#6673,2.5);
#2523=CIRCLE('',#6676,2.5);
#2524=CIRCLE('',#6679,1.3);
#2525=CIRCLE('',#6681,0.9);
#2526=CIRCLE('',#6682,0.9);
#2527=CIRCLE('',#6684,0.9);
#2528=CIRCLE('',#6687,1.1);
#2529=CIRCLE('',#6688,0.9);
#2530=CIRCLE('',#6690,0.9);
#2531=CIRCLE('',#6693,3.);
#2532=CIRCLE('',#6694,1.2);
#2533=CIRCLE('',#6698,1.1);
#2534=CIRCLE('',#6699,0.9);
#2535=CIRCLE('',#6701,0.9);
#2536=CIRCLE('',#6704,1.2);
#2537=CIRCLE('',#6705,3.);
#2538=CIRCLE('',#6710,7.89999999999999);
#2539=CIRCLE('',#6711,8.29999999999999);
#2540=CIRCLE('',#6714,7.89999999999999);
#2541=CIRCLE('',#6715,8.29999999999999);
#2542=CIRCLE('',#6718,7.89999999999999);
#2543=CIRCLE('',#6719,8.29999999999999);
#2544=CIRCLE('',#6722,7.89999999999999);
#2545=CIRCLE('',#6723,8.29999999999998);
#2546=CIRCLE('',#6725,8.29999999999999);
#2547=CIRCLE('',#6728,8.29999999999999);
#2548=CIRCLE('',#6730,7.39999999999999);
#2549=CIRCLE('',#6731,7.39999999999999);
#2550=CIRCLE('',#6732,7.39999999999999);
#2551=CIRCLE('',#6733,7.39999999999996);
#2552=CIRCLE('',#6736,9.59999999999999);
#2553=CIRCLE('',#6737,9.99999999999999);
#2554=CIRCLE('',#6740,9.59999999999997);
#2555=CIRCLE('',#6741,9.99999999999997);
#2556=CIRCLE('',#6744,9.59999999999999);
#2557=CIRCLE('',#6745,9.99999999999999);
#2558=CIRCLE('',#6748,9.59999999999999);
#2559=CIRCLE('',#6749,9.99999999999999);
#2560=CIRCLE('',#6751,9.99999999999997);
#2561=CIRCLE('',#6754,9.99999999999999);
#2562=CIRCLE('',#6757,2.4);
#2563=CIRCLE('',#6758,2.4);
#2564=CIRCLE('',#6759,5.4);
#2565=CIRCLE('',#6760,5.4);
#2566=CIRCLE('',#6761,2.4);
#2567=CIRCLE('',#6762,2.4);
#2568=CIRCLE('',#6814,2.);
#2569=CIRCLE('',#6816,2.);
#2570=CIRCLE('',#6818,2.);
#2571=CIRCLE('',#6820,2.);
#2572=CIRCLE('',#6822,2.);
#2573=CIRCLE('',#6824,2.);
#2574=CIRCLE('',#6826,2.);
#2575=CIRCLE('',#6828,2.);
#2576=CIRCLE('',#6830,5.);
#2577=CIRCLE('',#6833,5.);
#2578=CIRCLE('',#6837,5.);
#2579=CIRCLE('',#6839,2.4);
#2580=CIRCLE('',#6841,0.574359851525442);
#2581=CIRCLE('',#6842,6.99999999999999);
#2582=CIRCLE('',#6843,6.99999999999999);
#2583=CIRCLE('',#6844,6.99999999999999);
#2584=CIRCLE('',#6845,6.99999999999997);
#2585=CIRCLE('',#6846,2.4);
#2586=CIRCLE('',#6847,2.4);
#2587=CIRCLE('',#6848,5.4);
#2588=CIRCLE('',#6849,5.4);
#2589=CIRCLE('',#6850,2.4);
#2590=CIRCLE('',#6855,5.);
#2591=CIRCLE('',#6871,6.99999999999999);
#2592=CIRCLE('',#6874,6.99999999999999);
#2593=CIRCLE('',#6877,6.99999999999999);
#2594=CIRCLE('',#6880,6.99999999999997);
#2595=CIRCLE('',#6925,0.574359851525442);
#2596=CIRCLE('',#6949,9.99999999999999);
#2597=CIRCLE('',#6950,8.29999999999998);
#2598=CIRCLE('',#6951,8.29999999999999);
#2599=CIRCLE('',#6953,9.99999999999999);
#2600=VERTEX_POINT('',#8735);
#2601=VERTEX_POINT('',#8737);
#2602=VERTEX_POINT('',#8740);
#2603=VERTEX_POINT('',#8744);
#2604=VERTEX_POINT('',#8748);
#2605=VERTEX_POINT('',#8750);
#2606=VERTEX_POINT('',#8753);
#2607=VERTEX_POINT('',#8757);
#2608=VERTEX_POINT('',#8761);
#2609=VERTEX_POINT('',#8762);
#2610=VERTEX_POINT('',#8764);
#2611=VERTEX_POINT('',#8766);
#2612=VERTEX_POINT('',#8770);
#2613=VERTEX_POINT('',#8772);
#2614=VERTEX_POINT('',#8776);
#2615=VERTEX_POINT('',#8777);
#2616=VERTEX_POINT('',#8782);
#2617=VERTEX_POINT('',#8784);
#2618=VERTEX_POINT('',#8788);
#2619=VERTEX_POINT('',#8789);
#2620=VERTEX_POINT('',#8794);
#2621=VERTEX_POINT('',#8796);
#2622=VERTEX_POINT('',#8800);
#2623=VERTEX_POINT('',#8801);
#2624=VERTEX_POINT('',#8809);
#2625=VERTEX_POINT('',#8811);
#2626=VERTEX_POINT('',#8813);
#2627=VERTEX_POINT('',#8815);
#2628=VERTEX_POINT('',#8817);
#2629=VERTEX_POINT('',#8819);
#2630=VERTEX_POINT('',#8823);
#2631=VERTEX_POINT('',#8827);
#2632=VERTEX_POINT('',#8831);
#2633=VERTEX_POINT('',#8835);
#2634=VERTEX_POINT('',#8836);
#2635=VERTEX_POINT('',#8838);
#2636=VERTEX_POINT('',#8840);
#2637=VERTEX_POINT('',#8843);
#2638=VERTEX_POINT('',#8845);
#2639=VERTEX_POINT('',#8847);
#2640=VERTEX_POINT('',#8850);
#2641=VERTEX_POINT('',#8851);
#2642=VERTEX_POINT('',#8856);
#2643=VERTEX_POINT('',#8860);
#2644=VERTEX_POINT('',#8866);
#2645=VERTEX_POINT('',#8868);
#2646=VERTEX_POINT('',#8872);
#2647=VERTEX_POINT('',#8876);
#2648=VERTEX_POINT('',#8880);
#2649=VERTEX_POINT('',#8884);
#2650=VERTEX_POINT('',#8885);
#2651=VERTEX_POINT('',#8887);
#2652=VERTEX_POINT('',#8889);
#2653=VERTEX_POINT('',#8893);
#2654=VERTEX_POINT('',#8895);
#2655=VERTEX_POINT('',#8899);
#2656=VERTEX_POINT('',#8900);
#2657=VERTEX_POINT('',#8902);
#2658=VERTEX_POINT('',#8904);
#2659=VERTEX_POINT('',#8908);
#2660=VERTEX_POINT('',#8910);
#2661=VERTEX_POINT('',#8914);
#2662=VERTEX_POINT('',#8915);
#2663=VERTEX_POINT('',#8917);
#2664=VERTEX_POINT('',#8919);
#2665=VERTEX_POINT('',#8923);
#2666=VERTEX_POINT('',#8924);
#2667=VERTEX_POINT('',#8929);
#2668=VERTEX_POINT('',#8930);
#2669=VERTEX_POINT('',#8935);
#2670=VERTEX_POINT('',#8936);
#2671=VERTEX_POINT('',#8941);
#2672=VERTEX_POINT('',#8943);
#2673=VERTEX_POINT('',#8950);
#2674=VERTEX_POINT('',#8952);
#2675=VERTEX_POINT('',#8959);
#2676=VERTEX_POINT('',#8960);
#2677=VERTEX_POINT('',#8965);
#2678=VERTEX_POINT('',#8966);
#2679=VERTEX_POINT('',#8971);
#2680=VERTEX_POINT('',#8972);
#2681=VERTEX_POINT('',#8980);
#2682=VERTEX_POINT('',#8982);
#2683=VERTEX_POINT('',#8984);
#2684=VERTEX_POINT('',#8986);
#2685=VERTEX_POINT('',#8991);
#2686=VERTEX_POINT('',#8995);
#2687=VERTEX_POINT('',#8999);
#2688=VERTEX_POINT('',#9003);
#2689=VERTEX_POINT('',#9005);
#2690=VERTEX_POINT('',#9009);
#2691=VERTEX_POINT('',#9013);
#2692=VERTEX_POINT('',#9017);
#2693=VERTEX_POINT('',#9021);
#2694=VERTEX_POINT('',#9022);
#2695=VERTEX_POINT('',#9025);
#2696=VERTEX_POINT('',#9029);
#2697=VERTEX_POINT('',#9033);
#2698=VERTEX_POINT('',#9034);
#2699=VERTEX_POINT('',#9036);
#2700=VERTEX_POINT('',#9038);
#2701=VERTEX_POINT('',#9040);
#2702=VERTEX_POINT('',#9042);
#2703=VERTEX_POINT('',#9044);
#2704=VERTEX_POINT('',#9046);
#2705=VERTEX_POINT('',#9048);
#2706=VERTEX_POINT('',#9050);
#2707=VERTEX_POINT('',#9052);
#2708=VERTEX_POINT('',#9054);
#2709=VERTEX_POINT('',#9056);
#2710=VERTEX_POINT('',#9058);
#2711=VERTEX_POINT('',#9061);
#2712=VERTEX_POINT('',#9066);
#2713=VERTEX_POINT('',#9070);
#2714=VERTEX_POINT('',#9072);
#2715=VERTEX_POINT('',#9078);
#2716=VERTEX_POINT('',#9079);
#2717=VERTEX_POINT('',#9081);
#2718=VERTEX_POINT('',#9085);
#2719=VERTEX_POINT('',#9087);
#2720=VERTEX_POINT('',#9091);
#2721=VERTEX_POINT('',#9093);
#2722=VERTEX_POINT('',#9097);
#2723=VERTEX_POINT('',#9099);
#2724=VERTEX_POINT('',#9103);
#2725=VERTEX_POINT('',#9104);
#2726=VERTEX_POINT('',#9106);
#2727=VERTEX_POINT('',#9108);
#2728=VERTEX_POINT('',#9112);
#2729=VERTEX_POINT('',#9114);
#2730=VERTEX_POINT('',#9118);
#2731=VERTEX_POINT('',#9120);
#2732=VERTEX_POINT('',#9124);
#2733=VERTEX_POINT('',#9125);
#2734=VERTEX_POINT('',#9127);
#2735=VERTEX_POINT('',#9134);
#2736=VERTEX_POINT('',#9136);
#2737=VERTEX_POINT('',#9140);
#2738=VERTEX_POINT('',#9142);
#2739=VERTEX_POINT('',#9149);
#2740=VERTEX_POINT('',#9151);
#2741=VERTEX_POINT('',#9175);
#2742=VERTEX_POINT('',#9177);
#2743=VERTEX_POINT('',#9179);
#2744=VERTEX_POINT('',#9182);
#2745=VERTEX_POINT('',#9184);
#2746=VERTEX_POINT('',#9186);
#2747=VERTEX_POINT('',#9188);
#2748=VERTEX_POINT('',#9190);
#2749=VERTEX_POINT('',#9191);
#2750=VERTEX_POINT('',#9193);
#2751=VERTEX_POINT('',#9195);
#2752=VERTEX_POINT('',#9198);
#2753=VERTEX_POINT('',#9199);
#2754=VERTEX_POINT('',#9201);
#2755=VERTEX_POINT('',#9203);
#2756=VERTEX_POINT('',#9207);
#2757=VERTEX_POINT('',#9211);
#2758=VERTEX_POINT('',#9215);
#2759=VERTEX_POINT('',#9219);
#2760=VERTEX_POINT('',#9220);
#2761=VERTEX_POINT('',#9222);
#2762=VERTEX_POINT('',#9224);
#2763=VERTEX_POINT('',#9228);
#2764=VERTEX_POINT('',#9230);
#2765=VERTEX_POINT('',#9234);
#2766=VERTEX_POINT('',#9238);
#2767=VERTEX_POINT('',#9249);
#2768=VERTEX_POINT('',#9253);
#2769=VERTEX_POINT('',#9257);
#2770=VERTEX_POINT('',#9259);
#2771=VERTEX_POINT('',#9263);
#2772=VERTEX_POINT('',#9265);
#2773=VERTEX_POINT('',#9273);
#2774=VERTEX_POINT('',#9275);
#2775=VERTEX_POINT('',#9279);
#2776=VERTEX_POINT('',#9283);
#2777=VERTEX_POINT('',#9287);
#2778=VERTEX_POINT('',#9291);
#2779=VERTEX_POINT('',#9295);
#2780=VERTEX_POINT('',#9329);
#2781=VERTEX_POINT('',#9333);
#2782=VERTEX_POINT('',#9353);
#2783=VERTEX_POINT('',#9354);
#2784=VERTEX_POINT('',#9356);
#2785=VERTEX_POINT('',#9358);
#2786=VERTEX_POINT('',#9362);
#2787=VERTEX_POINT('',#9363);
#2788=VERTEX_POINT('',#9365);
#2789=VERTEX_POINT('',#9367);
#2790=VERTEX_POINT('',#9371);
#2791=VERTEX_POINT('',#9373);
#2792=VERTEX_POINT('',#9377);
#2793=VERTEX_POINT('',#9385);
#2794=VERTEX_POINT('',#9387);
#2795=VERTEX_POINT('',#9391);
#2796=VERTEX_POINT('',#9394);
#2797=VERTEX_POINT('',#9396);
#2798=VERTEX_POINT('',#9400);
#2799=VERTEX_POINT('',#9404);
#2800=VERTEX_POINT('',#9409);
#2801=VERTEX_POINT('',#9410);
#2802=VERTEX_POINT('',#9412);
#2803=VERTEX_POINT('',#9414);
#2804=VERTEX_POINT('',#9418);
#2805=VERTEX_POINT('',#9420);
#2806=VERTEX_POINT('',#9424);
#2807=VERTEX_POINT('',#9425);
#2808=VERTEX_POINT('',#9433);
#2809=VERTEX_POINT('',#9435);
#2810=VERTEX_POINT('',#9439);
#2811=VERTEX_POINT('',#9443);
#2812=VERTEX_POINT('',#9446);
#2813=VERTEX_POINT('',#9448);
#2814=VERTEX_POINT('',#9452);
#2815=VERTEX_POINT('',#9456);
#2816=VERTEX_POINT('',#9459);
#2817=VERTEX_POINT('',#9461);
#2818=VERTEX_POINT('',#9465);
#2819=VERTEX_POINT('',#9469);
#2820=VERTEX_POINT('',#9470);
#2821=VERTEX_POINT('',#9472);
#2822=VERTEX_POINT('',#9474);
#2823=VERTEX_POINT('',#9476);
#2824=VERTEX_POINT('',#9478);
#2825=VERTEX_POINT('',#9480);
#2826=VERTEX_POINT('',#9482);
#2827=VERTEX_POINT('',#9486);
#2828=VERTEX_POINT('',#9488);
#2829=VERTEX_POINT('',#9493);
#2830=VERTEX_POINT('',#9494);
#2831=VERTEX_POINT('',#9496);
#2832=VERTEX_POINT('',#9500);
#2833=VERTEX_POINT('',#9504);
#2834=VERTEX_POINT('',#9506);
#2835=VERTEX_POINT('',#9510);
#2836=VERTEX_POINT('',#9514);
#2837=VERTEX_POINT('',#9515);
#2838=VERTEX_POINT('',#9517);
#2839=VERTEX_POINT('',#9519);
#2840=VERTEX_POINT('',#9521);
#2841=VERTEX_POINT('',#9523);
#2842=VERTEX_POINT('',#9525);
#2843=VERTEX_POINT('',#9527);
#2844=VERTEX_POINT('',#9531);
#2845=VERTEX_POINT('',#9533);
#2846=VERTEX_POINT('',#9538);
#2847=VERTEX_POINT('',#9539);
#2848=VERTEX_POINT('',#9541);
#2849=VERTEX_POINT('',#9543);
#2850=VERTEX_POINT('',#9547);
#2851=VERTEX_POINT('',#9549);
#2852=VERTEX_POINT('',#9553);
#2853=VERTEX_POINT('',#9554);
#2854=VERTEX_POINT('',#9559);
#2855=VERTEX_POINT('',#9560);
#2856=VERTEX_POINT('',#9565);
#2857=VERTEX_POINT('',#9570);
#2858=VERTEX_POINT('',#9574);
#2859=VERTEX_POINT('',#9575);
#2860=VERTEX_POINT('',#9580);
#2861=VERTEX_POINT('',#9581);
#2862=VERTEX_POINT('',#9589);
#2863=VERTEX_POINT('',#9593);
#2864=VERTEX_POINT('',#9599);
#2865=VERTEX_POINT('',#9600);
#2866=VERTEX_POINT('',#9602);
#2867=VERTEX_POINT('',#9604);
#2868=VERTEX_POINT('',#9606);
#2869=VERTEX_POINT('',#9608);
#2870=VERTEX_POINT('',#9610);
#2871=VERTEX_POINT('',#9612);
#2872=VERTEX_POINT('',#9616);
#2873=VERTEX_POINT('',#9617);
#2874=VERTEX_POINT('',#9619);
#2875=VERTEX_POINT('',#9621);
#2876=VERTEX_POINT('',#9625);
#2877=VERTEX_POINT('',#9626);
#2878=VERTEX_POINT('',#9631);
#2879=VERTEX_POINT('',#9632);
#2880=VERTEX_POINT('',#9637);
#2881=VERTEX_POINT('',#9638);
#2882=VERTEX_POINT('',#9643);
#2883=VERTEX_POINT('',#9644);
#2884=VERTEX_POINT('',#9649);
#2885=VERTEX_POINT('',#9650);
#2886=VERTEX_POINT('',#9655);
#2887=VERTEX_POINT('',#9656);
#2888=VERTEX_POINT('',#9664);
#2889=VERTEX_POINT('',#9666);
#2890=VERTEX_POINT('',#9670);
#2891=VERTEX_POINT('',#9672);
#2892=VERTEX_POINT('',#9674);
#2893=VERTEX_POINT('',#9676);
#2894=VERTEX_POINT('',#9678);
#2895=VERTEX_POINT('',#9682);
#2896=VERTEX_POINT('',#9686);
#2897=VERTEX_POINT('',#9690);
#2898=VERTEX_POINT('',#9692);
#2899=VERTEX_POINT('',#9694);
#2900=VERTEX_POINT('',#9695);
#2901=VERTEX_POINT('',#9697);
#2902=VERTEX_POINT('',#9699);
#2903=VERTEX_POINT('',#9702);
#2904=VERTEX_POINT('',#9704);
#2905=VERTEX_POINT('',#9707);
#2906=VERTEX_POINT('',#9708);
#2907=VERTEX_POINT('',#9710);
#2908=VERTEX_POINT('',#9712);
#2909=VERTEX_POINT('',#9716);
#2910=VERTEX_POINT('',#9718);
#2911=VERTEX_POINT('',#9722);
#2912=VERTEX_POINT('',#9723);
#2913=VERTEX_POINT('',#9725);
#2914=VERTEX_POINT('',#9729);
#2915=VERTEX_POINT('',#9730);
#2916=VERTEX_POINT('',#9735);
#2917=VERTEX_POINT('',#9736);
#2918=VERTEX_POINT('',#9738);
#2919=VERTEX_POINT('',#9742);
#2920=VERTEX_POINT('',#9744);
#2921=VERTEX_POINT('',#9751);
#2922=VERTEX_POINT('',#9752);
#2923=VERTEX_POINT('',#9754);
#2924=VERTEX_POINT('',#9758);
#2925=VERTEX_POINT('',#9759);
#2926=VERTEX_POINT('',#9767);
#2927=VERTEX_POINT('',#9769);
#2928=VERTEX_POINT('',#9779);
#2929=VERTEX_POINT('',#9781);
#2930=VERTEX_POINT('',#9783);
#2931=VERTEX_POINT('',#9787);
#2932=VERTEX_POINT('',#9789);
#2933=VERTEX_POINT('',#9793);
#2934=VERTEX_POINT('',#9798);
#2935=VERTEX_POINT('',#9800);
#2936=VERTEX_POINT('',#9802);
#2937=VERTEX_POINT('',#9805);
#2938=VERTEX_POINT('',#9806);
#2939=VERTEX_POINT('',#9808);
#2940=VERTEX_POINT('',#9810);
#2941=VERTEX_POINT('',#9813);
#2942=VERTEX_POINT('',#9814);
#2943=VERTEX_POINT('',#9816);
#2944=VERTEX_POINT('',#9818);
#2945=VERTEX_POINT('',#9821);
#2946=VERTEX_POINT('',#9822);
#2947=VERTEX_POINT('',#9824);
#2948=VERTEX_POINT('',#9826);
#2949=VERTEX_POINT('',#9829);
#2950=VERTEX_POINT('',#9830);
#2951=VERTEX_POINT('',#9832);
#2952=VERTEX_POINT('',#9834);
#2953=VERTEX_POINT('',#9837);
#2954=VERTEX_POINT('',#9838);
#2955=VERTEX_POINT('',#9840);
#2956=VERTEX_POINT('',#9842);
#2957=VERTEX_POINT('',#9847);
#2958=VERTEX_POINT('',#9848);
#2959=VERTEX_POINT('',#9850);
#2960=VERTEX_POINT('',#9852);
#2961=VERTEX_POINT('',#9856);
#2962=VERTEX_POINT('',#9857);
#2963=VERTEX_POINT('',#9859);
#2964=VERTEX_POINT('',#9863);
#2965=VERTEX_POINT('',#9864);
#2966=VERTEX_POINT('',#9869);
#2967=VERTEX_POINT('',#9870);
#2968=VERTEX_POINT('',#9872);
#2969=VERTEX_POINT('',#9876);
#2970=VERTEX_POINT('',#9878);
#2971=VERTEX_POINT('',#9882);
#2972=VERTEX_POINT('',#9884);
#2973=VERTEX_POINT('',#9888);
#2974=VERTEX_POINT('',#9890);
#2975=VERTEX_POINT('',#9894);
#2976=VERTEX_POINT('',#9896);
#2977=VERTEX_POINT('',#9900);
#2978=VERTEX_POINT('',#9902);
#2979=VERTEX_POINT('',#9906);
#2980=VERTEX_POINT('',#9908);
#2981=VERTEX_POINT('',#9912);
#2982=VERTEX_POINT('',#9913);
#2983=VERTEX_POINT('',#9915);
#2984=VERTEX_POINT('',#9919);
#2985=VERTEX_POINT('',#9920);
#2986=VERTEX_POINT('',#9928);
#2987=VERTEX_POINT('',#9930);
#2988=VERTEX_POINT('',#9934);
#2989=VERTEX_POINT('',#9936);
#2990=VERTEX_POINT('',#9940);
#2991=VERTEX_POINT('',#9942);
#2992=VERTEX_POINT('',#9946);
#2993=VERTEX_POINT('',#9948);
#2994=VERTEX_POINT('',#9961);
#2995=VERTEX_POINT('',#9963);
#2996=VERTEX_POINT('',#9967);
#2997=VERTEX_POINT('',#9971);
#2998=VERTEX_POINT('',#9975);
#2999=VERTEX_POINT('',#9977);
#3000=VERTEX_POINT('',#9979);
#3001=VERTEX_POINT('',#9981);
#3002=VERTEX_POINT('',#9983);
#3003=VERTEX_POINT('',#9985);
#3004=VERTEX_POINT('',#9987);
#3005=VERTEX_POINT('',#9991);
#3006=VERTEX_POINT('',#9994);
#3007=VERTEX_POINT('',#9995);
#3008=VERTEX_POINT('',#9997);
#3009=VERTEX_POINT('',#9999);
#3010=VERTEX_POINT('',#10002);
#3011=VERTEX_POINT('',#10003);
#3012=VERTEX_POINT('',#10005);
#3013=VERTEX_POINT('',#10007);
#3014=VERTEX_POINT('',#10010);
#3015=VERTEX_POINT('',#10011);
#3016=VERTEX_POINT('',#10013);
#3017=VERTEX_POINT('',#10015);
#3018=VERTEX_POINT('',#10018);
#3019=VERTEX_POINT('',#10019);
#3020=VERTEX_POINT('',#10021);
#3021=VERTEX_POINT('',#10023);
#3022=VERTEX_POINT('',#10026);
#3023=VERTEX_POINT('',#10027);
#3024=VERTEX_POINT('',#10029);
#3025=VERTEX_POINT('',#10031);
#3026=VERTEX_POINT('',#10034);
#3027=VERTEX_POINT('',#10035);
#3028=VERTEX_POINT('',#10037);
#3029=VERTEX_POINT('',#10039);
#3030=VERTEX_POINT('',#10043);
#3031=VERTEX_POINT('',#10045);
#3032=VERTEX_POINT('',#10047);
#3033=VERTEX_POINT('',#10049);
#3034=VERTEX_POINT('',#10051);
#3035=VERTEX_POINT('',#10053);
#3036=VERTEX_POINT('',#10055);
#3037=VERTEX_POINT('',#10059);
#3038=VERTEX_POINT('',#10061);
#3039=VERTEX_POINT('',#10065);
#3040=VERTEX_POINT('',#10073);
#3041=VERTEX_POINT('',#10075);
#3042=VERTEX_POINT('',#10079);
#3043=VERTEX_POINT('',#10083);
#3044=VERTEX_POINT('',#10087);
#3045=VERTEX_POINT('',#10091);
#3046=VERTEX_POINT('',#10095);
#3047=VERTEX_POINT('',#10099);
#3048=VERTEX_POINT('',#10103);
#3049=VERTEX_POINT('',#10107);
#3050=VERTEX_POINT('',#10111);
#3051=VERTEX_POINT('',#10115);
#3052=VERTEX_POINT('',#10117);
#3053=VERTEX_POINT('',#10121);
#3054=VERTEX_POINT('',#10125);
#3055=VERTEX_POINT('',#10131);
#3056=VERTEX_POINT('',#10133);
#3057=VERTEX_POINT('',#10137);
#3058=VERTEX_POINT('',#10141);
#3059=VERTEX_POINT('',#10145);
#3060=VERTEX_POINT('',#10148);
#3061=VERTEX_POINT('',#10151);
#3062=VERTEX_POINT('',#10154);
#3063=VERTEX_POINT('',#10156);
#3064=VERTEX_POINT('',#10177);
#3065=VERTEX_POINT('',#10179);
#3066=VERTEX_POINT('',#10205);
#3067=VERTEX_POINT('',#10207);
#3068=VERTEX_POINT('',#10210);
#3069=VERTEX_POINT('',#10212);
#3070=VERTEX_POINT('',#10215);
#3071=VERTEX_POINT('',#10217);
#3072=VERTEX_POINT('',#10219);
#3073=VERTEX_POINT('',#10220);
#3074=VERTEX_POINT('',#10222);
#3075=VERTEX_POINT('',#10224);
#3076=VERTEX_POINT('',#10227);
#3077=VERTEX_POINT('',#10237);
#3078=VERTEX_POINT('',#10249);
#3079=VERTEX_POINT('',#10253);
#3080=VERTEX_POINT('',#10254);
#3081=VERTEX_POINT('',#10256);
#3082=VERTEX_POINT('',#10277);
#3083=VERTEX_POINT('',#10279);
#3084=VERTEX_POINT('',#10288);
#3085=VERTEX_POINT('',#10292);
#3086=VERTEX_POINT('',#10309);
#3087=VERTEX_POINT('',#10311);
#3088=VERTEX_POINT('',#10315);
#3089=VERTEX_POINT('',#10317);
#3090=VERTEX_POINT('',#10321);
#3091=VERTEX_POINT('',#10325);
#3092=VERTEX_POINT('',#10329);
#3093=VERTEX_POINT('',#10335);
#3094=VERTEX_POINT('',#10341);
#3095=VERTEX_POINT('',#10343);
#3096=VERTEX_POINT('',#10347);
#3097=VERTEX_POINT('',#10349);
#3098=VERTEX_POINT('',#10353);
#3099=VERTEX_POINT('',#10357);
#3100=VERTEX_POINT('',#10361);
#3101=VERTEX_POINT('',#10367);
#3102=VERTEX_POINT('',#10373);
#3103=VERTEX_POINT('',#10375);
#3104=VERTEX_POINT('',#10379);
#3105=VERTEX_POINT('',#10381);
#3106=VERTEX_POINT('',#10385);
#3107=VERTEX_POINT('',#10389);
#3108=VERTEX_POINT('',#10393);
#3109=VERTEX_POINT('',#10399);
#3110=VERTEX_POINT('',#10405);
#3111=VERTEX_POINT('',#10407);
#3112=VERTEX_POINT('',#10411);
#3113=VERTEX_POINT('',#10413);
#3114=VERTEX_POINT('',#10417);
#3115=VERTEX_POINT('',#10421);
#3116=VERTEX_POINT('',#10425);
#3117=VERTEX_POINT('',#10431);
#3118=VERTEX_POINT('',#10437);
#3119=VERTEX_POINT('',#10439);
#3120=VERTEX_POINT('',#10443);
#3121=VERTEX_POINT('',#10445);
#3122=VERTEX_POINT('',#10449);
#3123=VERTEX_POINT('',#10453);
#3124=VERTEX_POINT('',#10457);
#3125=VERTEX_POINT('',#10463);
#3126=VERTEX_POINT('',#10508);
#3127=VERTEX_POINT('',#10510);
#3128=VERTEX_POINT('',#10533);
#3129=VERTEX_POINT('',#10580);
#3130=VERTEX_POINT('',#10611);
#3131=VERTEX_POINT('',#10615);
#3132=VERTEX_POINT('',#10638);
#3133=VERTEX_POINT('',#10640);
#3134=VERTEX_POINT('',#10644);
#3135=VERTEX_POINT('',#10646);
#3136=VERTEX_POINT('',#10652);
#3137=VERTEX_POINT('',#10654);
#3138=VERTEX_POINT('',#10658);
#3139=VERTEX_POINT('',#10660);
#3140=VERTEX_POINT('',#10665);
#3141=EDGE_CURVE('',#2600,#2600,#2454,.T.);
#3142=EDGE_CURVE('',#2601,#2601,#2455,.T.);
#3143=EDGE_CURVE('',#2602,#2602,#2456,.T.);
#3144=EDGE_CURVE('',#2602,#2600,#85,.T.);
#3145=EDGE_CURVE('',#2601,#2603,#86,.T.);
#3146=EDGE_CURVE('',#2603,#2603,#2457,.T.);
#3147=EDGE_CURVE('',#2604,#2604,#2458,.T.);
#3148=EDGE_CURVE('',#2605,#2605,#2459,.T.);
#3149=EDGE_CURVE('',#2606,#2606,#2460,.T.);
#3150=EDGE_CURVE('',#2606,#2604,#87,.T.);
#3151=EDGE_CURVE('',#2605,#2607,#88,.T.);
#3152=EDGE_CURVE('',#2607,#2607,#2461,.T.);
#3153=EDGE_CURVE('',#2608,#2609,#89,.T.);
#3154=EDGE_CURVE('',#2609,#2610,#2462,.T.);
#3155=EDGE_CURVE('',#2610,#2611,#90,.T.);
#3156=EDGE_CURVE('',#2611,#2608,#2463,.T.);
#3157=EDGE_CURVE('',#2608,#2612,#91,.T.);
#3158=EDGE_CURVE('',#2612,#2613,#92,.T.);
#3159=EDGE_CURVE('',#2613,#2609,#93,.T.);
#3160=EDGE_CURVE('',#2614,#2615,#94,.T.);
#3161=EDGE_CURVE('',#2615,#2613,#2464,.T.);
#3162=EDGE_CURVE('',#2612,#2614,#2465,.T.);
#3163=EDGE_CURVE('',#2614,#2616,#95,.T.);
#3164=EDGE_CURVE('',#2616,#2617,#96,.T.);
#3165=EDGE_CURVE('',#2617,#2615,#97,.T.);
#3166=EDGE_CURVE('',#2618,#2619,#98,.T.);
#3167=EDGE_CURVE('',#2619,#2617,#2466,.T.);
#3168=EDGE_CURVE('',#2616,#2618,#2467,.T.);
#3169=EDGE_CURVE('',#2618,#2620,#99,.T.);
#3170=EDGE_CURVE('',#2620,#2621,#100,.T.);
#3171=EDGE_CURVE('',#2621,#2619,#101,.T.);
#3172=EDGE_CURVE('',#2622,#2623,#102,.T.);
#3173=EDGE_CURVE('',#2623,#2621,#2468,.T.);
#3174=EDGE_CURVE('',#2620,#2622,#2469,.T.);
#3175=EDGE_CURVE('',#2622,#2611,#103,.T.);
#3176=EDGE_CURVE('',#2610,#2623,#104,.T.);
#3177=EDGE_CURVE('',#2624,#2621,#105,.T.);
#3178=EDGE_CURVE('',#2625,#2624,#106,.T.);
#3179=EDGE_CURVE('',#2626,#2625,#107,.T.);
#3180=EDGE_CURVE('',#2626,#2627,#108,.T.);
#3181=EDGE_CURVE('',#2627,#2628,#109,.T.);
#3182=EDGE_CURVE('',#2629,#2628,#110,.T.);
#3183=EDGE_CURVE('',#2619,#2629,#111,.T.);
#3184=EDGE_CURVE('',#2623,#2630,#112,.T.);
#3185=EDGE_CURVE('',#2624,#2630,#2470,.T.);
#3186=EDGE_CURVE('',#2631,#2610,#113,.T.);
#3187=EDGE_CURVE('',#2630,#2631,#114,.T.);
#3188=EDGE_CURVE('',#2609,#2632,#115,.T.);
#3189=EDGE_CURVE('',#2631,#2632,#2471,.T.);
#3190=EDGE_CURVE('',#2633,#2634,#116,.T.);
#3191=EDGE_CURVE('',#2635,#2633,#117,.T.);
#3192=EDGE_CURVE('',#2636,#2635,#118,.T.);
#3193=EDGE_CURVE('',#2634,#2636,#119,.T.);
#3194=EDGE_CURVE('',#2637,#2637,#2472,.T.);
#3195=EDGE_CURVE('',#2638,#2638,#2473,.T.);
#3196=EDGE_CURVE('',#2639,#2639,#2474,.T.);
#3197=EDGE_CURVE('',#2640,#2641,#120,.T.);
#3198=EDGE_CURVE('',#2641,#2633,#121,.T.);
#3199=EDGE_CURVE('',#2634,#2640,#122,.T.);
#3200=EDGE_CURVE('',#2641,#2642,#123,.T.);
#3201=EDGE_CURVE('',#2642,#2635,#124,.T.);
#3202=EDGE_CURVE('',#2642,#2643,#125,.T.);
#3203=EDGE_CURVE('',#2643,#2636,#126,.T.);
#3204=EDGE_CURVE('',#2643,#2640,#127,.T.);
#3205=EDGE_CURVE('',#2644,#2641,#128,.T.);
#3206=EDGE_CURVE('',#2644,#2645,#129,.F.);
#3207=EDGE_CURVE('',#2645,#2642,#130,.T.);
#3208=EDGE_CURVE('',#2646,#2640,#131,.T.);
#3209=EDGE_CURVE('',#2646,#2644,#132,.F.);
#3210=EDGE_CURVE('',#2639,#2647,#133,.T.);
#3211=EDGE_CURVE('',#2647,#2647,#2475,.T.);
#3212=EDGE_CURVE('',#2648,#2648,#2476,.T.);
#3213=EDGE_CURVE('',#2648,#2647,#134,.T.);
#3214=EDGE_CURVE('',#2649,#2650,#135,.T.);
#3215=EDGE_CURVE('',#2650,#2651,#136,.T.);
#3216=EDGE_CURVE('',#2651,#2652,#137,.T.);
#3217=EDGE_CURVE('',#2652,#2649,#138,.T.);
#3218=EDGE_CURVE('',#2652,#2653,#139,.T.);
#3219=EDGE_CURVE('',#2653,#2654,#140,.T.);
#3220=EDGE_CURVE('',#2654,#2649,#141,.T.);
#3221=EDGE_CURVE('',#2655,#2656,#142,.T.);
#3222=EDGE_CURVE('',#2656,#2657,#143,.T.);
#3223=EDGE_CURVE('',#2657,#2658,#144,.T.);
#3224=EDGE_CURVE('',#2655,#2658,#145,.T.);
#3225=EDGE_CURVE('',#2656,#2659,#146,.T.);
#3226=EDGE_CURVE('',#2659,#2660,#147,.T.);
#3227=EDGE_CURVE('',#2660,#2657,#148,.T.);
#3228=EDGE_CURVE('',#2661,#2662,#149,.T.);
#3229=EDGE_CURVE('',#2662,#2663,#150,.T.);
#3230=EDGE_CURVE('',#2663,#2664,#151,.T.);
#3231=EDGE_CURVE('',#2664,#2661,#152,.T.);
#3232=EDGE_CURVE('',#2665,#2666,#153,.T.);
#3233=EDGE_CURVE('',#2666,#2663,#2477,.T.);
#3234=EDGE_CURVE('',#2662,#2665,#2478,.T.);
#3235=EDGE_CURVE('',#2667,#2668,#154,.T.);
#3236=EDGE_CURVE('',#2668,#2666,#155,.T.);
#3237=EDGE_CURVE('',#2665,#2667,#156,.T.);
#3238=EDGE_CURVE('',#2669,#2670,#157,.T.);
#3239=EDGE_CURVE('',#2670,#2668,#2479,.T.);
#3240=EDGE_CURVE('',#2667,#2669,#2480,.T.);
#3241=EDGE_CURVE('',#2671,#2670,#158,.T.);
#3242=EDGE_CURVE('',#2669,#2672,#159,.T.);
#3243=EDGE_CURVE('',#2672,#2671,#160,.T.);
#3244=EDGE_CURVE('',#2659,#2661,#161,.T.);
#3245=EDGE_CURVE('',#2664,#2660,#162,.T.);
#3246=EDGE_CURVE('',#2673,#2671,#163,.T.);
#3247=EDGE_CURVE('',#2672,#2674,#164,.T.);
#3248=EDGE_CURVE('',#2674,#2673,#165,.T.);
#3249=EDGE_CURVE('',#2653,#2673,#166,.T.);
#3250=EDGE_CURVE('',#2674,#2654,#167,.T.);
#3251=EDGE_CURVE('',#2675,#2676,#168,.T.);
#3252=EDGE_CURVE('',#2676,#2651,#2481,.T.);
#3253=EDGE_CURVE('',#2650,#2675,#2482,.T.);
#3254=EDGE_CURVE('',#2677,#2678,#169,.T.);
#3255=EDGE_CURVE('',#2678,#2676,#170,.T.);
#3256=EDGE_CURVE('',#2675,#2677,#171,.T.);
#3257=EDGE_CURVE('',#2679,#2680,#172,.T.);
#3258=EDGE_CURVE('',#2680,#2678,#2483,.T.);
#3259=EDGE_CURVE('',#2677,#2679,#2484,.T.);
#3260=EDGE_CURVE('',#2658,#2680,#173,.T.);
#3261=EDGE_CURVE('',#2679,#2655,#174,.T.);
#3262=EDGE_CURVE('',#2658,#2681,#175,.T.);
#3263=EDGE_CURVE('',#2681,#2682,#176,.T.);
#3264=EDGE_CURVE('',#2682,#2683,#2485,.T.);
#3265=EDGE_CURVE('',#2683,#2684,#177,.T.);
#3266=EDGE_CURVE('',#2684,#2629,#2486,.T.);
#3267=EDGE_CURVE('',#2628,#2652,#178,.T.);
#3268=EDGE_CURVE('',#2685,#2657,#179,.T.);
#3269=EDGE_CURVE('',#2685,#2681,#180,.T.);
#3270=EDGE_CURVE('',#2686,#2660,#181,.T.);
#3271=EDGE_CURVE('',#2686,#2685,#182,.T.);
#3272=EDGE_CURVE('',#2687,#2664,#183,.T.);
#3273=EDGE_CURVE('',#2687,#2686,#184,.T.);
#3274=EDGE_CURVE('',#2688,#2669,#185,.T.);
#3275=EDGE_CURVE('',#2689,#2688,#186,.T.);
#3276=EDGE_CURVE('',#2689,#2650,#187,.T.);
#3277=EDGE_CURVE('',#2690,#2667,#188,.T.);
#3278=EDGE_CURVE('',#2688,#2690,#2487,.T.);
#3279=EDGE_CURVE('',#2691,#2665,#189,.T.);
#3280=EDGE_CURVE('',#2690,#2691,#190,.T.);
#3281=EDGE_CURVE('',#2692,#2662,#191,.T.);
#3282=EDGE_CURVE('',#2691,#2692,#2488,.T.);
#3283=EDGE_CURVE('',#2693,#2694,#2489,.T.);
#3284=EDGE_CURVE('',#2694,#2693,#2490,.T.);
#3285=EDGE_CURVE('',#2693,#2695,#192,.T.);
#3286=EDGE_CURVE('',#2695,#2695,#2491,.T.);
#3287=EDGE_CURVE('',#2696,#2696,#2492,.T.);
#3288=EDGE_CURVE('',#2696,#2694,#193,.T.);
#3289=EDGE_CURVE('',#2697,#2698,#194,.T.);
#3290=EDGE_CURVE('',#2699,#2697,#195,.T.);
#3291=EDGE_CURVE('',#2700,#2699,#196,.T.);
#3292=EDGE_CURVE('',#2701,#2700,#197,.F.);
#3293=EDGE_CURVE('',#2702,#2701,#198,.T.);
#3294=EDGE_CURVE('',#2703,#2702,#199,.T.);
#3295=EDGE_CURVE('',#2704,#2703,#200,.T.);
#3296=EDGE_CURVE('',#2705,#2704,#201,.T.);
#3297=EDGE_CURVE('',#2706,#2705,#202,.T.);
#3298=EDGE_CURVE('',#2707,#2706,#203,.T.);
#3299=EDGE_CURVE('',#2708,#2707,#204,.F.);
#3300=EDGE_CURVE('',#2709,#2708,#205,.T.);
#3301=EDGE_CURVE('',#2710,#2709,#206,.T.);
#3302=EDGE_CURVE('',#2698,#2710,#207,.T.);
#3303=EDGE_CURVE('',#2711,#2711,#2493,.T.);
#3304=EDGE_CURVE('',#2637,#2696,#208,.T.);
#3305=EDGE_CURVE('',#2638,#2712,#209,.T.);
#3306=EDGE_CURVE('',#2712,#2712,#2494,.T.);
#3307=EDGE_CURVE('',#2712,#2713,#210,.T.);
#3308=EDGE_CURVE('',#2714,#2713,#2495,.T.);
#3309=EDGE_CURVE('',#2713,#2714,#2496,.T.);
#3310=EDGE_CURVE('',#2714,#2711,#211,.T.);
#3311=EDGE_CURVE('',#2715,#2716,#212,.T.);
#3312=EDGE_CURVE('',#2717,#2715,#213,.T.);
#3313=EDGE_CURVE('',#2716,#2717,#214,.T.);
#3314=EDGE_CURVE('',#2718,#2716,#215,.T.);
#3315=EDGE_CURVE('',#2717,#2719,#216,.T.);
#3316=EDGE_CURVE('',#2719,#2718,#217,.T.);
#3317=EDGE_CURVE('',#2719,#2720,#218,.T.);
#3318=EDGE_CURVE('',#2720,#2721,#219,.T.);
#3319=EDGE_CURVE('',#2721,#2718,#220,.T.);
#3320=EDGE_CURVE('',#2720,#2722,#221,.T.);
#3321=EDGE_CURVE('',#2722,#2723,#222,.T.);
#3322=EDGE_CURVE('',#2723,#2721,#223,.T.);
#3323=EDGE_CURVE('',#2724,#2725,#224,.T.);
#3324=EDGE_CURVE('',#2725,#2726,#225,.T.);
#3325=EDGE_CURVE('',#2726,#2727,#226,.T.);
#3326=EDGE_CURVE('',#2727,#2724,#227,.T.);
#3327=EDGE_CURVE('',#2722,#2728,#228,.T.);
#3328=EDGE_CURVE('',#2728,#2729,#229,.T.);
#3329=EDGE_CURVE('',#2729,#2723,#230,.T.);
#3330=EDGE_CURVE('',#2728,#2730,#231,.T.);
#3331=EDGE_CURVE('',#2730,#2731,#232,.T.);
#3332=EDGE_CURVE('',#2731,#2729,#233,.T.);
#3333=EDGE_CURVE('',#2732,#2733,#234,.T.);
#3334=EDGE_CURVE('',#2734,#2732,#235,.T.);
#3335=EDGE_CURVE('',#2733,#2734,#236,.T.);
#3336=EDGE_CURVE('',#2730,#2734,#237,.T.);
#3337=EDGE_CURVE('',#2732,#2731,#238,.T.);
#3338=EDGE_CURVE('',#2735,#2733,#239,.T.);
#3339=EDGE_CURVE('',#2734,#2736,#240,.T.);
#3340=EDGE_CURVE('',#2736,#2735,#241,.T.);
#3341=EDGE_CURVE('',#2737,#2735,#242,.T.);
#3342=EDGE_CURVE('',#2736,#2738,#243,.T.);
#3343=EDGE_CURVE('',#2738,#2737,#244,.T.);
#3344=EDGE_CURVE('',#2707,#2732,#245,.T.);
#3345=EDGE_CURVE('',#2733,#2708,#246,.T.);
#3346=EDGE_CURVE('',#2739,#2737,#247,.T.);
#3347=EDGE_CURVE('',#2738,#2740,#248,.T.);
#3348=EDGE_CURVE('',#2740,#2739,#249,.T.);
#3349=EDGE_CURVE('',#2725,#2739,#250,.T.);
#3350=EDGE_CURVE('',#2740,#2726,#251,.T.);
#3351=EDGE_CURVE('',#2727,#2717,#252,.T.);
#3352=EDGE_CURVE('',#2715,#2724,#253,.T.);
#3353=EDGE_CURVE('',#2700,#2715,#254,.T.);
#3354=EDGE_CURVE('',#2716,#2701,#255,.T.);
#3355=EDGE_CURVE('',#2735,#2709,#256,.T.);
#3356=EDGE_CURVE('',#2737,#2710,#257,.T.);
#3357=EDGE_CURVE('',#2739,#2698,#258,.T.);
#3358=EDGE_CURVE('',#2725,#2697,#259,.T.);
#3359=EDGE_CURVE('',#2724,#2699,#260,.T.);
#3360=EDGE_CURVE('',#2692,#2741,#261,.T.);
#3361=EDGE_CURVE('',#2741,#2742,#2497,.T.);
#3362=EDGE_CURVE('',#2742,#2743,#262,.T.);
#3363=EDGE_CURVE('',#2743,#2689,#2498,.T.);
#3364=EDGE_CURVE('',#2744,#2744,#2499,.T.);
#3365=EDGE_CURVE('',#2745,#2745,#2500,.T.);
#3366=EDGE_CURVE('',#2746,#2746,#2501,.T.);
#3367=EDGE_CURVE('',#2747,#2747,#2502,.T.);
#3368=EDGE_CURVE('',#2748,#2749,#263,.T.);
#3369=EDGE_CURVE('',#2750,#2748,#264,.T.);
#3370=EDGE_CURVE('',#2751,#2750,#265,.T.);
#3371=EDGE_CURVE('',#2749,#2751,#266,.T.);
#3372=EDGE_CURVE('',#2752,#2753,#267,.T.);
#3373=EDGE_CURVE('',#2754,#2752,#268,.T.);
#3374=EDGE_CURVE('',#2755,#2754,#269,.T.);
#3375=EDGE_CURVE('',#2753,#2755,#270,.T.);
#3376=EDGE_CURVE('',#2744,#2756,#271,.T.);
#3377=EDGE_CURVE('',#2756,#2756,#2503,.T.);
#3378=EDGE_CURVE('',#2756,#2757,#272,.T.);
#3379=EDGE_CURVE('',#2757,#2757,#2504,.T.);
#3380=EDGE_CURVE('',#2758,#2758,#2505,.T.);
#3381=EDGE_CURVE('',#2758,#2648,#273,.T.);
#3382=EDGE_CURVE('',#2759,#2760,#274,.T.);
#3383=EDGE_CURVE('',#2761,#2759,#275,.T.);
#3384=EDGE_CURVE('',#2762,#2761,#276,.T.);
#3385=EDGE_CURVE('',#2760,#2762,#277,.T.);
#3386=EDGE_CURVE('',#2753,#2763,#278,.T.);
#3387=EDGE_CURVE('',#2763,#2764,#279,.T.);
#3388=EDGE_CURVE('',#2764,#2752,#280,.T.);
#3389=EDGE_CURVE('',#2755,#2765,#281,.T.);
#3390=EDGE_CURVE('',#2765,#2763,#282,.T.);
#3391=EDGE_CURVE('',#2766,#2765,#283,.T.);
#3392=EDGE_CURVE('',#2754,#2766,#284,.T.);
#3393=EDGE_CURVE('',#2764,#2766,#285,.T.);
#3394=EDGE_CURVE('',#2764,#2759,#286,.T.);
#3395=EDGE_CURVE('',#2766,#2760,#287,.T.);
#3396=EDGE_CURVE('',#2763,#2761,#288,.T.);
#3397=EDGE_CURVE('',#2745,#2767,#289,.T.);
#3398=EDGE_CURVE('',#2767,#2767,#2506,.T.);
#3399=EDGE_CURVE('',#2767,#2768,#290,.T.);
#3400=EDGE_CURVE('',#2768,#2768,#2507,.T.);
#3401=EDGE_CURVE('',#2750,#2769,#291,.T.);
#3402=EDGE_CURVE('',#2769,#2770,#292,.T.);
#3403=EDGE_CURVE('',#2770,#2751,#293,.T.);
#3404=EDGE_CURVE('',#2749,#2771,#294,.T.);
#3405=EDGE_CURVE('',#2771,#2772,#295,.T.);
#3406=EDGE_CURVE('',#2772,#2748,#296,.T.);
#3407=EDGE_CURVE('',#2770,#2771,#297,.T.);
#3408=EDGE_CURVE('',#2772,#2769,#298,.T.);
#3409=EDGE_CURVE('',#2772,#2773,#299,.T.);
#3410=EDGE_CURVE('',#2773,#2774,#300,.T.);
#3411=EDGE_CURVE('',#2769,#2774,#301,.T.);
#3412=EDGE_CURVE('',#2771,#2775,#302,.T.);
#3413=EDGE_CURVE('',#2775,#2773,#303,.T.);
#3414=EDGE_CURVE('',#2746,#2776,#304,.T.);
#3415=EDGE_CURVE('',#2776,#2776,#2508,.T.);
#3416=EDGE_CURVE('',#2776,#2777,#305,.T.);
#3417=EDGE_CURVE('',#2777,#2777,#2509,.T.);
#3418=EDGE_CURVE('',#2747,#2778,#306,.T.);
#3419=EDGE_CURVE('',#2778,#2778,#2510,.T.);
#3420=EDGE_CURVE('',#2778,#2779,#307,.T.);
#3421=EDGE_CURVE('',#2779,#2779,#2511,.T.);
#3422=EDGE_CURVE('',#2671,#2625,#308,.T.);
#3423=EDGE_CURVE('',#2632,#2687,#309,.T.);
#3424=EDGE_CURVE('',#2626,#2673,#310,.T.);
#3425=EDGE_CURVE('',#2627,#2653,#311,.T.);
#3426=EDGE_CURVE('',#2741,#2679,#312,.T.);
#3427=EDGE_CURVE('',#2742,#2677,#313,.T.);
#3428=EDGE_CURVE('',#2743,#2675,#314,.T.);
#3429=EDGE_CURVE('',#2718,#2702,#315,.T.);
#3430=EDGE_CURVE('',#2721,#2703,#316,.T.);
#3431=EDGE_CURVE('',#2723,#2704,#317,.T.);
#3432=EDGE_CURVE('',#2729,#2705,#318,.T.);
#3433=EDGE_CURVE('',#2731,#2706,#319,.T.);
#3434=EDGE_CURVE('',#2770,#2780,#320,.F.);
#3435=EDGE_CURVE('',#2780,#2775,#321,.T.);
#3436=EDGE_CURVE('',#2645,#2781,#322,.F.);
#3437=EDGE_CURVE('',#2781,#2643,#323,.T.);
#3438=EDGE_CURVE('',#2781,#2646,#324,.F.);
#3439=EDGE_CURVE('',#2765,#2762,#325,.F.);
#3440=EDGE_CURVE('',#2774,#2780,#326,.T.);
#3441=EDGE_CURVE('',#2684,#2617,#327,.T.);
#3442=EDGE_CURVE('',#2615,#2683,#328,.T.);
#3443=EDGE_CURVE('',#2682,#2613,#329,.T.);
#3444=EDGE_CURVE('',#2782,#2783,#330,.T.);
#3445=EDGE_CURVE('',#2784,#2782,#2512,.T.);
#3446=EDGE_CURVE('',#2784,#2785,#331,.T.);
#3447=EDGE_CURVE('',#2783,#2785,#2513,.T.);
#3448=EDGE_CURVE('',#2786,#2787,#332,.T.);
#3449=EDGE_CURVE('',#2787,#2788,#333,.T.);
#3450=EDGE_CURVE('',#2789,#2788,#334,.T.);
#3451=EDGE_CURVE('',#2786,#2789,#335,.T.);
#3452=EDGE_CURVE('',#2789,#2790,#336,.T.);
#3453=EDGE_CURVE('',#2790,#2791,#337,.T.);
#3454=EDGE_CURVE('',#2791,#2786,#338,.T.);
#3455=EDGE_CURVE('',#2785,#2792,#339,.T.);
#3456=EDGE_CURVE('',#2792,#2791,#2514,.T.);
#3457=EDGE_CURVE('',#2790,#2783,#2515,.T.);
#3458=EDGE_CURVE('',#2787,#2792,#340,.T.);
#3459=EDGE_CURVE('',#2785,#2788,#341,.T.);
#3460=EDGE_CURVE('',#2793,#2789,#342,.T.);
#3461=EDGE_CURVE('',#2794,#2793,#343,.T.);
#3462=EDGE_CURVE('',#2794,#2790,#344,.T.);
#3463=EDGE_CURVE('',#2795,#2795,#2516,.T.);
#3464=EDGE_CURVE('',#2795,#2796,#345,.T.);
#3465=EDGE_CURVE('',#2796,#2797,#2517,.T.);
#3466=EDGE_CURVE('',#2797,#2796,#2518,.T.);
#3467=EDGE_CURVE('',#2797,#2798,#346,.T.);
#3468=EDGE_CURVE('',#2798,#2798,#2519,.T.);
#3469=EDGE_CURVE('',#2798,#2799,#347,.T.);
#3470=EDGE_CURVE('',#2782,#2794,#2520,.T.);
#3471=EDGE_CURVE('',#2800,#2801,#348,.T.);
#3472=EDGE_CURVE('',#2801,#2802,#349,.T.);
#3473=EDGE_CURVE('',#2802,#2803,#350,.T.);
#3474=EDGE_CURVE('',#2803,#2800,#351,.T.);
#3475=EDGE_CURVE('',#2800,#2804,#352,.T.);
#3476=EDGE_CURVE('',#2803,#2805,#353,.T.);
#3477=EDGE_CURVE('',#2805,#2804,#354,.T.);
#3478=EDGE_CURVE('',#2806,#2807,#355,.T.);
#3479=EDGE_CURVE('',#2807,#2802,#2521,.T.);
#3480=EDGE_CURVE('',#2801,#2806,#2522,.T.);
#3481=EDGE_CURVE('',#2805,#2807,#356,.T.);
#3482=EDGE_CURVE('',#2806,#2804,#357,.T.);
#3483=EDGE_CURVE('',#2808,#2801,#358,.T.);
#3484=EDGE_CURVE('',#2809,#2808,#2523,.T.);
#3485=EDGE_CURVE('',#2809,#2806,#359,.T.);
#3486=EDGE_CURVE('',#2810,#2800,#360,.T.);
#3487=EDGE_CURVE('',#2808,#2810,#361,.T.);
#3488=EDGE_CURVE('',#2811,#2811,#2524,.T.);
#3489=EDGE_CURVE('',#2811,#2812,#362,.T.);
#3490=EDGE_CURVE('',#2812,#2813,#2525,.T.);
#3491=EDGE_CURVE('',#2813,#2812,#2526,.T.);
#3492=EDGE_CURVE('',#2813,#2814,#363,.T.);
#3493=EDGE_CURVE('',#2814,#2814,#2527,.T.);
#3494=EDGE_CURVE('',#2814,#2815,#364,.T.);
#3495=EDGE_CURVE('',#2816,#2816,#2528,.T.);
#3496=EDGE_CURVE('',#2816,#2817,#365,.T.);
#3497=EDGE_CURVE('',#2817,#2817,#2529,.T.);
#3498=EDGE_CURVE('',#2818,#2818,#2530,.T.);
#3499=EDGE_CURVE('',#2818,#2817,#366,.T.);
#3500=EDGE_CURVE('',#2819,#2820,#367,.T.);
#3501=EDGE_CURVE('',#2819,#2821,#368,.T.);
#3502=EDGE_CURVE('',#2821,#2822,#369,.F.);
#3503=EDGE_CURVE('',#2822,#2823,#370,.T.);
#3504=EDGE_CURVE('',#2823,#2824,#371,.T.);
#3505=EDGE_CURVE('',#2824,#2825,#372,.T.);
#3506=EDGE_CURVE('',#2825,#2826,#373,.F.);
#3507=EDGE_CURVE('',#2820,#2826,#374,.T.);
#3508=EDGE_CURVE('',#2827,#2827,#2531,.T.);
#3509=EDGE_CURVE('',#2827,#2828,#375,.T.);
#3510=EDGE_CURVE('',#2828,#2828,#2532,.T.);
#3511=EDGE_CURVE('',#2829,#2830,#376,.T.);
#3512=EDGE_CURVE('',#2829,#2831,#377,.T.);
#3513=EDGE_CURVE('',#2831,#2782,#378,.F.);
#3514=EDGE_CURVE('',#2782,#2783,#379,.T.);
#3515=EDGE_CURVE('',#2782,#2832,#380,.F.);
#3516=EDGE_CURVE('',#2830,#2832,#381,.T.);
#3517=EDGE_CURVE('',#2833,#2833,#2533,.T.);
#3518=EDGE_CURVE('',#2833,#2834,#382,.T.);
#3519=EDGE_CURVE('',#2834,#2834,#2534,.T.);
#3520=EDGE_CURVE('',#2835,#2835,#2535,.T.);
#3521=EDGE_CURVE('',#2835,#2834,#383,.T.);
#3522=EDGE_CURVE('',#2836,#2837,#384,.T.);
#3523=EDGE_CURVE('',#2836,#2838,#385,.T.);
#3524=EDGE_CURVE('',#2838,#2839,#386,.F.);
#3525=EDGE_CURVE('',#2839,#2840,#387,.T.);
#3526=EDGE_CURVE('',#2840,#2841,#388,.T.);
#3527=EDGE_CURVE('',#2841,#2842,#389,.T.);
#3528=EDGE_CURVE('',#2842,#2843,#390,.F.);
#3529=EDGE_CURVE('',#2837,#2843,#391,.T.);
#3530=EDGE_CURVE('',#2844,#2844,#2536,.T.);
#3531=EDGE_CURVE('',#2844,#2845,#392,.T.);
#3532=EDGE_CURVE('',#2845,#2845,#2537,.T.);
#3533=EDGE_CURVE('',#2846,#2847,#393,.T.);
#3534=EDGE_CURVE('',#2846,#2848,#394,.T.);
#3535=EDGE_CURVE('',#2848,#2849,#395,.F.);
#3536=EDGE_CURVE('',#2849,#2847,#396,.T.);
#3537=EDGE_CURVE('',#2820,#2850,#397,.T.);
#3538=EDGE_CURVE('',#2850,#2851,#398,.T.);
#3539=EDGE_CURVE('',#2851,#2819,#399,.T.);
#3540=EDGE_CURVE('',#2852,#2853,#400,.T.);
#3541=EDGE_CURVE('',#2853,#2850,#2538,.T.);
#3542=EDGE_CURVE('',#2820,#2852,#2539,.T.);
#3543=EDGE_CURVE('',#2854,#2855,#401,.T.);
#3544=EDGE_CURVE('',#2855,#2853,#402,.T.);
#3545=EDGE_CURVE('',#2852,#2854,#403,.T.);
#3546=EDGE_CURVE('',#2836,#2856,#404,.T.);
#3547=EDGE_CURVE('',#2856,#2855,#2540,.T.);
#3548=EDGE_CURVE('',#2854,#2836,#2541,.T.);
#3549=EDGE_CURVE('',#2837,#2857,#405,.T.);
#3550=EDGE_CURVE('',#2857,#2856,#406,.T.);
#3551=EDGE_CURVE('',#2858,#2859,#407,.T.);
#3552=EDGE_CURVE('',#2859,#2857,#2542,.T.);
#3553=EDGE_CURVE('',#2837,#2858,#2543,.T.);
#3554=EDGE_CURVE('',#2860,#2861,#408,.T.);
#3555=EDGE_CURVE('',#2861,#2859,#409,.T.);
#3556=EDGE_CURVE('',#2858,#2860,#410,.T.);
#3557=EDGE_CURVE('',#2851,#2861,#2544,.T.);
#3558=EDGE_CURVE('',#2860,#2819,#2545,.T.);
#3559=EDGE_CURVE('',#2854,#2862,#411,.T.);
#3560=EDGE_CURVE('',#2862,#2838,#2546,.F.);
#3561=EDGE_CURVE('',#2852,#2863,#412,.T.);
#3562=EDGE_CURVE('',#2863,#2862,#413,.F.);
#3563=EDGE_CURVE('',#2826,#2863,#2547,.F.);
#3564=EDGE_CURVE('',#2864,#2865,#414,.T.);
#3565=EDGE_CURVE('',#2866,#2864,#2548,.T.);
#3566=EDGE_CURVE('',#2867,#2866,#415,.T.);
#3567=EDGE_CURVE('',#2868,#2867,#2549,.T.);
#3568=EDGE_CURVE('',#2869,#2868,#416,.T.);
#3569=EDGE_CURVE('',#2870,#2869,#2550,.T.);
#3570=EDGE_CURVE('',#2871,#2870,#417,.T.);
#3571=EDGE_CURVE('',#2865,#2871,#2551,.T.);
#3572=EDGE_CURVE('',#2872,#2873,#418,.T.);
#3573=EDGE_CURVE('',#2873,#2874,#419,.T.);
#3574=EDGE_CURVE('',#2874,#2875,#420,.T.);
#3575=EDGE_CURVE('',#2875,#2872,#421,.T.);
#3576=EDGE_CURVE('',#2876,#2877,#422,.T.);
#3577=EDGE_CURVE('',#2877,#2873,#2552,.T.);
#3578=EDGE_CURVE('',#2872,#2876,#2553,.T.);
#3579=EDGE_CURVE('',#2878,#2879,#423,.T.);
#3580=EDGE_CURVE('',#2879,#2877,#424,.T.);
#3581=EDGE_CURVE('',#2876,#2878,#425,.T.);
#3582=EDGE_CURVE('',#2880,#2881,#426,.T.);
#3583=EDGE_CURVE('',#2881,#2879,#2554,.T.);
#3584=EDGE_CURVE('',#2878,#2880,#2555,.T.);
#3585=EDGE_CURVE('',#2882,#2883,#427,.T.);
#3586=EDGE_CURVE('',#2883,#2881,#428,.T.);
#3587=EDGE_CURVE('',#2880,#2882,#429,.T.);
#3588=EDGE_CURVE('',#2884,#2885,#430,.T.);
#3589=EDGE_CURVE('',#2885,#2883,#2556,.T.);
#3590=EDGE_CURVE('',#2882,#2884,#2557,.T.);
#3591=EDGE_CURVE('',#2886,#2887,#431,.T.);
#3592=EDGE_CURVE('',#2887,#2885,#432,.T.);
#3593=EDGE_CURVE('',#2884,#2886,#433,.T.);
#3594=EDGE_CURVE('',#2874,#2887,#2558,.T.);
#3595=EDGE_CURVE('',#2886,#2875,#2559,.T.);
#3596=EDGE_CURVE('',#2888,#2878,#434,.T.);
#3597=EDGE_CURVE('',#2888,#2889,#2560,.T.);
#3598=EDGE_CURVE('',#2889,#2880,#435,.T.);
#3599=EDGE_CURVE('',#2890,#2876,#436,.T.);
#3600=EDGE_CURVE('',#2890,#2891,#437,.T.);
#3601=EDGE_CURVE('',#2891,#2892,#438,.T.);
#3602=EDGE_CURVE('',#2892,#2893,#439,.T.);
#3603=EDGE_CURVE('',#2893,#2894,#440,.T.);
#3604=EDGE_CURVE('',#2894,#2888,#441,.T.);
#3605=EDGE_CURVE('',#2895,#2872,#442,.T.);
#3606=EDGE_CURVE('',#2895,#2890,#2561,.T.);
#3607=EDGE_CURVE('',#2896,#2875,#443,.T.);
#3608=EDGE_CURVE('',#2896,#2895,#444,.T.);
#3609=EDGE_CURVE('',#2897,#2897,#2562,.T.);
#3610=EDGE_CURVE('',#2898,#2898,#2563,.T.);
#3611=EDGE_CURVE('',#2899,#2900,#2564,.T.);
#3612=EDGE_CURVE('',#2901,#2899,#445,.T.);
#3613=EDGE_CURVE('',#2902,#2901,#2565,.T.);
#3614=EDGE_CURVE('',#2900,#2902,#446,.T.);
#3615=EDGE_CURVE('',#2903,#2903,#2566,.T.);
#3616=EDGE_CURVE('',#2904,#2904,#2567,.T.);
#3617=EDGE_CURVE('',#2905,#2906,#447,.T.);
#3618=EDGE_CURVE('',#2906,#2907,#448,.F.);
#3619=EDGE_CURVE('',#2907,#2908,#449,.T.);
#3620=EDGE_CURVE('',#2908,#2905,#450,.T.);
#3621=EDGE_CURVE('',#2908,#2909,#451,.T.);
#3622=EDGE_CURVE('',#2909,#2910,#452,.T.);
#3623=EDGE_CURVE('',#2910,#2905,#453,.T.);
#3624=EDGE_CURVE('',#2911,#2912,#454,.T.);
#3625=EDGE_CURVE('',#2913,#2911,#455,.T.);
#3626=EDGE_CURVE('',#2912,#2913,#456,.T.);
#3627=EDGE_CURVE('',#2914,#2915,#457,.F.);
#3628=EDGE_CURVE('',#2915,#2913,#458,.T.);
#3629=EDGE_CURVE('',#2911,#2914,#459,.T.);
#3630=EDGE_CURVE('',#2916,#2917,#460,.T.);
#3631=EDGE_CURVE('',#2918,#2916,#461,.T.);
#3632=EDGE_CURVE('',#2917,#2918,#462,.T.);
#3633=EDGE_CURVE('',#2919,#2918,#463,.T.);
#3634=EDGE_CURVE('',#2916,#2920,#464,.T.);
#3635=EDGE_CURVE('',#2920,#2919,#465,.T.);
#3636=EDGE_CURVE('',#2912,#2917,#466,.T.);
#3637=EDGE_CURVE('',#2918,#2911,#467,.T.);
#3638=EDGE_CURVE('',#2921,#2922,#468,.T.);
#3639=EDGE_CURVE('',#2923,#2921,#469,.T.);
#3640=EDGE_CURVE('',#2922,#2923,#470,.T.);
#3641=EDGE_CURVE('',#2924,#2925,#471,.F.);
#3642=EDGE_CURVE('',#2925,#2923,#472,.T.);
#3643=EDGE_CURVE('',#2921,#2924,#473,.T.);
#3644=EDGE_CURVE('',#2917,#2922,#474,.T.);
#3645=EDGE_CURVE('',#2923,#2916,#475,.T.);
#3646=EDGE_CURVE('',#2926,#2921,#476,.T.);
#3647=EDGE_CURVE('',#2922,#2927,#477,.T.);
#3648=EDGE_CURVE('',#2927,#2926,#478,.T.);
#3649=EDGE_CURVE('',#2927,#2912,#479,.T.);
#3650=EDGE_CURVE('',#2913,#2926,#480,.T.);
#3651=EDGE_CURVE('',#2909,#2919,#481,.T.);
#3652=EDGE_CURVE('',#2920,#2910,#482,.T.);
#3653=EDGE_CURVE('',#2907,#2928,#483,.T.);
#3654=EDGE_CURVE('',#2928,#2929,#484,.T.);
#3655=EDGE_CURVE('',#2930,#2929,#485,.T.);
#3656=EDGE_CURVE('',#2914,#2930,#486,.T.);
#3657=EDGE_CURVE('',#2910,#2931,#487,.T.);
#3658=EDGE_CURVE('',#2932,#2931,#488,.T.);
#3659=EDGE_CURVE('',#2905,#2932,#489,.T.);
#3660=EDGE_CURVE('',#2933,#2920,#490,.T.);
#3661=EDGE_CURVE('',#2931,#2933,#491,.T.);
#3662=EDGE_CURVE('',#2932,#2933,#492,.T.);
#3663=EDGE_CURVE('',#2934,#2925,#493,.T.);
#3664=EDGE_CURVE('',#2934,#2935,#494,.T.);
#3665=EDGE_CURVE('',#2936,#2935,#495,.F.);
#3666=EDGE_CURVE('',#2936,#2906,#496,.T.);
#3667=EDGE_CURVE('',#2937,#2938,#497,.T.);
#3668=EDGE_CURVE('',#2938,#2939,#498,.T.);
#3669=EDGE_CURVE('',#2939,#2940,#499,.T.);
#3670=EDGE_CURVE('',#2940,#2937,#500,.T.);
#3671=EDGE_CURVE('',#2941,#2942,#501,.T.);
#3672=EDGE_CURVE('',#2942,#2943,#502,.T.);
#3673=EDGE_CURVE('',#2943,#2944,#503,.T.);
#3674=EDGE_CURVE('',#2944,#2941,#504,.T.);
#3675=EDGE_CURVE('',#2945,#2946,#505,.T.);
#3676=EDGE_CURVE('',#2946,#2947,#506,.T.);
#3677=EDGE_CURVE('',#2947,#2948,#507,.T.);
#3678=EDGE_CURVE('',#2948,#2945,#508,.T.);
#3679=EDGE_CURVE('',#2949,#2950,#509,.T.);
#3680=EDGE_CURVE('',#2950,#2951,#510,.T.);
#3681=EDGE_CURVE('',#2951,#2952,#511,.T.);
#3682=EDGE_CURVE('',#2952,#2949,#512,.T.);
#3683=EDGE_CURVE('',#2953,#2954,#513,.T.);
#3684=EDGE_CURVE('',#2954,#2955,#514,.T.);
#3685=EDGE_CURVE('',#2955,#2956,#515,.T.);
#3686=EDGE_CURVE('',#2956,#2953,#516,.T.);
#3687=EDGE_CURVE('',#2957,#2958,#517,.T.);
#3688=EDGE_CURVE('',#2958,#2959,#518,.T.);
#3689=EDGE_CURVE('',#2959,#2960,#519,.T.);
#3690=EDGE_CURVE('',#2960,#2957,#520,.T.);
#3691=EDGE_CURVE('',#2961,#2962,#521,.T.);
#3692=EDGE_CURVE('',#2963,#2961,#522,.T.);
#3693=EDGE_CURVE('',#2962,#2963,#523,.T.);
#3694=EDGE_CURVE('',#2964,#2965,#524,.F.);
#3695=EDGE_CURVE('',#2965,#2963,#525,.T.);
#3696=EDGE_CURVE('',#2961,#2964,#526,.T.);
#3697=EDGE_CURVE('',#2966,#2967,#527,.T.);
#3698=EDGE_CURVE('',#2968,#2966,#528,.T.);
#3699=EDGE_CURVE('',#2967,#2968,#529,.T.);
#3700=EDGE_CURVE('',#2969,#2968,#530,.T.);
#3701=EDGE_CURVE('',#2966,#2970,#531,.T.);
#3702=EDGE_CURVE('',#2970,#2969,#532,.T.);
#3703=EDGE_CURVE('',#2971,#2961,#533,.T.);
#3704=EDGE_CURVE('',#2962,#2972,#534,.T.);
#3705=EDGE_CURVE('',#2972,#2971,#535,.T.);
#3706=EDGE_CURVE('',#2972,#2973,#536,.T.);
#3707=EDGE_CURVE('',#2973,#2974,#537,.T.);
#3708=EDGE_CURVE('',#2974,#2971,#538,.T.);
#3709=EDGE_CURVE('',#2973,#2975,#539,.T.);
#3710=EDGE_CURVE('',#2975,#2976,#540,.T.);
#3711=EDGE_CURVE('',#2976,#2974,#541,.T.);
#3712=EDGE_CURVE('',#2975,#2977,#542,.T.);
#3713=EDGE_CURVE('',#2977,#2978,#543,.T.);
#3714=EDGE_CURVE('',#2978,#2976,#544,.T.);
#3715=EDGE_CURVE('',#2977,#2979,#545,.T.);
#3716=EDGE_CURVE('',#2979,#2980,#546,.T.);
#3717=EDGE_CURVE('',#2980,#2978,#547,.T.);
#3718=EDGE_CURVE('',#2981,#2982,#548,.T.);
#3719=EDGE_CURVE('',#2983,#2981,#549,.T.);
#3720=EDGE_CURVE('',#2982,#2983,#550,.T.);
#3721=EDGE_CURVE('',#2984,#2985,#551,.F.);
#3722=EDGE_CURVE('',#2985,#2983,#552,.T.);
#3723=EDGE_CURVE('',#2981,#2984,#553,.T.);
#3724=EDGE_CURVE('',#2979,#2982,#554,.T.);
#3725=EDGE_CURVE('',#2983,#2980,#555,.T.);
#3726=EDGE_CURVE('',#2986,#2981,#556,.T.);
#3727=EDGE_CURVE('',#2982,#2987,#557,.T.);
#3728=EDGE_CURVE('',#2987,#2986,#558,.T.);
#3729=EDGE_CURVE('',#2988,#2986,#559,.T.);
#3730=EDGE_CURVE('',#2987,#2989,#560,.T.);
#3731=EDGE_CURVE('',#2989,#2988,#561,.T.);
#3732=EDGE_CURVE('',#2990,#2988,#562,.T.);
#3733=EDGE_CURVE('',#2989,#2991,#563,.T.);
#3734=EDGE_CURVE('',#2991,#2990,#564,.T.);
#3735=EDGE_CURVE('',#2992,#2990,#565,.T.);
#3736=EDGE_CURVE('',#2991,#2993,#566,.T.);
#3737=EDGE_CURVE('',#2993,#2992,#567,.T.);
#3738=EDGE_CURVE('',#2993,#2967,#568,.T.);
#3739=EDGE_CURVE('',#2968,#2992,#569,.T.);
#3740=EDGE_CURVE('',#2967,#2962,#570,.T.);
#3741=EDGE_CURVE('',#2963,#2966,#571,.T.);
#3742=EDGE_CURVE('',#2958,#2969,#572,.T.);
#3743=EDGE_CURVE('',#2970,#2959,#573,.T.);
#3744=EDGE_CURVE('',#2960,#2994,#574,.T.);
#3745=EDGE_CURVE('',#2994,#2995,#575,.F.);
#3746=EDGE_CURVE('',#2995,#2957,#576,.T.);
#3747=EDGE_CURVE('',#2996,#2985,#577,.T.);
#3748=EDGE_CURVE('',#2996,#2980,#578,.T.);
#3749=EDGE_CURVE('',#2997,#2986,#579,.T.);
#3750=EDGE_CURVE('',#2984,#2997,#580,.T.);
#3751=EDGE_CURVE('',#2998,#2988,#581,.T.);
#3752=EDGE_CURVE('',#2998,#2999,#582,.T.);
#3753=EDGE_CURVE('',#3000,#2999,#583,.F.);
#3754=EDGE_CURVE('',#3000,#3001,#584,.T.);
#3755=EDGE_CURVE('',#3001,#3002,#585,.T.);
#3756=EDGE_CURVE('',#3003,#3002,#586,.T.);
#3757=EDGE_CURVE('',#3004,#3003,#587,.F.);
#3758=EDGE_CURVE('',#2997,#3004,#588,.T.);
#3759=EDGE_CURVE('',#3005,#2990,#589,.T.);
#3760=EDGE_CURVE('',#3005,#2998,#590,.T.);
#3761=EDGE_CURVE('',#3006,#3007,#591,.T.);
#3762=EDGE_CURVE('',#3007,#3008,#592,.T.);
#3763=EDGE_CURVE('',#3008,#3009,#593,.T.);
#3764=EDGE_CURVE('',#3009,#3006,#594,.T.);
#3765=EDGE_CURVE('',#3010,#3011,#595,.T.);
#3766=EDGE_CURVE('',#3011,#3012,#596,.T.);
#3767=EDGE_CURVE('',#3012,#3013,#597,.T.);
#3768=EDGE_CURVE('',#3013,#3010,#598,.T.);
#3769=EDGE_CURVE('',#3014,#3015,#599,.T.);
#3770=EDGE_CURVE('',#3015,#3016,#600,.T.);
#3771=EDGE_CURVE('',#3016,#3017,#601,.T.);
#3772=EDGE_CURVE('',#3017,#3014,#602,.T.);
#3773=EDGE_CURVE('',#3018,#3019,#603,.T.);
#3774=EDGE_CURVE('',#3019,#3020,#604,.T.);
#3775=EDGE_CURVE('',#3020,#3021,#605,.T.);
#3776=EDGE_CURVE('',#3021,#3018,#606,.T.);
#3777=EDGE_CURVE('',#3022,#3023,#607,.T.);
#3778=EDGE_CURVE('',#3023,#3024,#608,.T.);
#3779=EDGE_CURVE('',#3024,#3025,#609,.T.);
#3780=EDGE_CURVE('',#3025,#3022,#610,.T.);
#3781=EDGE_CURVE('',#3026,#3027,#611,.T.);
#3782=EDGE_CURVE('',#3027,#3028,#612,.T.);
#3783=EDGE_CURVE('',#3028,#3029,#613,.T.);
#3784=EDGE_CURVE('',#3029,#3026,#614,.T.);
#3785=EDGE_CURVE('',#3030,#2992,#615,.T.);
#3786=EDGE_CURVE('',#3030,#3031,#616,.T.);
#3787=EDGE_CURVE('',#3032,#3031,#617,.F.);
#3788=EDGE_CURVE('',#3032,#3033,#618,.T.);
#3789=EDGE_CURVE('',#3033,#3034,#619,.T.);
#3790=EDGE_CURVE('',#3034,#3035,#620,.T.);
#3791=EDGE_CURVE('',#3036,#3035,#621,.F.);
#3792=EDGE_CURVE('',#3036,#3005,#622,.T.);
#3793=EDGE_CURVE('',#2958,#3037,#623,.T.);
#3794=EDGE_CURVE('',#3038,#3037,#624,.T.);
#3795=EDGE_CURVE('',#2969,#3038,#625,.T.);
#3796=EDGE_CURVE('',#3039,#2957,#626,.T.);
#3797=EDGE_CURVE('',#3037,#3039,#627,.T.);
#3798=EDGE_CURVE('',#3038,#3039,#628,.T.);
#3799=EDGE_CURVE('',#2995,#3030,#629,.T.);
#3800=EDGE_CURVE('',#2928,#3040,#630,.T.);
#3801=EDGE_CURVE('',#3040,#3041,#631,.F.);
#3802=EDGE_CURVE('',#3041,#2929,#632,.T.);
#3803=EDGE_CURVE('',#3042,#3041,#633,.T.);
#3804=EDGE_CURVE('',#2930,#3042,#634,.T.);
#3805=EDGE_CURVE('',#2897,#3043,#635,.T.);
#3806=EDGE_CURVE('',#3043,#3043,#2568,.T.);
#3807=EDGE_CURVE('',#3044,#3044,#2569,.T.);
#3808=EDGE_CURVE('',#3044,#3043,#636,.T.);
#3809=EDGE_CURVE('',#2904,#3045,#637,.T.);
#3810=EDGE_CURVE('',#3045,#3045,#2570,.T.);
#3811=EDGE_CURVE('',#3046,#3046,#2571,.T.);
#3812=EDGE_CURVE('',#3046,#3045,#638,.T.);
#3813=EDGE_CURVE('',#2898,#3047,#639,.T.);
#3814=EDGE_CURVE('',#3047,#3047,#2572,.T.);
#3815=EDGE_CURVE('',#3048,#3048,#2573,.T.);
#3816=EDGE_CURVE('',#3048,#3047,#640,.T.);
#3817=EDGE_CURVE('',#2903,#3049,#641,.T.);
#3818=EDGE_CURVE('',#3049,#3049,#2574,.T.);
#3819=EDGE_CURVE('',#3050,#3050,#2575,.T.);
#3820=EDGE_CURVE('',#3050,#3049,#642,.T.);
#3821=EDGE_CURVE('',#3051,#2899,#643,.T.);
#3822=EDGE_CURVE('',#2900,#3052,#644,.T.);
#3823=EDGE_CURVE('',#3052,#3051,#2576,.T.);
#3824=EDGE_CURVE('',#3053,#2901,#645,.T.);
#3825=EDGE_CURVE('',#3051,#3053,#646,.T.);
#3826=EDGE_CURVE('',#3054,#2902,#647,.T.);
#3827=EDGE_CURVE('',#3053,#3054,#2577,.T.);
#3828=EDGE_CURVE('',#3054,#3052,#648,.T.);
#3829=EDGE_CURVE('',#3055,#3051,#649,.T.);
#3830=EDGE_CURVE('',#3056,#3055,#650,.T.);
#3831=EDGE_CURVE('',#3056,#3053,#651,.T.);
#3832=EDGE_CURVE('',#3057,#3052,#652,.T.);
#3833=EDGE_CURVE('',#3055,#3057,#2578,.T.);
#3834=EDGE_CURVE('',#3058,#3058,#2579,.T.);
#3835=EDGE_CURVE('',#3058,#3050,#653,.T.);
#3836=EDGE_CURVE('',#2793,#3059,#654,.T.);
#3837=EDGE_CURVE('',#3059,#2809,#655,.T.);
#3838=EDGE_CURVE('',#2810,#3060,#656,.T.);
#3839=EDGE_CURVE('',#3060,#2996,#657,.T.);
#3840=EDGE_CURVE('',#3061,#3004,#658,.T.);
#3841=EDGE_CURVE('',#3061,#2934,#659,.T.);
#3842=EDGE_CURVE('',#2924,#3062,#660,.T.);
#3843=EDGE_CURVE('',#3062,#3063,#23,.T.);
#3844=EDGE_CURVE('',#3063,#3064,#2580,.T.);
#3845=EDGE_CURVE('',#3064,#3065,#21,.T.);
#3846=EDGE_CURVE('',#3065,#2915,#661,.T.);
#3847=EDGE_CURVE('',#3042,#2965,#662,.T.);
#3848=EDGE_CURVE('',#2964,#2784,#663,.T.);
#3849=EDGE_CURVE('',#3066,#2831,#2581,.F.);
#3850=EDGE_CURVE('',#3067,#3066,#664,.F.);
#3851=EDGE_CURVE('',#2849,#3067,#2582,.F.);
#3852=EDGE_CURVE('',#3068,#2848,#2583,.F.);
#3853=EDGE_CURVE('',#3069,#3068,#665,.F.);
#3854=EDGE_CURVE('',#2832,#3069,#2584,.F.);
#3855=EDGE_CURVE('',#3070,#3070,#2585,.T.);
#3856=EDGE_CURVE('',#3071,#3071,#2586,.T.);
#3857=EDGE_CURVE('',#3072,#3073,#2587,.T.);
#3858=EDGE_CURVE('',#3074,#3072,#666,.T.);
#3859=EDGE_CURVE('',#3075,#3074,#2588,.T.);
#3860=EDGE_CURVE('',#3073,#3075,#667,.T.);
#3861=EDGE_CURVE('',#3076,#3076,#2589,.T.);
#3862=EDGE_CURVE('',#3070,#3048,#668,.T.);
#3863=EDGE_CURVE('',#3076,#3046,#669,.T.);
#3864=EDGE_CURVE('',#3071,#3044,#670,.T.);
#3865=EDGE_CURVE('',#3056,#3072,#671,.T.);
#3866=EDGE_CURVE('',#3073,#3077,#672,.T.);
#3867=EDGE_CURVE('',#3077,#3056,#2590,.T.);
#3868=EDGE_CURVE('',#3055,#3074,#673,.T.);
#3869=EDGE_CURVE('',#3057,#3075,#674,.T.);
#3870=EDGE_CURVE('',#3057,#3077,#675,.T.);
#3871=EDGE_CURVE('',#3077,#3054,#676,.T.);
#3872=EDGE_CURVE('',#3003,#3078,#677,.T.);
#3873=EDGE_CURVE('',#3078,#3061,#678,.T.);
#3874=EDGE_CURVE('',#3079,#3080,#679,.T.);
#3875=EDGE_CURVE('',#3081,#3079,#680,.T.);
#3876=EDGE_CURVE('',#3080,#3081,#681,.T.);
#3877=EDGE_CURVE('',#3078,#3081,#682,.T.);
#3878=EDGE_CURVE('',#3079,#3061,#683,.T.);
#3879=EDGE_CURVE('',#3031,#3080,#684,.T.);
#3880=EDGE_CURVE('',#3081,#3032,#685,.T.);
#3881=EDGE_CURVE('',#2935,#3079,#686,.T.);
#3882=EDGE_CURVE('',#3080,#2936,#687,.T.);
#3883=EDGE_CURVE('',#3002,#3033,#688,.T.);
#3884=EDGE_CURVE('',#3035,#3000,#689,.T.);
#3885=EDGE_CURVE('',#2999,#3036,#690,.T.);
#3886=EDGE_CURVE('',#3034,#3001,#691,.T.);
#3887=EDGE_CURVE('',#3082,#2864,#692,.T.);
#3888=EDGE_CURVE('',#2865,#3083,#693,.T.);
#3889=EDGE_CURVE('',#3083,#3082,#694,.T.);
#3890=EDGE_CURVE('',#2846,#2866,#695,.T.);
#3891=EDGE_CURVE('',#3082,#2846,#2591,.T.);
#3892=EDGE_CURVE('',#2847,#2867,#696,.T.);
#3893=EDGE_CURVE('',#3084,#2868,#697,.T.);
#3894=EDGE_CURVE('',#2847,#3084,#2592,.T.);
#3895=EDGE_CURVE('',#3085,#2869,#698,.T.);
#3896=EDGE_CURVE('',#3084,#3085,#699,.T.);
#3897=EDGE_CURVE('',#2829,#2870,#700,.T.);
#3898=EDGE_CURVE('',#3085,#2829,#2593,.T.);
#3899=EDGE_CURVE('',#2830,#2871,#701,.T.);
#3900=EDGE_CURVE('',#2830,#3083,#2594,.T.);
#3901=EDGE_CURVE('',#3084,#3067,#702,.T.);
#3902=EDGE_CURVE('',#3082,#3068,#703,.T.);
#3903=EDGE_CURVE('',#3083,#3069,#704,.T.);
#3904=EDGE_CURVE('',#3028,#3086,#705,.T.);
#3905=EDGE_CURVE('',#3087,#3086,#706,.T.);
#3906=EDGE_CURVE('',#3029,#3087,#707,.T.);
#3907=EDGE_CURVE('',#3088,#2955,#708,.T.);
#3908=EDGE_CURVE('',#3089,#3088,#709,.T.);
#3909=EDGE_CURVE('',#3089,#2956,#710,.T.);
#3910=EDGE_CURVE('',#3027,#3090,#711,.T.);
#3911=EDGE_CURVE('',#3086,#3090,#712,.T.);
#3912=EDGE_CURVE('',#3091,#3089,#713,.T.);
#3913=EDGE_CURVE('',#3091,#2953,#714,.T.);
#3914=EDGE_CURVE('',#3092,#3087,#715,.T.);
#3915=EDGE_CURVE('',#3026,#3092,#716,.T.);
#3916=EDGE_CURVE('',#3090,#3092,#717,.T.);
#3917=EDGE_CURVE('',#3093,#3091,#718,.T.);
#3918=EDGE_CURVE('',#3093,#2954,#719,.T.);
#3919=EDGE_CURVE('',#3088,#3093,#720,.T.);
#3920=EDGE_CURVE('',#3024,#3094,#721,.T.);
#3921=EDGE_CURVE('',#3095,#3094,#722,.T.);
#3922=EDGE_CURVE('',#3025,#3095,#723,.T.);
#3923=EDGE_CURVE('',#3096,#2951,#724,.T.);
#3924=EDGE_CURVE('',#3097,#3096,#725,.T.);
#3925=EDGE_CURVE('',#3097,#2952,#726,.T.);
#3926=EDGE_CURVE('',#3023,#3098,#727,.T.);
#3927=EDGE_CURVE('',#3094,#3098,#728,.T.);
#3928=EDGE_CURVE('',#3099,#3097,#729,.T.);
#3929=EDGE_CURVE('',#3099,#2949,#730,.T.);
#3930=EDGE_CURVE('',#3100,#3095,#731,.T.);
#3931=EDGE_CURVE('',#3022,#3100,#732,.T.);
#3932=EDGE_CURVE('',#3098,#3100,#733,.T.);
#3933=EDGE_CURVE('',#3101,#3099,#734,.T.);
#3934=EDGE_CURVE('',#3101,#2950,#735,.T.);
#3935=EDGE_CURVE('',#3096,#3101,#736,.T.);
#3936=EDGE_CURVE('',#3020,#3102,#737,.T.);
#3937=EDGE_CURVE('',#3103,#3102,#738,.T.);
#3938=EDGE_CURVE('',#3021,#3103,#739,.T.);
#3939=EDGE_CURVE('',#3104,#2947,#740,.T.);
#3940=EDGE_CURVE('',#3105,#3104,#741,.T.);
#3941=EDGE_CURVE('',#3105,#2948,#742,.T.);
#3942=EDGE_CURVE('',#3019,#3106,#743,.T.);
#3943=EDGE_CURVE('',#3102,#3106,#744,.T.);
#3944=EDGE_CURVE('',#3107,#3105,#745,.T.);
#3945=EDGE_CURVE('',#3107,#2945,#746,.T.);
#3946=EDGE_CURVE('',#3108,#3103,#747,.T.);
#3947=EDGE_CURVE('',#3018,#3108,#748,.T.);
#3948=EDGE_CURVE('',#3106,#3108,#749,.T.);
#3949=EDGE_CURVE('',#3109,#3107,#750,.T.);
#3950=EDGE_CURVE('',#3109,#2946,#751,.T.);
#3951=EDGE_CURVE('',#3104,#3109,#752,.T.);
#3952=EDGE_CURVE('',#3016,#3110,#753,.T.);
#3953=EDGE_CURVE('',#3111,#3110,#754,.T.);
#3954=EDGE_CURVE('',#3017,#3111,#755,.T.);
#3955=EDGE_CURVE('',#3112,#2943,#756,.T.);
#3956=EDGE_CURVE('',#3113,#3112,#757,.T.);
#3957=EDGE_CURVE('',#3113,#2944,#758,.T.);
#3958=EDGE_CURVE('',#3015,#3114,#759,.T.);
#3959=EDGE_CURVE('',#3110,#3114,#760,.T.);
#3960=EDGE_CURVE('',#3115,#3113,#761,.T.);
#3961=EDGE_CURVE('',#3115,#2941,#762,.T.);
#3962=EDGE_CURVE('',#3116,#3111,#763,.T.);
#3963=EDGE_CURVE('',#3014,#3116,#764,.T.);
#3964=EDGE_CURVE('',#3114,#3116,#765,.T.);
#3965=EDGE_CURVE('',#3117,#3115,#766,.T.);
#3966=EDGE_CURVE('',#3117,#2942,#767,.T.);
#3967=EDGE_CURVE('',#3112,#3117,#768,.T.);
#3968=EDGE_CURVE('',#3012,#3118,#769,.T.);
#3969=EDGE_CURVE('',#3119,#3118,#770,.T.);
#3970=EDGE_CURVE('',#3013,#3119,#771,.T.);
#3971=EDGE_CURVE('',#3120,#2939,#772,.T.);
#3972=EDGE_CURVE('',#3121,#3120,#773,.T.);
#3973=EDGE_CURVE('',#3121,#2940,#774,.T.);
#3974=EDGE_CURVE('',#3011,#3122,#775,.T.);
#3975=EDGE_CURVE('',#3118,#3122,#776,.T.);
#3976=EDGE_CURVE('',#3123,#3121,#777,.T.);
#3977=EDGE_CURVE('',#3123,#2937,#778,.T.);
#3978=EDGE_CURVE('',#3124,#3119,#779,.T.);
#3979=EDGE_CURVE('',#3010,#3124,#780,.T.);
#3980=EDGE_CURVE('',#3122,#3124,#781,.T.);
#3981=EDGE_CURVE('',#3125,#3123,#782,.T.);
#3982=EDGE_CURVE('',#3125,#2938,#783,.T.);
#3983=EDGE_CURVE('',#3120,#3125,#784,.T.);
#3984=EDGE_CURVE('',#3062,#3126,#785,.T.);
#3985=EDGE_CURVE('',#3127,#3126,#24,.T.);
#3986=EDGE_CURVE('',#3063,#3127,#786,.T.);
#3987=EDGE_CURVE('',#3128,#3127,#2595,.T.);
#3988=EDGE_CURVE('',#3064,#3128,#787,.T.);
#3989=EDGE_CURVE('',#3129,#3128,#22,.T.);
#3990=EDGE_CURVE('',#3065,#3129,#788,.T.);
#3991=EDGE_CURVE('',#3129,#3126,#789,.T.);
#3992=EDGE_CURVE('',#3126,#2926,#790,.T.);
#3993=EDGE_CURVE('',#3006,#3130,#791,.T.);
#3994=EDGE_CURVE('',#3130,#3007,#792,.T.);
#3995=EDGE_CURVE('',#3131,#3009,#793,.T.);
#3996=EDGE_CURVE('',#3130,#3131,#794,.T.);
#3997=EDGE_CURVE('',#3008,#3131,#795,.T.);
#3998=EDGE_CURVE('',#3040,#2994,#796,.T.);
#3999=EDGE_CURVE('',#2788,#2971,#797,.T.);
#4000=EDGE_CURVE('',#3059,#2974,#798,.T.);
#4001=EDGE_CURVE('',#2804,#2976,#799,.T.);
#4002=EDGE_CURVE('',#3060,#2978,#800,.T.);
#4003=EDGE_CURVE('',#3132,#2841,#801,.F.);
#4004=EDGE_CURVE('',#3133,#3132,#802,.T.);
#4005=EDGE_CURVE('',#3133,#2842,#803,.T.);
#4006=EDGE_CURVE('',#2839,#3134,#804,.T.);
#4007=EDGE_CURVE('',#3135,#3134,#805,.T.);
#4008=EDGE_CURVE('',#3135,#2840,#806,.F.);
#4009=EDGE_CURVE('',#3132,#3135,#807,.T.);
#4010=EDGE_CURVE('',#3136,#3133,#808,.T.);
#4011=EDGE_CURVE('',#3137,#3136,#2596,.T.);
#4012=EDGE_CURVE('',#2889,#3137,#809,.T.);
#4013=EDGE_CURVE('',#2822,#2894,#810,.T.);
#4014=EDGE_CURVE('',#3138,#2821,#2597,.F.);
#4015=EDGE_CURVE('',#3139,#3138,#811,.F.);
#4016=EDGE_CURVE('',#2843,#3139,#2598,.F.);
#4017=EDGE_CURVE('',#2891,#2825,#812,.T.);
#4018=EDGE_CURVE('',#3140,#2896,#2599,.T.);
#4019=EDGE_CURVE('',#3134,#3140,#813,.T.);
#4020=EDGE_CURVE('',#2893,#2823,#814,.T.);
#4021=EDGE_CURVE('',#2892,#2824,#815,.F.);
#4022=EDGE_CURVE('',#2860,#3138,#816,.T.);
#4023=EDGE_CURVE('',#2858,#3139,#817,.T.);
#4024=EDGE_CURVE('',#3137,#2882,#818,.T.);
#4025=EDGE_CURVE('',#3136,#2884,#819,.T.);
#4026=EDGE_CURVE('',#2886,#3140,#820,.T.);
#4027=EDGE_CURVE('',#3085,#3066,#821,.T.);
#4028=ORIENTED_EDGE('',*,*,#3141,.F.);
#4029=ORIENTED_EDGE('',*,*,#3142,.T.);
#4030=ORIENTED_EDGE('',*,*,#3143,.F.);
#4031=ORIENTED_EDGE('',*,*,#3144,.T.);
#4032=ORIENTED_EDGE('',*,*,#3141,.T.);
#4033=ORIENTED_EDGE('',*,*,#3144,.F.);
#4034=ORIENTED_EDGE('',*,*,#3142,.F.);
#4035=ORIENTED_EDGE('',*,*,#3145,.T.);
#4036=ORIENTED_EDGE('',*,*,#3146,.F.);
#4037=ORIENTED_EDGE('',*,*,#3145,.F.);
#4038=ORIENTED_EDGE('',*,*,#3147,.F.);
#4039=ORIENTED_EDGE('',*,*,#3148,.T.);
#4040=ORIENTED_EDGE('',*,*,#3149,.F.);
#4041=ORIENTED_EDGE('',*,*,#3150,.T.);
#4042=ORIENTED_EDGE('',*,*,#3147,.T.);
#4043=ORIENTED_EDGE('',*,*,#3150,.F.);
#4044=ORIENTED_EDGE('',*,*,#3148,.F.);
#4045=ORIENTED_EDGE('',*,*,#3151,.T.);
#4046=ORIENTED_EDGE('',*,*,#3152,.F.);
#4047=ORIENTED_EDGE('',*,*,#3151,.F.);
#4048=ORIENTED_EDGE('',*,*,#3153,.T.);
#4049=ORIENTED_EDGE('',*,*,#3154,.T.);
#4050=ORIENTED_EDGE('',*,*,#3155,.T.);
#4051=ORIENTED_EDGE('',*,*,#3156,.T.);
#4052=ORIENTED_EDGE('',*,*,#3153,.F.);
#4053=ORIENTED_EDGE('',*,*,#3157,.T.);
#4054=ORIENTED_EDGE('',*,*,#3158,.T.);
#4055=ORIENTED_EDGE('',*,*,#3159,.T.);
#4056=ORIENTED_EDGE('',*,*,#3160,.T.);
#4057=ORIENTED_EDGE('',*,*,#3161,.T.);
#4058=ORIENTED_EDGE('',*,*,#3158,.F.);
#4059=ORIENTED_EDGE('',*,*,#3162,.T.);
#4060=ORIENTED_EDGE('',*,*,#3160,.F.);
#4061=ORIENTED_EDGE('',*,*,#3163,.T.);
#4062=ORIENTED_EDGE('',*,*,#3164,.T.);
#4063=ORIENTED_EDGE('',*,*,#3165,.T.);
#4064=ORIENTED_EDGE('',*,*,#3166,.T.);
#4065=ORIENTED_EDGE('',*,*,#3167,.T.);
#4066=ORIENTED_EDGE('',*,*,#3164,.F.);
#4067=ORIENTED_EDGE('',*,*,#3168,.T.);
#4068=ORIENTED_EDGE('',*,*,#3166,.F.);
#4069=ORIENTED_EDGE('',*,*,#3169,.T.);
#4070=ORIENTED_EDGE('',*,*,#3170,.T.);
#4071=ORIENTED_EDGE('',*,*,#3171,.T.);
#4072=ORIENTED_EDGE('',*,*,#3172,.T.);
#4073=ORIENTED_EDGE('',*,*,#3173,.T.);
#4074=ORIENTED_EDGE('',*,*,#3170,.F.);
#4075=ORIENTED_EDGE('',*,*,#3174,.T.);
#4076=ORIENTED_EDGE('',*,*,#3172,.F.);
#4077=ORIENTED_EDGE('',*,*,#3175,.T.);
#4078=ORIENTED_EDGE('',*,*,#3155,.F.);
#4079=ORIENTED_EDGE('',*,*,#3176,.T.);
#4080=ORIENTED_EDGE('',*,*,#3171,.F.);
#4081=ORIENTED_EDGE('',*,*,#3177,.F.);
#4082=ORIENTED_EDGE('',*,*,#3178,.F.);
#4083=ORIENTED_EDGE('',*,*,#3179,.F.);
#4084=ORIENTED_EDGE('',*,*,#3180,.T.);
#4085=ORIENTED_EDGE('',*,*,#3181,.T.);
#4086=ORIENTED_EDGE('',*,*,#3182,.F.);
#4087=ORIENTED_EDGE('',*,*,#3183,.F.);
#4088=ORIENTED_EDGE('',*,*,#3143,.T.);
#4089=ORIENTED_EDGE('',*,*,#3173,.F.);
#4090=ORIENTED_EDGE('',*,*,#3184,.T.);
#4091=ORIENTED_EDGE('',*,*,#3185,.F.);
#4092=ORIENTED_EDGE('',*,*,#3177,.T.);
#4093=ORIENTED_EDGE('',*,*,#3176,.F.);
#4094=ORIENTED_EDGE('',*,*,#3186,.F.);
#4095=ORIENTED_EDGE('',*,*,#3187,.F.);
#4096=ORIENTED_EDGE('',*,*,#3184,.F.);
#4097=ORIENTED_EDGE('',*,*,#3154,.F.);
#4098=ORIENTED_EDGE('',*,*,#3188,.T.);
#4099=ORIENTED_EDGE('',*,*,#3189,.F.);
#4100=ORIENTED_EDGE('',*,*,#3186,.T.);
#4101=ORIENTED_EDGE('',*,*,#3156,.F.);
#4102=ORIENTED_EDGE('',*,*,#3175,.F.);
#4103=ORIENTED_EDGE('',*,*,#3174,.F.);
#4104=ORIENTED_EDGE('',*,*,#3169,.F.);
#4105=ORIENTED_EDGE('',*,*,#3168,.F.);
#4106=ORIENTED_EDGE('',*,*,#3163,.F.);
#4107=ORIENTED_EDGE('',*,*,#3162,.F.);
#4108=ORIENTED_EDGE('',*,*,#3157,.F.);
#4109=ORIENTED_EDGE('',*,*,#3190,.F.);
#4110=ORIENTED_EDGE('',*,*,#3191,.F.);
#4111=ORIENTED_EDGE('',*,*,#3192,.F.);
#4112=ORIENTED_EDGE('',*,*,#3193,.F.);
#4113=ORIENTED_EDGE('',*,*,#3194,.F.);
#4114=ORIENTED_EDGE('',*,*,#3195,.F.);
#4115=ORIENTED_EDGE('',*,*,#3196,.F.);
#4116=ORIENTED_EDGE('',*,*,#3197,.T.);
#4117=ORIENTED_EDGE('',*,*,#3198,.T.);
#4118=ORIENTED_EDGE('',*,*,#3190,.T.);
#4119=ORIENTED_EDGE('',*,*,#3199,.T.);
#4120=ORIENTED_EDGE('',*,*,#3191,.T.);
#4121=ORIENTED_EDGE('',*,*,#3198,.F.);
#4122=ORIENTED_EDGE('',*,*,#3200,.T.);
#4123=ORIENTED_EDGE('',*,*,#3201,.T.);
#4124=ORIENTED_EDGE('',*,*,#3192,.T.);
#4125=ORIENTED_EDGE('',*,*,#3201,.F.);
#4126=ORIENTED_EDGE('',*,*,#3202,.T.);
#4127=ORIENTED_EDGE('',*,*,#3203,.T.);
#4128=ORIENTED_EDGE('',*,*,#3193,.T.);
#4129=ORIENTED_EDGE('',*,*,#3203,.F.);
#4130=ORIENTED_EDGE('',*,*,#3204,.T.);
#4131=ORIENTED_EDGE('',*,*,#3199,.F.);
#4132=ORIENTED_EDGE('',*,*,#3200,.F.);
#4133=ORIENTED_EDGE('',*,*,#3205,.F.);
#4134=ORIENTED_EDGE('',*,*,#3206,.T.);
#4135=ORIENTED_EDGE('',*,*,#3207,.T.);
#4136=ORIENTED_EDGE('',*,*,#3197,.F.);
#4137=ORIENTED_EDGE('',*,*,#3208,.F.);
#4138=ORIENTED_EDGE('',*,*,#3209,.T.);
#4139=ORIENTED_EDGE('',*,*,#3205,.T.);
#4140=ORIENTED_EDGE('',*,*,#3196,.T.);
#4141=ORIENTED_EDGE('',*,*,#3210,.T.);
#4142=ORIENTED_EDGE('',*,*,#3211,.T.);
#4143=ORIENTED_EDGE('',*,*,#3210,.F.);
#4144=ORIENTED_EDGE('',*,*,#3212,.F.);
#4145=ORIENTED_EDGE('',*,*,#3213,.T.);
#4146=ORIENTED_EDGE('',*,*,#3211,.F.);
#4147=ORIENTED_EDGE('',*,*,#3213,.F.);
#4148=ORIENTED_EDGE('',*,*,#3214,.T.);
#4149=ORIENTED_EDGE('',*,*,#3215,.T.);
#4150=ORIENTED_EDGE('',*,*,#3216,.T.);
#4151=ORIENTED_EDGE('',*,*,#3217,.T.);
#4152=ORIENTED_EDGE('',*,*,#3218,.T.);
#4153=ORIENTED_EDGE('',*,*,#3219,.T.);
#4154=ORIENTED_EDGE('',*,*,#3220,.T.);
#4155=ORIENTED_EDGE('',*,*,#3217,.F.);
#4156=ORIENTED_EDGE('',*,*,#3221,.T.);
#4157=ORIENTED_EDGE('',*,*,#3222,.T.);
#4158=ORIENTED_EDGE('',*,*,#3223,.T.);
#4159=ORIENTED_EDGE('',*,*,#3224,.F.);
#4160=ORIENTED_EDGE('',*,*,#3225,.T.);
#4161=ORIENTED_EDGE('',*,*,#3226,.T.);
#4162=ORIENTED_EDGE('',*,*,#3227,.T.);
#4163=ORIENTED_EDGE('',*,*,#3222,.F.);
#4164=ORIENTED_EDGE('',*,*,#3228,.T.);
#4165=ORIENTED_EDGE('',*,*,#3229,.T.);
#4166=ORIENTED_EDGE('',*,*,#3230,.T.);
#4167=ORIENTED_EDGE('',*,*,#3231,.T.);
#4168=ORIENTED_EDGE('',*,*,#3232,.T.);
#4169=ORIENTED_EDGE('',*,*,#3233,.T.);
#4170=ORIENTED_EDGE('',*,*,#3229,.F.);
#4171=ORIENTED_EDGE('',*,*,#3234,.T.);
#4172=ORIENTED_EDGE('',*,*,#3235,.T.);
#4173=ORIENTED_EDGE('',*,*,#3236,.T.);
#4174=ORIENTED_EDGE('',*,*,#3232,.F.);
#4175=ORIENTED_EDGE('',*,*,#3237,.T.);
#4176=ORIENTED_EDGE('',*,*,#3238,.T.);
#4177=ORIENTED_EDGE('',*,*,#3239,.T.);
#4178=ORIENTED_EDGE('',*,*,#3235,.F.);
#4179=ORIENTED_EDGE('',*,*,#3240,.T.);
#4180=ORIENTED_EDGE('',*,*,#3241,.T.);
#4181=ORIENTED_EDGE('',*,*,#3238,.F.);
#4182=ORIENTED_EDGE('',*,*,#3242,.T.);
#4183=ORIENTED_EDGE('',*,*,#3243,.T.);
#4184=ORIENTED_EDGE('',*,*,#3244,.T.);
#4185=ORIENTED_EDGE('',*,*,#3231,.F.);
#4186=ORIENTED_EDGE('',*,*,#3245,.T.);
#4187=ORIENTED_EDGE('',*,*,#3226,.F.);
#4188=ORIENTED_EDGE('',*,*,#3246,.T.);
#4189=ORIENTED_EDGE('',*,*,#3243,.F.);
#4190=ORIENTED_EDGE('',*,*,#3247,.T.);
#4191=ORIENTED_EDGE('',*,*,#3248,.T.);
#4192=ORIENTED_EDGE('',*,*,#3249,.T.);
#4193=ORIENTED_EDGE('',*,*,#3248,.F.);
#4194=ORIENTED_EDGE('',*,*,#3250,.T.);
#4195=ORIENTED_EDGE('',*,*,#3219,.F.);
#4196=ORIENTED_EDGE('',*,*,#3251,.T.);
#4197=ORIENTED_EDGE('',*,*,#3252,.T.);
#4198=ORIENTED_EDGE('',*,*,#3215,.F.);
#4199=ORIENTED_EDGE('',*,*,#3253,.T.);
#4200=ORIENTED_EDGE('',*,*,#3254,.T.);
#4201=ORIENTED_EDGE('',*,*,#3255,.T.);
#4202=ORIENTED_EDGE('',*,*,#3251,.F.);
#4203=ORIENTED_EDGE('',*,*,#3256,.T.);
#4204=ORIENTED_EDGE('',*,*,#3257,.T.);
#4205=ORIENTED_EDGE('',*,*,#3258,.T.);
#4206=ORIENTED_EDGE('',*,*,#3254,.F.);
#4207=ORIENTED_EDGE('',*,*,#3259,.T.);
#4208=ORIENTED_EDGE('',*,*,#3260,.T.);
#4209=ORIENTED_EDGE('',*,*,#3257,.F.);
#4210=ORIENTED_EDGE('',*,*,#3261,.T.);
#4211=ORIENTED_EDGE('',*,*,#3224,.T.);
#4212=ORIENTED_EDGE('',*,*,#3216,.F.);
#4213=ORIENTED_EDGE('',*,*,#3252,.F.);
#4214=ORIENTED_EDGE('',*,*,#3255,.F.);
#4215=ORIENTED_EDGE('',*,*,#3258,.F.);
#4216=ORIENTED_EDGE('',*,*,#3260,.F.);
#4217=ORIENTED_EDGE('',*,*,#3262,.T.);
#4218=ORIENTED_EDGE('',*,*,#3263,.T.);
#4219=ORIENTED_EDGE('',*,*,#3264,.T.);
#4220=ORIENTED_EDGE('',*,*,#3265,.T.);
#4221=ORIENTED_EDGE('',*,*,#3266,.T.);
#4222=ORIENTED_EDGE('',*,*,#3182,.T.);
#4223=ORIENTED_EDGE('',*,*,#3267,.T.);
#4224=ORIENTED_EDGE('',*,*,#3223,.F.);
#4225=ORIENTED_EDGE('',*,*,#3268,.F.);
#4226=ORIENTED_EDGE('',*,*,#3269,.T.);
#4227=ORIENTED_EDGE('',*,*,#3262,.F.);
#4228=ORIENTED_EDGE('',*,*,#3227,.F.);
#4229=ORIENTED_EDGE('',*,*,#3270,.F.);
#4230=ORIENTED_EDGE('',*,*,#3271,.T.);
#4231=ORIENTED_EDGE('',*,*,#3268,.T.);
#4232=ORIENTED_EDGE('',*,*,#3245,.F.);
#4233=ORIENTED_EDGE('',*,*,#3272,.F.);
#4234=ORIENTED_EDGE('',*,*,#3273,.T.);
#4235=ORIENTED_EDGE('',*,*,#3270,.T.);
#4236=ORIENTED_EDGE('',*,*,#3214,.F.);
#4237=ORIENTED_EDGE('',*,*,#3220,.F.);
#4238=ORIENTED_EDGE('',*,*,#3250,.F.);
#4239=ORIENTED_EDGE('',*,*,#3247,.F.);
#4240=ORIENTED_EDGE('',*,*,#3242,.F.);
#4241=ORIENTED_EDGE('',*,*,#3274,.F.);
#4242=ORIENTED_EDGE('',*,*,#3275,.F.);
#4243=ORIENTED_EDGE('',*,*,#3276,.T.);
#4244=ORIENTED_EDGE('',*,*,#3146,.T.);
#4245=ORIENTED_EDGE('',*,*,#3240,.F.);
#4246=ORIENTED_EDGE('',*,*,#3277,.F.);
#4247=ORIENTED_EDGE('',*,*,#3278,.F.);
#4248=ORIENTED_EDGE('',*,*,#3274,.T.);
#4249=ORIENTED_EDGE('',*,*,#3237,.F.);
#4250=ORIENTED_EDGE('',*,*,#3279,.F.);
#4251=ORIENTED_EDGE('',*,*,#3280,.F.);
#4252=ORIENTED_EDGE('',*,*,#3277,.T.);
#4253=ORIENTED_EDGE('',*,*,#3234,.F.);
#4254=ORIENTED_EDGE('',*,*,#3281,.F.);
#4255=ORIENTED_EDGE('',*,*,#3282,.F.);
#4256=ORIENTED_EDGE('',*,*,#3279,.T.);
#4257=ORIENTED_EDGE('',*,*,#3283,.T.);
#4258=ORIENTED_EDGE('',*,*,#3284,.T.);
#4259=ORIENTED_EDGE('',*,*,#3285,.T.);
#4260=ORIENTED_EDGE('',*,*,#3286,.T.);
#4261=ORIENTED_EDGE('',*,*,#3285,.F.);
#4262=ORIENTED_EDGE('',*,*,#3287,.F.);
#4263=ORIENTED_EDGE('',*,*,#3288,.T.);
#4264=ORIENTED_EDGE('',*,*,#3283,.F.);
#4265=ORIENTED_EDGE('',*,*,#3284,.F.);
#4266=ORIENTED_EDGE('',*,*,#3288,.F.);
#4267=ORIENTED_EDGE('',*,*,#3289,.F.);
#4268=ORIENTED_EDGE('',*,*,#3290,.F.);
#4269=ORIENTED_EDGE('',*,*,#3291,.F.);
#4270=ORIENTED_EDGE('',*,*,#3292,.F.);
#4271=ORIENTED_EDGE('',*,*,#3293,.F.);
#4272=ORIENTED_EDGE('',*,*,#3294,.F.);
#4273=ORIENTED_EDGE('',*,*,#3295,.F.);
#4274=ORIENTED_EDGE('',*,*,#3296,.F.);
#4275=ORIENTED_EDGE('',*,*,#3297,.F.);
#4276=ORIENTED_EDGE('',*,*,#3298,.F.);
#4277=ORIENTED_EDGE('',*,*,#3299,.F.);
#4278=ORIENTED_EDGE('',*,*,#3300,.F.);
#4279=ORIENTED_EDGE('',*,*,#3301,.F.);
#4280=ORIENTED_EDGE('',*,*,#3302,.F.);
#4281=ORIENTED_EDGE('',*,*,#3303,.F.);
#4282=ORIENTED_EDGE('',*,*,#3286,.F.);
#4283=ORIENTED_EDGE('',*,*,#3194,.T.);
#4284=ORIENTED_EDGE('',*,*,#3304,.T.);
#4285=ORIENTED_EDGE('',*,*,#3287,.T.);
#4286=ORIENTED_EDGE('',*,*,#3304,.F.);
#4287=ORIENTED_EDGE('',*,*,#3195,.T.);
#4288=ORIENTED_EDGE('',*,*,#3305,.T.);
#4289=ORIENTED_EDGE('',*,*,#3306,.T.);
#4290=ORIENTED_EDGE('',*,*,#3305,.F.);
#4291=ORIENTED_EDGE('',*,*,#3306,.F.);
#4292=ORIENTED_EDGE('',*,*,#3307,.T.);
#4293=ORIENTED_EDGE('',*,*,#3308,.F.);
#4294=ORIENTED_EDGE('',*,*,#3309,.F.);
#4295=ORIENTED_EDGE('',*,*,#3307,.F.);
#4296=ORIENTED_EDGE('',*,*,#3308,.T.);
#4297=ORIENTED_EDGE('',*,*,#3309,.T.);
#4298=ORIENTED_EDGE('',*,*,#3310,.T.);
#4299=ORIENTED_EDGE('',*,*,#3303,.T.);
#4300=ORIENTED_EDGE('',*,*,#3310,.F.);
#4301=ORIENTED_EDGE('',*,*,#3311,.F.);
#4302=ORIENTED_EDGE('',*,*,#3312,.F.);
#4303=ORIENTED_EDGE('',*,*,#3313,.F.);
#4304=ORIENTED_EDGE('',*,*,#3314,.T.);
#4305=ORIENTED_EDGE('',*,*,#3313,.T.);
#4306=ORIENTED_EDGE('',*,*,#3315,.T.);
#4307=ORIENTED_EDGE('',*,*,#3316,.T.);
#4308=ORIENTED_EDGE('',*,*,#3317,.T.);
#4309=ORIENTED_EDGE('',*,*,#3318,.T.);
#4310=ORIENTED_EDGE('',*,*,#3319,.T.);
#4311=ORIENTED_EDGE('',*,*,#3316,.F.);
#4312=ORIENTED_EDGE('',*,*,#3320,.T.);
#4313=ORIENTED_EDGE('',*,*,#3321,.T.);
#4314=ORIENTED_EDGE('',*,*,#3322,.T.);
#4315=ORIENTED_EDGE('',*,*,#3318,.F.);
#4316=ORIENTED_EDGE('',*,*,#3323,.T.);
#4317=ORIENTED_EDGE('',*,*,#3324,.T.);
#4318=ORIENTED_EDGE('',*,*,#3325,.T.);
#4319=ORIENTED_EDGE('',*,*,#3326,.T.);
#4320=ORIENTED_EDGE('',*,*,#3327,.T.);
#4321=ORIENTED_EDGE('',*,*,#3328,.T.);
#4322=ORIENTED_EDGE('',*,*,#3329,.T.);
#4323=ORIENTED_EDGE('',*,*,#3321,.F.);
#4324=ORIENTED_EDGE('',*,*,#3330,.T.);
#4325=ORIENTED_EDGE('',*,*,#3331,.T.);
#4326=ORIENTED_EDGE('',*,*,#3332,.T.);
#4327=ORIENTED_EDGE('',*,*,#3328,.F.);
#4328=ORIENTED_EDGE('',*,*,#3333,.F.);
#4329=ORIENTED_EDGE('',*,*,#3334,.F.);
#4330=ORIENTED_EDGE('',*,*,#3335,.F.);
#4331=ORIENTED_EDGE('',*,*,#3336,.T.);
#4332=ORIENTED_EDGE('',*,*,#3334,.T.);
#4333=ORIENTED_EDGE('',*,*,#3337,.T.);
#4334=ORIENTED_EDGE('',*,*,#3331,.F.);
#4335=ORIENTED_EDGE('',*,*,#3338,.T.);
#4336=ORIENTED_EDGE('',*,*,#3335,.T.);
#4337=ORIENTED_EDGE('',*,*,#3339,.T.);
#4338=ORIENTED_EDGE('',*,*,#3340,.T.);
#4339=ORIENTED_EDGE('',*,*,#3341,.T.);
#4340=ORIENTED_EDGE('',*,*,#3340,.F.);
#4341=ORIENTED_EDGE('',*,*,#3342,.T.);
#4342=ORIENTED_EDGE('',*,*,#3343,.T.);
#4343=ORIENTED_EDGE('',*,*,#3299,.T.);
#4344=ORIENTED_EDGE('',*,*,#3344,.T.);
#4345=ORIENTED_EDGE('',*,*,#3333,.T.);
#4346=ORIENTED_EDGE('',*,*,#3345,.T.);
#4347=ORIENTED_EDGE('',*,*,#3346,.T.);
#4348=ORIENTED_EDGE('',*,*,#3343,.F.);
#4349=ORIENTED_EDGE('',*,*,#3347,.T.);
#4350=ORIENTED_EDGE('',*,*,#3348,.T.);
#4351=ORIENTED_EDGE('',*,*,#3349,.T.);
#4352=ORIENTED_EDGE('',*,*,#3348,.F.);
#4353=ORIENTED_EDGE('',*,*,#3350,.T.);
#4354=ORIENTED_EDGE('',*,*,#3324,.F.);
#4355=ORIENTED_EDGE('',*,*,#3351,.T.);
#4356=ORIENTED_EDGE('',*,*,#3312,.T.);
#4357=ORIENTED_EDGE('',*,*,#3352,.T.);
#4358=ORIENTED_EDGE('',*,*,#3326,.F.);
#4359=ORIENTED_EDGE('',*,*,#3292,.T.);
#4360=ORIENTED_EDGE('',*,*,#3353,.T.);
#4361=ORIENTED_EDGE('',*,*,#3311,.T.);
#4362=ORIENTED_EDGE('',*,*,#3354,.T.);
#4363=ORIENTED_EDGE('',*,*,#3345,.F.);
#4364=ORIENTED_EDGE('',*,*,#3338,.F.);
#4365=ORIENTED_EDGE('',*,*,#3355,.T.);
#4366=ORIENTED_EDGE('',*,*,#3300,.T.);
#4367=ORIENTED_EDGE('',*,*,#3341,.F.);
#4368=ORIENTED_EDGE('',*,*,#3356,.T.);
#4369=ORIENTED_EDGE('',*,*,#3301,.T.);
#4370=ORIENTED_EDGE('',*,*,#3355,.F.);
#4371=ORIENTED_EDGE('',*,*,#3346,.F.);
#4372=ORIENTED_EDGE('',*,*,#3357,.T.);
#4373=ORIENTED_EDGE('',*,*,#3302,.T.);
#4374=ORIENTED_EDGE('',*,*,#3356,.F.);
#4375=ORIENTED_EDGE('',*,*,#3349,.F.);
#4376=ORIENTED_EDGE('',*,*,#3358,.T.);
#4377=ORIENTED_EDGE('',*,*,#3289,.T.);
#4378=ORIENTED_EDGE('',*,*,#3357,.F.);
#4379=ORIENTED_EDGE('',*,*,#3323,.F.);
#4380=ORIENTED_EDGE('',*,*,#3359,.T.);
#4381=ORIENTED_EDGE('',*,*,#3290,.T.);
#4382=ORIENTED_EDGE('',*,*,#3358,.F.);
#4383=ORIENTED_EDGE('',*,*,#3352,.F.);
#4384=ORIENTED_EDGE('',*,*,#3353,.F.);
#4385=ORIENTED_EDGE('',*,*,#3291,.T.);
#4386=ORIENTED_EDGE('',*,*,#3359,.F.);
#4387=ORIENTED_EDGE('',*,*,#3360,.T.);
#4388=ORIENTED_EDGE('',*,*,#3361,.T.);
#4389=ORIENTED_EDGE('',*,*,#3362,.T.);
#4390=ORIENTED_EDGE('',*,*,#3363,.T.);
#4391=ORIENTED_EDGE('',*,*,#3275,.T.);
#4392=ORIENTED_EDGE('',*,*,#3278,.T.);
#4393=ORIENTED_EDGE('',*,*,#3280,.T.);
#4394=ORIENTED_EDGE('',*,*,#3282,.T.);
#4395=ORIENTED_EDGE('',*,*,#3364,.F.);
#4396=ORIENTED_EDGE('',*,*,#3365,.F.);
#4397=ORIENTED_EDGE('',*,*,#3366,.F.);
#4398=ORIENTED_EDGE('',*,*,#3367,.F.);
#4399=ORIENTED_EDGE('',*,*,#3368,.F.);
#4400=ORIENTED_EDGE('',*,*,#3369,.F.);
#4401=ORIENTED_EDGE('',*,*,#3370,.F.);
#4402=ORIENTED_EDGE('',*,*,#3371,.F.);
#4403=ORIENTED_EDGE('',*,*,#3372,.F.);
#4404=ORIENTED_EDGE('',*,*,#3373,.F.);
#4405=ORIENTED_EDGE('',*,*,#3374,.F.);
#4406=ORIENTED_EDGE('',*,*,#3375,.F.);
#4407=ORIENTED_EDGE('',*,*,#3325,.F.);
#4408=ORIENTED_EDGE('',*,*,#3350,.F.);
#4409=ORIENTED_EDGE('',*,*,#3347,.F.);
#4410=ORIENTED_EDGE('',*,*,#3342,.F.);
#4411=ORIENTED_EDGE('',*,*,#3339,.F.);
#4412=ORIENTED_EDGE('',*,*,#3336,.F.);
#4413=ORIENTED_EDGE('',*,*,#3330,.F.);
#4414=ORIENTED_EDGE('',*,*,#3327,.F.);
#4415=ORIENTED_EDGE('',*,*,#3320,.F.);
#4416=ORIENTED_EDGE('',*,*,#3317,.F.);
#4417=ORIENTED_EDGE('',*,*,#3315,.F.);
#4418=ORIENTED_EDGE('',*,*,#3351,.F.);
#4419=ORIENTED_EDGE('',*,*,#3364,.T.);
#4420=ORIENTED_EDGE('',*,*,#3376,.T.);
#4421=ORIENTED_EDGE('',*,*,#3377,.T.);
#4422=ORIENTED_EDGE('',*,*,#3376,.F.);
#4423=ORIENTED_EDGE('',*,*,#3377,.F.);
#4424=ORIENTED_EDGE('',*,*,#3378,.T.);
#4425=ORIENTED_EDGE('',*,*,#3379,.T.);
#4426=ORIENTED_EDGE('',*,*,#3378,.F.);
#4427=ORIENTED_EDGE('',*,*,#3380,.T.);
#4428=ORIENTED_EDGE('',*,*,#3381,.T.);
#4429=ORIENTED_EDGE('',*,*,#3212,.T.);
#4430=ORIENTED_EDGE('',*,*,#3381,.F.);
#4431=ORIENTED_EDGE('',*,*,#3382,.F.);
#4432=ORIENTED_EDGE('',*,*,#3383,.F.);
#4433=ORIENTED_EDGE('',*,*,#3384,.F.);
#4434=ORIENTED_EDGE('',*,*,#3385,.F.);
#4435=ORIENTED_EDGE('',*,*,#3380,.F.);
#4436=ORIENTED_EDGE('',*,*,#3372,.T.);
#4437=ORIENTED_EDGE('',*,*,#3386,.T.);
#4438=ORIENTED_EDGE('',*,*,#3387,.T.);
#4439=ORIENTED_EDGE('',*,*,#3388,.T.);
#4440=ORIENTED_EDGE('',*,*,#3375,.T.);
#4441=ORIENTED_EDGE('',*,*,#3389,.T.);
#4442=ORIENTED_EDGE('',*,*,#3390,.T.);
#4443=ORIENTED_EDGE('',*,*,#3386,.F.);
#4444=ORIENTED_EDGE('',*,*,#3391,.T.);
#4445=ORIENTED_EDGE('',*,*,#3389,.F.);
#4446=ORIENTED_EDGE('',*,*,#3374,.T.);
#4447=ORIENTED_EDGE('',*,*,#3392,.T.);
#4448=ORIENTED_EDGE('',*,*,#3373,.T.);
#4449=ORIENTED_EDGE('',*,*,#3388,.F.);
#4450=ORIENTED_EDGE('',*,*,#3393,.T.);
#4451=ORIENTED_EDGE('',*,*,#3392,.F.);
#4452=ORIENTED_EDGE('',*,*,#3393,.F.);
#4453=ORIENTED_EDGE('',*,*,#3394,.T.);
#4454=ORIENTED_EDGE('',*,*,#3382,.T.);
#4455=ORIENTED_EDGE('',*,*,#3395,.F.);
#4456=ORIENTED_EDGE('',*,*,#3387,.F.);
#4457=ORIENTED_EDGE('',*,*,#3396,.T.);
#4458=ORIENTED_EDGE('',*,*,#3383,.T.);
#4459=ORIENTED_EDGE('',*,*,#3394,.F.);
#4460=ORIENTED_EDGE('',*,*,#3365,.T.);
#4461=ORIENTED_EDGE('',*,*,#3397,.T.);
#4462=ORIENTED_EDGE('',*,*,#3398,.T.);
#4463=ORIENTED_EDGE('',*,*,#3397,.F.);
#4464=ORIENTED_EDGE('',*,*,#3398,.F.);
#4465=ORIENTED_EDGE('',*,*,#3399,.T.);
#4466=ORIENTED_EDGE('',*,*,#3400,.T.);
#4467=ORIENTED_EDGE('',*,*,#3399,.F.);
#4468=ORIENTED_EDGE('',*,*,#3370,.T.);
#4469=ORIENTED_EDGE('',*,*,#3401,.T.);
#4470=ORIENTED_EDGE('',*,*,#3402,.T.);
#4471=ORIENTED_EDGE('',*,*,#3403,.T.);
#4472=ORIENTED_EDGE('',*,*,#3368,.T.);
#4473=ORIENTED_EDGE('',*,*,#3404,.T.);
#4474=ORIENTED_EDGE('',*,*,#3405,.T.);
#4475=ORIENTED_EDGE('',*,*,#3406,.T.);
#4476=ORIENTED_EDGE('',*,*,#3407,.T.);
#4477=ORIENTED_EDGE('',*,*,#3404,.F.);
#4478=ORIENTED_EDGE('',*,*,#3371,.T.);
#4479=ORIENTED_EDGE('',*,*,#3403,.F.);
#4480=ORIENTED_EDGE('',*,*,#3369,.T.);
#4481=ORIENTED_EDGE('',*,*,#3406,.F.);
#4482=ORIENTED_EDGE('',*,*,#3408,.T.);
#4483=ORIENTED_EDGE('',*,*,#3401,.F.);
#4484=ORIENTED_EDGE('',*,*,#3408,.F.);
#4485=ORIENTED_EDGE('',*,*,#3409,.T.);
#4486=ORIENTED_EDGE('',*,*,#3410,.T.);
#4487=ORIENTED_EDGE('',*,*,#3411,.F.);
#4488=ORIENTED_EDGE('',*,*,#3405,.F.);
#4489=ORIENTED_EDGE('',*,*,#3412,.T.);
#4490=ORIENTED_EDGE('',*,*,#3413,.T.);
#4491=ORIENTED_EDGE('',*,*,#3409,.F.);
#4492=ORIENTED_EDGE('',*,*,#3366,.T.);
#4493=ORIENTED_EDGE('',*,*,#3414,.T.);
#4494=ORIENTED_EDGE('',*,*,#3415,.T.);
#4495=ORIENTED_EDGE('',*,*,#3414,.F.);
#4496=ORIENTED_EDGE('',*,*,#3415,.F.);
#4497=ORIENTED_EDGE('',*,*,#3416,.T.);
#4498=ORIENTED_EDGE('',*,*,#3417,.T.);
#4499=ORIENTED_EDGE('',*,*,#3416,.F.);
#4500=ORIENTED_EDGE('',*,*,#3367,.T.);
#4501=ORIENTED_EDGE('',*,*,#3418,.T.);
#4502=ORIENTED_EDGE('',*,*,#3419,.T.);
#4503=ORIENTED_EDGE('',*,*,#3418,.F.);
#4504=ORIENTED_EDGE('',*,*,#3419,.F.);
#4505=ORIENTED_EDGE('',*,*,#3420,.T.);
#4506=ORIENTED_EDGE('',*,*,#3421,.T.);
#4507=ORIENTED_EDGE('',*,*,#3420,.F.);
#4508=ORIENTED_EDGE('',*,*,#3241,.F.);
#4509=ORIENTED_EDGE('',*,*,#3422,.T.);
#4510=ORIENTED_EDGE('',*,*,#3178,.T.);
#4511=ORIENTED_EDGE('',*,*,#3185,.T.);
#4512=ORIENTED_EDGE('',*,*,#3187,.T.);
#4513=ORIENTED_EDGE('',*,*,#3189,.T.);
#4514=ORIENTED_EDGE('',*,*,#3423,.T.);
#4515=ORIENTED_EDGE('',*,*,#3272,.T.);
#4516=ORIENTED_EDGE('',*,*,#3230,.F.);
#4517=ORIENTED_EDGE('',*,*,#3233,.F.);
#4518=ORIENTED_EDGE('',*,*,#3236,.F.);
#4519=ORIENTED_EDGE('',*,*,#3239,.F.);
#4520=ORIENTED_EDGE('',*,*,#3246,.F.);
#4521=ORIENTED_EDGE('',*,*,#3424,.F.);
#4522=ORIENTED_EDGE('',*,*,#3179,.T.);
#4523=ORIENTED_EDGE('',*,*,#3422,.F.);
#4524=ORIENTED_EDGE('',*,*,#3249,.F.);
#4525=ORIENTED_EDGE('',*,*,#3425,.F.);
#4526=ORIENTED_EDGE('',*,*,#3180,.F.);
#4527=ORIENTED_EDGE('',*,*,#3424,.T.);
#4528=ORIENTED_EDGE('',*,*,#3218,.F.);
#4529=ORIENTED_EDGE('',*,*,#3267,.F.);
#4530=ORIENTED_EDGE('',*,*,#3181,.F.);
#4531=ORIENTED_EDGE('',*,*,#3425,.T.);
#4532=ORIENTED_EDGE('',*,*,#3261,.F.);
#4533=ORIENTED_EDGE('',*,*,#3426,.F.);
#4534=ORIENTED_EDGE('',*,*,#3360,.F.);
#4535=ORIENTED_EDGE('',*,*,#3281,.T.);
#4536=ORIENTED_EDGE('',*,*,#3228,.F.);
#4537=ORIENTED_EDGE('',*,*,#3244,.F.);
#4538=ORIENTED_EDGE('',*,*,#3225,.F.);
#4539=ORIENTED_EDGE('',*,*,#3221,.F.);
#4540=ORIENTED_EDGE('',*,*,#3152,.T.);
#4541=ORIENTED_EDGE('',*,*,#3259,.F.);
#4542=ORIENTED_EDGE('',*,*,#3427,.F.);
#4543=ORIENTED_EDGE('',*,*,#3361,.F.);
#4544=ORIENTED_EDGE('',*,*,#3426,.T.);
#4545=ORIENTED_EDGE('',*,*,#3256,.F.);
#4546=ORIENTED_EDGE('',*,*,#3428,.F.);
#4547=ORIENTED_EDGE('',*,*,#3362,.F.);
#4548=ORIENTED_EDGE('',*,*,#3427,.T.);
#4549=ORIENTED_EDGE('',*,*,#3253,.F.);
#4550=ORIENTED_EDGE('',*,*,#3276,.F.);
#4551=ORIENTED_EDGE('',*,*,#3363,.F.);
#4552=ORIENTED_EDGE('',*,*,#3428,.T.);
#4553=ORIENTED_EDGE('',*,*,#3314,.F.);
#4554=ORIENTED_EDGE('',*,*,#3429,.T.);
#4555=ORIENTED_EDGE('',*,*,#3293,.T.);
#4556=ORIENTED_EDGE('',*,*,#3354,.F.);
#4557=ORIENTED_EDGE('',*,*,#3319,.F.);
#4558=ORIENTED_EDGE('',*,*,#3430,.T.);
#4559=ORIENTED_EDGE('',*,*,#3294,.T.);
#4560=ORIENTED_EDGE('',*,*,#3429,.F.);
#4561=ORIENTED_EDGE('',*,*,#3322,.F.);
#4562=ORIENTED_EDGE('',*,*,#3431,.T.);
#4563=ORIENTED_EDGE('',*,*,#3295,.T.);
#4564=ORIENTED_EDGE('',*,*,#3430,.F.);
#4565=ORIENTED_EDGE('',*,*,#3329,.F.);
#4566=ORIENTED_EDGE('',*,*,#3432,.T.);
#4567=ORIENTED_EDGE('',*,*,#3296,.T.);
#4568=ORIENTED_EDGE('',*,*,#3431,.F.);
#4569=ORIENTED_EDGE('',*,*,#3332,.F.);
#4570=ORIENTED_EDGE('',*,*,#3433,.T.);
#4571=ORIENTED_EDGE('',*,*,#3297,.T.);
#4572=ORIENTED_EDGE('',*,*,#3432,.F.);
#4573=ORIENTED_EDGE('',*,*,#3344,.F.);
#4574=ORIENTED_EDGE('',*,*,#3298,.T.);
#4575=ORIENTED_EDGE('',*,*,#3433,.F.);
#4576=ORIENTED_EDGE('',*,*,#3337,.F.);
#4577=ORIENTED_EDGE('',*,*,#3421,.F.);
#4578=ORIENTED_EDGE('',*,*,#3417,.F.);
#4579=ORIENTED_EDGE('',*,*,#3379,.F.);
#4580=ORIENTED_EDGE('',*,*,#3400,.F.);
#4581=ORIENTED_EDGE('',*,*,#3407,.F.);
#4582=ORIENTED_EDGE('',*,*,#3434,.T.);
#4583=ORIENTED_EDGE('',*,*,#3435,.T.);
#4584=ORIENTED_EDGE('',*,*,#3412,.F.);
#4585=ORIENTED_EDGE('',*,*,#3202,.F.);
#4586=ORIENTED_EDGE('',*,*,#3207,.F.);
#4587=ORIENTED_EDGE('',*,*,#3436,.T.);
#4588=ORIENTED_EDGE('',*,*,#3437,.T.);
#4589=ORIENTED_EDGE('',*,*,#3204,.F.);
#4590=ORIENTED_EDGE('',*,*,#3437,.F.);
#4591=ORIENTED_EDGE('',*,*,#3438,.T.);
#4592=ORIENTED_EDGE('',*,*,#3208,.T.);
#4593=ORIENTED_EDGE('',*,*,#3390,.F.);
#4594=ORIENTED_EDGE('',*,*,#3439,.T.);
#4595=ORIENTED_EDGE('',*,*,#3384,.T.);
#4596=ORIENTED_EDGE('',*,*,#3396,.F.);
#4597=ORIENTED_EDGE('',*,*,#3391,.F.);
#4598=ORIENTED_EDGE('',*,*,#3395,.T.);
#4599=ORIENTED_EDGE('',*,*,#3385,.T.);
#4600=ORIENTED_EDGE('',*,*,#3439,.F.);
#4601=ORIENTED_EDGE('',*,*,#3402,.F.);
#4602=ORIENTED_EDGE('',*,*,#3411,.T.);
#4603=ORIENTED_EDGE('',*,*,#3440,.T.);
#4604=ORIENTED_EDGE('',*,*,#3434,.F.);
#4605=ORIENTED_EDGE('',*,*,#3435,.F.);
#4606=ORIENTED_EDGE('',*,*,#3440,.F.);
#4607=ORIENTED_EDGE('',*,*,#3410,.F.);
#4608=ORIENTED_EDGE('',*,*,#3413,.F.);
#4609=ORIENTED_EDGE('',*,*,#3436,.F.);
#4610=ORIENTED_EDGE('',*,*,#3206,.F.);
#4611=ORIENTED_EDGE('',*,*,#3209,.F.);
#4612=ORIENTED_EDGE('',*,*,#3438,.F.);
#4613=ORIENTED_EDGE('',*,*,#3167,.F.);
#4614=ORIENTED_EDGE('',*,*,#3183,.T.);
#4615=ORIENTED_EDGE('',*,*,#3266,.F.);
#4616=ORIENTED_EDGE('',*,*,#3441,.T.);
#4617=ORIENTED_EDGE('',*,*,#3161,.F.);
#4618=ORIENTED_EDGE('',*,*,#3442,.T.);
#4619=ORIENTED_EDGE('',*,*,#3264,.F.);
#4620=ORIENTED_EDGE('',*,*,#3443,.T.);
#4621=ORIENTED_EDGE('',*,*,#3159,.F.);
#4622=ORIENTED_EDGE('',*,*,#3443,.F.);
#4623=ORIENTED_EDGE('',*,*,#3263,.F.);
#4624=ORIENTED_EDGE('',*,*,#3269,.F.);
#4625=ORIENTED_EDGE('',*,*,#3271,.F.);
#4626=ORIENTED_EDGE('',*,*,#3273,.F.);
#4627=ORIENTED_EDGE('',*,*,#3423,.F.);
#4628=ORIENTED_EDGE('',*,*,#3188,.F.);
#4629=ORIENTED_EDGE('',*,*,#3149,.T.);
#4630=ORIENTED_EDGE('',*,*,#3165,.F.);
#4631=ORIENTED_EDGE('',*,*,#3441,.F.);
#4632=ORIENTED_EDGE('',*,*,#3265,.F.);
#4633=ORIENTED_EDGE('',*,*,#3442,.F.);
#4634=ORIENTED_EDGE('',*,*,#3444,.F.);
#4635=ORIENTED_EDGE('',*,*,#3445,.F.);
#4636=ORIENTED_EDGE('',*,*,#3446,.T.);
#4637=ORIENTED_EDGE('',*,*,#3447,.F.);
#4638=ORIENTED_EDGE('',*,*,#3448,.T.);
#4639=ORIENTED_EDGE('',*,*,#3449,.T.);
#4640=ORIENTED_EDGE('',*,*,#3450,.F.);
#4641=ORIENTED_EDGE('',*,*,#3451,.F.);
#4642=ORIENTED_EDGE('',*,*,#3452,.T.);
#4643=ORIENTED_EDGE('',*,*,#3453,.T.);
#4644=ORIENTED_EDGE('',*,*,#3454,.T.);
#4645=ORIENTED_EDGE('',*,*,#3451,.T.);
#4646=ORIENTED_EDGE('',*,*,#3455,.T.);
#4647=ORIENTED_EDGE('',*,*,#3456,.T.);
#4648=ORIENTED_EDGE('',*,*,#3453,.F.);
#4649=ORIENTED_EDGE('',*,*,#3457,.T.);
#4650=ORIENTED_EDGE('',*,*,#3447,.T.);
#4651=ORIENTED_EDGE('',*,*,#3458,.T.);
#4652=ORIENTED_EDGE('',*,*,#3455,.F.);
#4653=ORIENTED_EDGE('',*,*,#3459,.T.);
#4654=ORIENTED_EDGE('',*,*,#3449,.F.);
#4655=ORIENTED_EDGE('',*,*,#3452,.F.);
#4656=ORIENTED_EDGE('',*,*,#3460,.F.);
#4657=ORIENTED_EDGE('',*,*,#3461,.F.);
#4658=ORIENTED_EDGE('',*,*,#3462,.T.);
#4659=ORIENTED_EDGE('',*,*,#3448,.F.);
#4660=ORIENTED_EDGE('',*,*,#3454,.F.);
#4661=ORIENTED_EDGE('',*,*,#3456,.F.);
#4662=ORIENTED_EDGE('',*,*,#3458,.F.);
#4663=ORIENTED_EDGE('',*,*,#3463,.F.);
#4664=ORIENTED_EDGE('',*,*,#3463,.T.);
#4665=ORIENTED_EDGE('',*,*,#3464,.T.);
#4666=ORIENTED_EDGE('',*,*,#3465,.T.);
#4667=ORIENTED_EDGE('',*,*,#3466,.T.);
#4668=ORIENTED_EDGE('',*,*,#3464,.F.);
#4669=ORIENTED_EDGE('',*,*,#3465,.F.);
#4670=ORIENTED_EDGE('',*,*,#3466,.F.);
#4671=ORIENTED_EDGE('',*,*,#3467,.T.);
#4672=ORIENTED_EDGE('',*,*,#3468,.T.);
#4673=ORIENTED_EDGE('',*,*,#3467,.F.);
#4674=ORIENTED_EDGE('',*,*,#3468,.F.);
#4675=ORIENTED_EDGE('',*,*,#3469,.T.);
#4676=ORIENTED_EDGE('',*,*,#3469,.F.);
#4677=ORIENTED_EDGE('',*,*,#3444,.T.);
#4678=ORIENTED_EDGE('',*,*,#3457,.F.);
#4679=ORIENTED_EDGE('',*,*,#3462,.F.);
#4680=ORIENTED_EDGE('',*,*,#3470,.F.);
#4681=ORIENTED_EDGE('',*,*,#3471,.T.);
#4682=ORIENTED_EDGE('',*,*,#3472,.T.);
#4683=ORIENTED_EDGE('',*,*,#3473,.T.);
#4684=ORIENTED_EDGE('',*,*,#3474,.T.);
#4685=ORIENTED_EDGE('',*,*,#3475,.F.);
#4686=ORIENTED_EDGE('',*,*,#3474,.F.);
#4687=ORIENTED_EDGE('',*,*,#3476,.T.);
#4688=ORIENTED_EDGE('',*,*,#3477,.T.);
#4689=ORIENTED_EDGE('',*,*,#3478,.T.);
#4690=ORIENTED_EDGE('',*,*,#3479,.T.);
#4691=ORIENTED_EDGE('',*,*,#3472,.F.);
#4692=ORIENTED_EDGE('',*,*,#3480,.T.);
#4693=ORIENTED_EDGE('',*,*,#3481,.T.);
#4694=ORIENTED_EDGE('',*,*,#3478,.F.);
#4695=ORIENTED_EDGE('',*,*,#3482,.T.);
#4696=ORIENTED_EDGE('',*,*,#3477,.F.);
#4697=ORIENTED_EDGE('',*,*,#3480,.F.);
#4698=ORIENTED_EDGE('',*,*,#3483,.F.);
#4699=ORIENTED_EDGE('',*,*,#3484,.F.);
#4700=ORIENTED_EDGE('',*,*,#3485,.T.);
#4701=ORIENTED_EDGE('',*,*,#3471,.F.);
#4702=ORIENTED_EDGE('',*,*,#3486,.F.);
#4703=ORIENTED_EDGE('',*,*,#3487,.F.);
#4704=ORIENTED_EDGE('',*,*,#3483,.T.);
#4705=ORIENTED_EDGE('',*,*,#3473,.F.);
#4706=ORIENTED_EDGE('',*,*,#3479,.F.);
#4707=ORIENTED_EDGE('',*,*,#3481,.F.);
#4708=ORIENTED_EDGE('',*,*,#3476,.F.);
#4709=ORIENTED_EDGE('',*,*,#3488,.F.);
#4710=ORIENTED_EDGE('',*,*,#3488,.T.);
#4711=ORIENTED_EDGE('',*,*,#3489,.T.);
#4712=ORIENTED_EDGE('',*,*,#3490,.T.);
#4713=ORIENTED_EDGE('',*,*,#3491,.T.);
#4714=ORIENTED_EDGE('',*,*,#3489,.F.);
#4715=ORIENTED_EDGE('',*,*,#3490,.F.);
#4716=ORIENTED_EDGE('',*,*,#3491,.F.);
#4717=ORIENTED_EDGE('',*,*,#3492,.T.);
#4718=ORIENTED_EDGE('',*,*,#3493,.T.);
#4719=ORIENTED_EDGE('',*,*,#3492,.F.);
#4720=ORIENTED_EDGE('',*,*,#3493,.F.);
#4721=ORIENTED_EDGE('',*,*,#3494,.T.);
#4722=ORIENTED_EDGE('',*,*,#3494,.F.);
#4723=ORIENTED_EDGE('',*,*,#3495,.T.);
#4724=ORIENTED_EDGE('',*,*,#3496,.T.);
#4725=ORIENTED_EDGE('',*,*,#3497,.T.);
#4726=ORIENTED_EDGE('',*,*,#3496,.F.);
#4727=ORIENTED_EDGE('',*,*,#3498,.T.);
#4728=ORIENTED_EDGE('',*,*,#3499,.T.);
#4729=ORIENTED_EDGE('',*,*,#3497,.F.);
#4730=ORIENTED_EDGE('',*,*,#3499,.F.);
#4731=ORIENTED_EDGE('',*,*,#3500,.F.);
#4732=ORIENTED_EDGE('',*,*,#3501,.T.);
#4733=ORIENTED_EDGE('',*,*,#3502,.T.);
#4734=ORIENTED_EDGE('',*,*,#3503,.T.);
#4735=ORIENTED_EDGE('',*,*,#3504,.T.);
#4736=ORIENTED_EDGE('',*,*,#3505,.T.);
#4737=ORIENTED_EDGE('',*,*,#3506,.T.);
#4738=ORIENTED_EDGE('',*,*,#3507,.F.);
#4739=ORIENTED_EDGE('',*,*,#3495,.F.);
#4740=ORIENTED_EDGE('',*,*,#3508,.F.);
#4741=ORIENTED_EDGE('',*,*,#3509,.T.);
#4742=ORIENTED_EDGE('',*,*,#3510,.T.);
#4743=ORIENTED_EDGE('',*,*,#3509,.F.);
#4744=ORIENTED_EDGE('',*,*,#3510,.F.);
#4745=ORIENTED_EDGE('',*,*,#3498,.F.);
#4746=ORIENTED_EDGE('',*,*,#3511,.F.);
#4747=ORIENTED_EDGE('',*,*,#3512,.T.);
#4748=ORIENTED_EDGE('',*,*,#3513,.T.);
#4749=ORIENTED_EDGE('',*,*,#3514,.T.);
#4750=ORIENTED_EDGE('',*,*,#3514,.F.);
#4751=ORIENTED_EDGE('',*,*,#3515,.T.);
#4752=ORIENTED_EDGE('',*,*,#3516,.F.);
#4753=ORIENTED_EDGE('',*,*,#3508,.T.);
#4754=ORIENTED_EDGE('',*,*,#3517,.T.);
#4755=ORIENTED_EDGE('',*,*,#3518,.T.);
#4756=ORIENTED_EDGE('',*,*,#3519,.T.);
#4757=ORIENTED_EDGE('',*,*,#3518,.F.);
#4758=ORIENTED_EDGE('',*,*,#3520,.F.);
#4759=ORIENTED_EDGE('',*,*,#3521,.T.);
#4760=ORIENTED_EDGE('',*,*,#3519,.F.);
#4761=ORIENTED_EDGE('',*,*,#3521,.F.);
#4762=ORIENTED_EDGE('',*,*,#3522,.F.);
#4763=ORIENTED_EDGE('',*,*,#3523,.T.);
#4764=ORIENTED_EDGE('',*,*,#3524,.T.);
#4765=ORIENTED_EDGE('',*,*,#3525,.T.);
#4766=ORIENTED_EDGE('',*,*,#3526,.T.);
#4767=ORIENTED_EDGE('',*,*,#3527,.T.);
#4768=ORIENTED_EDGE('',*,*,#3528,.T.);
#4769=ORIENTED_EDGE('',*,*,#3529,.F.);
#4770=ORIENTED_EDGE('',*,*,#3517,.F.);
#4771=ORIENTED_EDGE('',*,*,#3530,.T.);
#4772=ORIENTED_EDGE('',*,*,#3531,.T.);
#4773=ORIENTED_EDGE('',*,*,#3532,.F.);
#4774=ORIENTED_EDGE('',*,*,#3531,.F.);
#4775=ORIENTED_EDGE('',*,*,#3530,.F.);
#4776=ORIENTED_EDGE('',*,*,#3520,.T.);
#4777=ORIENTED_EDGE('',*,*,#3533,.F.);
#4778=ORIENTED_EDGE('',*,*,#3534,.T.);
#4779=ORIENTED_EDGE('',*,*,#3535,.T.);
#4780=ORIENTED_EDGE('',*,*,#3536,.T.);
#4781=ORIENTED_EDGE('',*,*,#3532,.T.);
#4782=ORIENTED_EDGE('',*,*,#3537,.T.);
#4783=ORIENTED_EDGE('',*,*,#3538,.T.);
#4784=ORIENTED_EDGE('',*,*,#3539,.T.);
#4785=ORIENTED_EDGE('',*,*,#3500,.T.);
#4786=ORIENTED_EDGE('',*,*,#3540,.T.);
#4787=ORIENTED_EDGE('',*,*,#3541,.T.);
#4788=ORIENTED_EDGE('',*,*,#3537,.F.);
#4789=ORIENTED_EDGE('',*,*,#3542,.T.);
#4790=ORIENTED_EDGE('',*,*,#3543,.T.);
#4791=ORIENTED_EDGE('',*,*,#3544,.T.);
#4792=ORIENTED_EDGE('',*,*,#3540,.F.);
#4793=ORIENTED_EDGE('',*,*,#3545,.T.);
#4794=ORIENTED_EDGE('',*,*,#3546,.T.);
#4795=ORIENTED_EDGE('',*,*,#3547,.T.);
#4796=ORIENTED_EDGE('',*,*,#3543,.F.);
#4797=ORIENTED_EDGE('',*,*,#3548,.T.);
#4798=ORIENTED_EDGE('',*,*,#3549,.T.);
#4799=ORIENTED_EDGE('',*,*,#3550,.T.);
#4800=ORIENTED_EDGE('',*,*,#3546,.F.);
#4801=ORIENTED_EDGE('',*,*,#3522,.T.);
#4802=ORIENTED_EDGE('',*,*,#3551,.T.);
#4803=ORIENTED_EDGE('',*,*,#3552,.T.);
#4804=ORIENTED_EDGE('',*,*,#3549,.F.);
#4805=ORIENTED_EDGE('',*,*,#3553,.T.);
#4806=ORIENTED_EDGE('',*,*,#3554,.T.);
#4807=ORIENTED_EDGE('',*,*,#3555,.T.);
#4808=ORIENTED_EDGE('',*,*,#3551,.F.);
#4809=ORIENTED_EDGE('',*,*,#3556,.T.);
#4810=ORIENTED_EDGE('',*,*,#3539,.F.);
#4811=ORIENTED_EDGE('',*,*,#3557,.T.);
#4812=ORIENTED_EDGE('',*,*,#3554,.F.);
#4813=ORIENTED_EDGE('',*,*,#3558,.T.);
#4814=ORIENTED_EDGE('',*,*,#3548,.F.);
#4815=ORIENTED_EDGE('',*,*,#3559,.T.);
#4816=ORIENTED_EDGE('',*,*,#3560,.T.);
#4817=ORIENTED_EDGE('',*,*,#3523,.F.);
#4818=ORIENTED_EDGE('',*,*,#3545,.F.);
#4819=ORIENTED_EDGE('',*,*,#3561,.T.);
#4820=ORIENTED_EDGE('',*,*,#3562,.T.);
#4821=ORIENTED_EDGE('',*,*,#3559,.F.);
#4822=ORIENTED_EDGE('',*,*,#3542,.F.);
#4823=ORIENTED_EDGE('',*,*,#3507,.T.);
#4824=ORIENTED_EDGE('',*,*,#3563,.T.);
#4825=ORIENTED_EDGE('',*,*,#3561,.F.);
#4826=ORIENTED_EDGE('',*,*,#3538,.F.);
#4827=ORIENTED_EDGE('',*,*,#3541,.F.);
#4828=ORIENTED_EDGE('',*,*,#3544,.F.);
#4829=ORIENTED_EDGE('',*,*,#3547,.F.);
#4830=ORIENTED_EDGE('',*,*,#3550,.F.);
#4831=ORIENTED_EDGE('',*,*,#3552,.F.);
#4832=ORIENTED_EDGE('',*,*,#3555,.F.);
#4833=ORIENTED_EDGE('',*,*,#3557,.F.);
#4834=ORIENTED_EDGE('',*,*,#3564,.F.);
#4835=ORIENTED_EDGE('',*,*,#3565,.F.);
#4836=ORIENTED_EDGE('',*,*,#3566,.F.);
#4837=ORIENTED_EDGE('',*,*,#3567,.F.);
#4838=ORIENTED_EDGE('',*,*,#3568,.F.);
#4839=ORIENTED_EDGE('',*,*,#3569,.F.);
#4840=ORIENTED_EDGE('',*,*,#3570,.F.);
#4841=ORIENTED_EDGE('',*,*,#3571,.F.);
#4842=ORIENTED_EDGE('',*,*,#3572,.T.);
#4843=ORIENTED_EDGE('',*,*,#3573,.T.);
#4844=ORIENTED_EDGE('',*,*,#3574,.T.);
#4845=ORIENTED_EDGE('',*,*,#3575,.T.);
#4846=ORIENTED_EDGE('',*,*,#3576,.T.);
#4847=ORIENTED_EDGE('',*,*,#3577,.T.);
#4848=ORIENTED_EDGE('',*,*,#3572,.F.);
#4849=ORIENTED_EDGE('',*,*,#3578,.T.);
#4850=ORIENTED_EDGE('',*,*,#3579,.T.);
#4851=ORIENTED_EDGE('',*,*,#3580,.T.);
#4852=ORIENTED_EDGE('',*,*,#3576,.F.);
#4853=ORIENTED_EDGE('',*,*,#3581,.T.);
#4854=ORIENTED_EDGE('',*,*,#3582,.T.);
#4855=ORIENTED_EDGE('',*,*,#3583,.T.);
#4856=ORIENTED_EDGE('',*,*,#3579,.F.);
#4857=ORIENTED_EDGE('',*,*,#3584,.T.);
#4858=ORIENTED_EDGE('',*,*,#3585,.T.);
#4859=ORIENTED_EDGE('',*,*,#3586,.T.);
#4860=ORIENTED_EDGE('',*,*,#3582,.F.);
#4861=ORIENTED_EDGE('',*,*,#3587,.T.);
#4862=ORIENTED_EDGE('',*,*,#3588,.T.);
#4863=ORIENTED_EDGE('',*,*,#3589,.T.);
#4864=ORIENTED_EDGE('',*,*,#3585,.F.);
#4865=ORIENTED_EDGE('',*,*,#3590,.T.);
#4866=ORIENTED_EDGE('',*,*,#3591,.T.);
#4867=ORIENTED_EDGE('',*,*,#3592,.T.);
#4868=ORIENTED_EDGE('',*,*,#3588,.F.);
#4869=ORIENTED_EDGE('',*,*,#3593,.T.);
#4870=ORIENTED_EDGE('',*,*,#3574,.F.);
#4871=ORIENTED_EDGE('',*,*,#3594,.T.);
#4872=ORIENTED_EDGE('',*,*,#3591,.F.);
#4873=ORIENTED_EDGE('',*,*,#3595,.T.);
#4874=ORIENTED_EDGE('',*,*,#3584,.F.);
#4875=ORIENTED_EDGE('',*,*,#3596,.F.);
#4876=ORIENTED_EDGE('',*,*,#3597,.T.);
#4877=ORIENTED_EDGE('',*,*,#3598,.T.);
#4878=ORIENTED_EDGE('',*,*,#3581,.F.);
#4879=ORIENTED_EDGE('',*,*,#3599,.F.);
#4880=ORIENTED_EDGE('',*,*,#3600,.T.);
#4881=ORIENTED_EDGE('',*,*,#3601,.T.);
#4882=ORIENTED_EDGE('',*,*,#3602,.T.);
#4883=ORIENTED_EDGE('',*,*,#3603,.T.);
#4884=ORIENTED_EDGE('',*,*,#3604,.T.);
#4885=ORIENTED_EDGE('',*,*,#3596,.T.);
#4886=ORIENTED_EDGE('',*,*,#3578,.F.);
#4887=ORIENTED_EDGE('',*,*,#3605,.F.);
#4888=ORIENTED_EDGE('',*,*,#3606,.T.);
#4889=ORIENTED_EDGE('',*,*,#3599,.T.);
#4890=ORIENTED_EDGE('',*,*,#3575,.F.);
#4891=ORIENTED_EDGE('',*,*,#3607,.F.);
#4892=ORIENTED_EDGE('',*,*,#3608,.T.);
#4893=ORIENTED_EDGE('',*,*,#3605,.T.);
#4894=ORIENTED_EDGE('',*,*,#3573,.F.);
#4895=ORIENTED_EDGE('',*,*,#3577,.F.);
#4896=ORIENTED_EDGE('',*,*,#3580,.F.);
#4897=ORIENTED_EDGE('',*,*,#3583,.F.);
#4898=ORIENTED_EDGE('',*,*,#3586,.F.);
#4899=ORIENTED_EDGE('',*,*,#3589,.F.);
#4900=ORIENTED_EDGE('',*,*,#3592,.F.);
#4901=ORIENTED_EDGE('',*,*,#3594,.F.);
#4902=ORIENTED_EDGE('',*,*,#3609,.F.);
#4903=ORIENTED_EDGE('',*,*,#3610,.F.);
#4904=ORIENTED_EDGE('',*,*,#3611,.F.);
#4905=ORIENTED_EDGE('',*,*,#3612,.F.);
#4906=ORIENTED_EDGE('',*,*,#3613,.F.);
#4907=ORIENTED_EDGE('',*,*,#3614,.F.);
#4908=ORIENTED_EDGE('',*,*,#3615,.F.);
#4909=ORIENTED_EDGE('',*,*,#3616,.F.);
#4910=ORIENTED_EDGE('',*,*,#3617,.T.);
#4911=ORIENTED_EDGE('',*,*,#3618,.T.);
#4912=ORIENTED_EDGE('',*,*,#3619,.T.);
#4913=ORIENTED_EDGE('',*,*,#3620,.T.);
#4914=ORIENTED_EDGE('',*,*,#3621,.T.);
#4915=ORIENTED_EDGE('',*,*,#3622,.T.);
#4916=ORIENTED_EDGE('',*,*,#3623,.T.);
#4917=ORIENTED_EDGE('',*,*,#3620,.F.);
#4918=ORIENTED_EDGE('',*,*,#3624,.F.);
#4919=ORIENTED_EDGE('',*,*,#3625,.F.);
#4920=ORIENTED_EDGE('',*,*,#3626,.F.);
#4921=ORIENTED_EDGE('',*,*,#3627,.T.);
#4922=ORIENTED_EDGE('',*,*,#3628,.T.);
#4923=ORIENTED_EDGE('',*,*,#3625,.T.);
#4924=ORIENTED_EDGE('',*,*,#3629,.T.);
#4925=ORIENTED_EDGE('',*,*,#3630,.F.);
#4926=ORIENTED_EDGE('',*,*,#3631,.F.);
#4927=ORIENTED_EDGE('',*,*,#3632,.F.);
#4928=ORIENTED_EDGE('',*,*,#3633,.T.);
#4929=ORIENTED_EDGE('',*,*,#3631,.T.);
#4930=ORIENTED_EDGE('',*,*,#3634,.T.);
#4931=ORIENTED_EDGE('',*,*,#3635,.T.);
#4932=ORIENTED_EDGE('',*,*,#3624,.T.);
#4933=ORIENTED_EDGE('',*,*,#3636,.T.);
#4934=ORIENTED_EDGE('',*,*,#3632,.T.);
#4935=ORIENTED_EDGE('',*,*,#3637,.T.);
#4936=ORIENTED_EDGE('',*,*,#3638,.F.);
#4937=ORIENTED_EDGE('',*,*,#3639,.F.);
#4938=ORIENTED_EDGE('',*,*,#3640,.F.);
#4939=ORIENTED_EDGE('',*,*,#3641,.T.);
#4940=ORIENTED_EDGE('',*,*,#3642,.T.);
#4941=ORIENTED_EDGE('',*,*,#3639,.T.);
#4942=ORIENTED_EDGE('',*,*,#3643,.T.);
#4943=ORIENTED_EDGE('',*,*,#3630,.T.);
#4944=ORIENTED_EDGE('',*,*,#3644,.T.);
#4945=ORIENTED_EDGE('',*,*,#3640,.T.);
#4946=ORIENTED_EDGE('',*,*,#3645,.T.);
#4947=ORIENTED_EDGE('',*,*,#3646,.T.);
#4948=ORIENTED_EDGE('',*,*,#3638,.T.);
#4949=ORIENTED_EDGE('',*,*,#3647,.T.);
#4950=ORIENTED_EDGE('',*,*,#3648,.T.);
#4951=ORIENTED_EDGE('',*,*,#3649,.T.);
#4952=ORIENTED_EDGE('',*,*,#3626,.T.);
#4953=ORIENTED_EDGE('',*,*,#3650,.T.);
#4954=ORIENTED_EDGE('',*,*,#3648,.F.);
#4955=ORIENTED_EDGE('',*,*,#3651,.T.);
#4956=ORIENTED_EDGE('',*,*,#3635,.F.);
#4957=ORIENTED_EDGE('',*,*,#3652,.T.);
#4958=ORIENTED_EDGE('',*,*,#3622,.F.);
#4959=ORIENTED_EDGE('',*,*,#3629,.F.);
#4960=ORIENTED_EDGE('',*,*,#3637,.F.);
#4961=ORIENTED_EDGE('',*,*,#3633,.F.);
#4962=ORIENTED_EDGE('',*,*,#3651,.F.);
#4963=ORIENTED_EDGE('',*,*,#3621,.F.);
#4964=ORIENTED_EDGE('',*,*,#3619,.F.);
#4965=ORIENTED_EDGE('',*,*,#3653,.T.);
#4966=ORIENTED_EDGE('',*,*,#3654,.T.);
#4967=ORIENTED_EDGE('',*,*,#3655,.F.);
#4968=ORIENTED_EDGE('',*,*,#3656,.F.);
#4969=ORIENTED_EDGE('',*,*,#3623,.F.);
#4970=ORIENTED_EDGE('',*,*,#3657,.T.);
#4971=ORIENTED_EDGE('',*,*,#3658,.F.);
#4972=ORIENTED_EDGE('',*,*,#3659,.F.);
#4973=ORIENTED_EDGE('',*,*,#3652,.F.);
#4974=ORIENTED_EDGE('',*,*,#3660,.F.);
#4975=ORIENTED_EDGE('',*,*,#3661,.F.);
#4976=ORIENTED_EDGE('',*,*,#3657,.F.);
#4977=ORIENTED_EDGE('',*,*,#3617,.F.);
#4978=ORIENTED_EDGE('',*,*,#3659,.T.);
#4979=ORIENTED_EDGE('',*,*,#3662,.T.);
#4980=ORIENTED_EDGE('',*,*,#3660,.T.);
#4981=ORIENTED_EDGE('',*,*,#3634,.F.);
#4982=ORIENTED_EDGE('',*,*,#3645,.F.);
#4983=ORIENTED_EDGE('',*,*,#3642,.F.);
#4984=ORIENTED_EDGE('',*,*,#3663,.F.);
#4985=ORIENTED_EDGE('',*,*,#3664,.T.);
#4986=ORIENTED_EDGE('',*,*,#3665,.F.);
#4987=ORIENTED_EDGE('',*,*,#3666,.T.);
#4988=ORIENTED_EDGE('',*,*,#3667,.T.);
#4989=ORIENTED_EDGE('',*,*,#3668,.T.);
#4990=ORIENTED_EDGE('',*,*,#3669,.T.);
#4991=ORIENTED_EDGE('',*,*,#3670,.T.);
#4992=ORIENTED_EDGE('',*,*,#3671,.T.);
#4993=ORIENTED_EDGE('',*,*,#3672,.T.);
#4994=ORIENTED_EDGE('',*,*,#3673,.T.);
#4995=ORIENTED_EDGE('',*,*,#3674,.T.);
#4996=ORIENTED_EDGE('',*,*,#3675,.T.);
#4997=ORIENTED_EDGE('',*,*,#3676,.T.);
#4998=ORIENTED_EDGE('',*,*,#3677,.T.);
#4999=ORIENTED_EDGE('',*,*,#3678,.T.);
#5000=ORIENTED_EDGE('',*,*,#3679,.T.);
#5001=ORIENTED_EDGE('',*,*,#3680,.T.);
#5002=ORIENTED_EDGE('',*,*,#3681,.T.);
#5003=ORIENTED_EDGE('',*,*,#3682,.T.);
#5004=ORIENTED_EDGE('',*,*,#3683,.T.);
#5005=ORIENTED_EDGE('',*,*,#3684,.T.);
#5006=ORIENTED_EDGE('',*,*,#3685,.T.);
#5007=ORIENTED_EDGE('',*,*,#3686,.T.);
#5008=ORIENTED_EDGE('',*,*,#3636,.F.);
#5009=ORIENTED_EDGE('',*,*,#3649,.F.);
#5010=ORIENTED_EDGE('',*,*,#3647,.F.);
#5011=ORIENTED_EDGE('',*,*,#3644,.F.);
#5012=ORIENTED_EDGE('',*,*,#3687,.T.);
#5013=ORIENTED_EDGE('',*,*,#3688,.T.);
#5014=ORIENTED_EDGE('',*,*,#3689,.T.);
#5015=ORIENTED_EDGE('',*,*,#3690,.T.);
#5016=ORIENTED_EDGE('',*,*,#3691,.F.);
#5017=ORIENTED_EDGE('',*,*,#3692,.F.);
#5018=ORIENTED_EDGE('',*,*,#3693,.F.);
#5019=ORIENTED_EDGE('',*,*,#3694,.T.);
#5020=ORIENTED_EDGE('',*,*,#3695,.T.);
#5021=ORIENTED_EDGE('',*,*,#3692,.T.);
#5022=ORIENTED_EDGE('',*,*,#3696,.T.);
#5023=ORIENTED_EDGE('',*,*,#3697,.F.);
#5024=ORIENTED_EDGE('',*,*,#3698,.F.);
#5025=ORIENTED_EDGE('',*,*,#3699,.F.);
#5026=ORIENTED_EDGE('',*,*,#3700,.T.);
#5027=ORIENTED_EDGE('',*,*,#3698,.T.);
#5028=ORIENTED_EDGE('',*,*,#3701,.T.);
#5029=ORIENTED_EDGE('',*,*,#3702,.T.);
#5030=ORIENTED_EDGE('',*,*,#3703,.T.);
#5031=ORIENTED_EDGE('',*,*,#3691,.T.);
#5032=ORIENTED_EDGE('',*,*,#3704,.T.);
#5033=ORIENTED_EDGE('',*,*,#3705,.T.);
#5034=ORIENTED_EDGE('',*,*,#3706,.T.);
#5035=ORIENTED_EDGE('',*,*,#3707,.T.);
#5036=ORIENTED_EDGE('',*,*,#3708,.T.);
#5037=ORIENTED_EDGE('',*,*,#3705,.F.);
#5038=ORIENTED_EDGE('',*,*,#3709,.T.);
#5039=ORIENTED_EDGE('',*,*,#3710,.T.);
#5040=ORIENTED_EDGE('',*,*,#3711,.T.);
#5041=ORIENTED_EDGE('',*,*,#3707,.F.);
#5042=ORIENTED_EDGE('',*,*,#3712,.T.);
#5043=ORIENTED_EDGE('',*,*,#3713,.T.);
#5044=ORIENTED_EDGE('',*,*,#3714,.T.);
#5045=ORIENTED_EDGE('',*,*,#3710,.F.);
#5046=ORIENTED_EDGE('',*,*,#3715,.T.);
#5047=ORIENTED_EDGE('',*,*,#3716,.T.);
#5048=ORIENTED_EDGE('',*,*,#3717,.T.);
#5049=ORIENTED_EDGE('',*,*,#3713,.F.);
#5050=ORIENTED_EDGE('',*,*,#3718,.F.);
#5051=ORIENTED_EDGE('',*,*,#3719,.F.);
#5052=ORIENTED_EDGE('',*,*,#3720,.F.);
#5053=ORIENTED_EDGE('',*,*,#3721,.T.);
#5054=ORIENTED_EDGE('',*,*,#3722,.T.);
#5055=ORIENTED_EDGE('',*,*,#3719,.T.);
#5056=ORIENTED_EDGE('',*,*,#3723,.T.);
#5057=ORIENTED_EDGE('',*,*,#3724,.T.);
#5058=ORIENTED_EDGE('',*,*,#3720,.T.);
#5059=ORIENTED_EDGE('',*,*,#3725,.T.);
#5060=ORIENTED_EDGE('',*,*,#3716,.F.);
#5061=ORIENTED_EDGE('',*,*,#3726,.T.);
#5062=ORIENTED_EDGE('',*,*,#3718,.T.);
#5063=ORIENTED_EDGE('',*,*,#3727,.T.);
#5064=ORIENTED_EDGE('',*,*,#3728,.T.);
#5065=ORIENTED_EDGE('',*,*,#3729,.T.);
#5066=ORIENTED_EDGE('',*,*,#3728,.F.);
#5067=ORIENTED_EDGE('',*,*,#3730,.T.);
#5068=ORIENTED_EDGE('',*,*,#3731,.T.);
#5069=ORIENTED_EDGE('',*,*,#3732,.T.);
#5070=ORIENTED_EDGE('',*,*,#3731,.F.);
#5071=ORIENTED_EDGE('',*,*,#3733,.T.);
#5072=ORIENTED_EDGE('',*,*,#3734,.T.);
#5073=ORIENTED_EDGE('',*,*,#3735,.T.);
#5074=ORIENTED_EDGE('',*,*,#3734,.F.);
#5075=ORIENTED_EDGE('',*,*,#3736,.T.);
#5076=ORIENTED_EDGE('',*,*,#3737,.T.);
#5077=ORIENTED_EDGE('',*,*,#3738,.T.);
#5078=ORIENTED_EDGE('',*,*,#3699,.T.);
#5079=ORIENTED_EDGE('',*,*,#3739,.T.);
#5080=ORIENTED_EDGE('',*,*,#3737,.F.);
#5081=ORIENTED_EDGE('',*,*,#3697,.T.);
#5082=ORIENTED_EDGE('',*,*,#3740,.T.);
#5083=ORIENTED_EDGE('',*,*,#3693,.T.);
#5084=ORIENTED_EDGE('',*,*,#3741,.T.);
#5085=ORIENTED_EDGE('',*,*,#3742,.T.);
#5086=ORIENTED_EDGE('',*,*,#3702,.F.);
#5087=ORIENTED_EDGE('',*,*,#3743,.T.);
#5088=ORIENTED_EDGE('',*,*,#3688,.F.);
#5089=ORIENTED_EDGE('',*,*,#3744,.T.);
#5090=ORIENTED_EDGE('',*,*,#3745,.T.);
#5091=ORIENTED_EDGE('',*,*,#3746,.T.);
#5092=ORIENTED_EDGE('',*,*,#3690,.F.);
#5093=ORIENTED_EDGE('',*,*,#3725,.F.);
#5094=ORIENTED_EDGE('',*,*,#3722,.F.);
#5095=ORIENTED_EDGE('',*,*,#3747,.F.);
#5096=ORIENTED_EDGE('',*,*,#3748,.T.);
#5097=ORIENTED_EDGE('',*,*,#3723,.F.);
#5098=ORIENTED_EDGE('',*,*,#3726,.F.);
#5099=ORIENTED_EDGE('',*,*,#3749,.F.);
#5100=ORIENTED_EDGE('',*,*,#3750,.F.);
#5101=ORIENTED_EDGE('',*,*,#3729,.F.);
#5102=ORIENTED_EDGE('',*,*,#3751,.F.);
#5103=ORIENTED_EDGE('',*,*,#3752,.T.);
#5104=ORIENTED_EDGE('',*,*,#3753,.F.);
#5105=ORIENTED_EDGE('',*,*,#3754,.T.);
#5106=ORIENTED_EDGE('',*,*,#3755,.T.);
#5107=ORIENTED_EDGE('',*,*,#3756,.F.);
#5108=ORIENTED_EDGE('',*,*,#3757,.F.);
#5109=ORIENTED_EDGE('',*,*,#3758,.F.);
#5110=ORIENTED_EDGE('',*,*,#3749,.T.);
#5111=ORIENTED_EDGE('',*,*,#3732,.F.);
#5112=ORIENTED_EDGE('',*,*,#3759,.F.);
#5113=ORIENTED_EDGE('',*,*,#3760,.T.);
#5114=ORIENTED_EDGE('',*,*,#3751,.T.);
#5115=ORIENTED_EDGE('',*,*,#3761,.T.);
#5116=ORIENTED_EDGE('',*,*,#3762,.T.);
#5117=ORIENTED_EDGE('',*,*,#3763,.T.);
#5118=ORIENTED_EDGE('',*,*,#3764,.T.);
#5119=ORIENTED_EDGE('',*,*,#3765,.T.);
#5120=ORIENTED_EDGE('',*,*,#3766,.T.);
#5121=ORIENTED_EDGE('',*,*,#3767,.T.);
#5122=ORIENTED_EDGE('',*,*,#3768,.T.);
#5123=ORIENTED_EDGE('',*,*,#3769,.T.);
#5124=ORIENTED_EDGE('',*,*,#3770,.T.);
#5125=ORIENTED_EDGE('',*,*,#3771,.T.);
#5126=ORIENTED_EDGE('',*,*,#3772,.T.);
#5127=ORIENTED_EDGE('',*,*,#3773,.T.);
#5128=ORIENTED_EDGE('',*,*,#3774,.T.);
#5129=ORIENTED_EDGE('',*,*,#3775,.T.);
#5130=ORIENTED_EDGE('',*,*,#3776,.T.);
#5131=ORIENTED_EDGE('',*,*,#3777,.T.);
#5132=ORIENTED_EDGE('',*,*,#3778,.T.);
#5133=ORIENTED_EDGE('',*,*,#3779,.T.);
#5134=ORIENTED_EDGE('',*,*,#3780,.T.);
#5135=ORIENTED_EDGE('',*,*,#3781,.T.);
#5136=ORIENTED_EDGE('',*,*,#3782,.T.);
#5137=ORIENTED_EDGE('',*,*,#3783,.T.);
#5138=ORIENTED_EDGE('',*,*,#3784,.T.);
#5139=ORIENTED_EDGE('',*,*,#3735,.F.);
#5140=ORIENTED_EDGE('',*,*,#3785,.F.);
#5141=ORIENTED_EDGE('',*,*,#3786,.T.);
#5142=ORIENTED_EDGE('',*,*,#3787,.F.);
#5143=ORIENTED_EDGE('',*,*,#3788,.T.);
#5144=ORIENTED_EDGE('',*,*,#3789,.T.);
#5145=ORIENTED_EDGE('',*,*,#3790,.T.);
#5146=ORIENTED_EDGE('',*,*,#3791,.F.);
#5147=ORIENTED_EDGE('',*,*,#3792,.T.);
#5148=ORIENTED_EDGE('',*,*,#3759,.T.);
#5149=ORIENTED_EDGE('',*,*,#3742,.F.);
#5150=ORIENTED_EDGE('',*,*,#3793,.T.);
#5151=ORIENTED_EDGE('',*,*,#3794,.F.);
#5152=ORIENTED_EDGE('',*,*,#3795,.F.);
#5153=ORIENTED_EDGE('',*,*,#3687,.F.);
#5154=ORIENTED_EDGE('',*,*,#3796,.F.);
#5155=ORIENTED_EDGE('',*,*,#3797,.F.);
#5156=ORIENTED_EDGE('',*,*,#3793,.F.);
#5157=ORIENTED_EDGE('',*,*,#3739,.F.);
#5158=ORIENTED_EDGE('',*,*,#3700,.F.);
#5159=ORIENTED_EDGE('',*,*,#3795,.T.);
#5160=ORIENTED_EDGE('',*,*,#3798,.T.);
#5161=ORIENTED_EDGE('',*,*,#3796,.T.);
#5162=ORIENTED_EDGE('',*,*,#3746,.F.);
#5163=ORIENTED_EDGE('',*,*,#3799,.T.);
#5164=ORIENTED_EDGE('',*,*,#3785,.T.);
#5165=ORIENTED_EDGE('',*,*,#3704,.F.);
#5166=ORIENTED_EDGE('',*,*,#3740,.F.);
#5167=ORIENTED_EDGE('',*,*,#3738,.F.);
#5168=ORIENTED_EDGE('',*,*,#3736,.F.);
#5169=ORIENTED_EDGE('',*,*,#3733,.F.);
#5170=ORIENTED_EDGE('',*,*,#3730,.F.);
#5171=ORIENTED_EDGE('',*,*,#3727,.F.);
#5172=ORIENTED_EDGE('',*,*,#3724,.F.);
#5173=ORIENTED_EDGE('',*,*,#3715,.F.);
#5174=ORIENTED_EDGE('',*,*,#3712,.F.);
#5175=ORIENTED_EDGE('',*,*,#3709,.F.);
#5176=ORIENTED_EDGE('',*,*,#3706,.F.);
#5177=ORIENTED_EDGE('',*,*,#3654,.F.);
#5178=ORIENTED_EDGE('',*,*,#3800,.T.);
#5179=ORIENTED_EDGE('',*,*,#3801,.T.);
#5180=ORIENTED_EDGE('',*,*,#3802,.T.);
#5181=ORIENTED_EDGE('',*,*,#3802,.F.);
#5182=ORIENTED_EDGE('',*,*,#3803,.F.);
#5183=ORIENTED_EDGE('',*,*,#3804,.F.);
#5184=ORIENTED_EDGE('',*,*,#3655,.T.);
#5185=ORIENTED_EDGE('',*,*,#3609,.T.);
#5186=ORIENTED_EDGE('',*,*,#3805,.T.);
#5187=ORIENTED_EDGE('',*,*,#3806,.T.);
#5188=ORIENTED_EDGE('',*,*,#3805,.F.);
#5189=ORIENTED_EDGE('',*,*,#3807,.F.);
#5190=ORIENTED_EDGE('',*,*,#3808,.T.);
#5191=ORIENTED_EDGE('',*,*,#3806,.F.);
#5192=ORIENTED_EDGE('',*,*,#3808,.F.);
#5193=ORIENTED_EDGE('',*,*,#3616,.T.);
#5194=ORIENTED_EDGE('',*,*,#3809,.T.);
#5195=ORIENTED_EDGE('',*,*,#3810,.T.);
#5196=ORIENTED_EDGE('',*,*,#3809,.F.);
#5197=ORIENTED_EDGE('',*,*,#3811,.F.);
#5198=ORIENTED_EDGE('',*,*,#3812,.T.);
#5199=ORIENTED_EDGE('',*,*,#3810,.F.);
#5200=ORIENTED_EDGE('',*,*,#3812,.F.);
#5201=ORIENTED_EDGE('',*,*,#3610,.T.);
#5202=ORIENTED_EDGE('',*,*,#3813,.T.);
#5203=ORIENTED_EDGE('',*,*,#3814,.T.);
#5204=ORIENTED_EDGE('',*,*,#3813,.F.);
#5205=ORIENTED_EDGE('',*,*,#3815,.F.);
#5206=ORIENTED_EDGE('',*,*,#3816,.T.);
#5207=ORIENTED_EDGE('',*,*,#3814,.F.);
#5208=ORIENTED_EDGE('',*,*,#3816,.F.);
#5209=ORIENTED_EDGE('',*,*,#3615,.T.);
#5210=ORIENTED_EDGE('',*,*,#3817,.T.);
#5211=ORIENTED_EDGE('',*,*,#3818,.T.);
#5212=ORIENTED_EDGE('',*,*,#3817,.F.);
#5213=ORIENTED_EDGE('',*,*,#3819,.F.);
#5214=ORIENTED_EDGE('',*,*,#3820,.T.);
#5215=ORIENTED_EDGE('',*,*,#3818,.F.);
#5216=ORIENTED_EDGE('',*,*,#3820,.F.);
#5217=ORIENTED_EDGE('',*,*,#3821,.T.);
#5218=ORIENTED_EDGE('',*,*,#3611,.T.);
#5219=ORIENTED_EDGE('',*,*,#3822,.T.);
#5220=ORIENTED_EDGE('',*,*,#3823,.T.);
#5221=ORIENTED_EDGE('',*,*,#3824,.T.);
#5222=ORIENTED_EDGE('',*,*,#3612,.T.);
#5223=ORIENTED_EDGE('',*,*,#3821,.F.);
#5224=ORIENTED_EDGE('',*,*,#3825,.T.);
#5225=ORIENTED_EDGE('',*,*,#3826,.T.);
#5226=ORIENTED_EDGE('',*,*,#3613,.T.);
#5227=ORIENTED_EDGE('',*,*,#3824,.F.);
#5228=ORIENTED_EDGE('',*,*,#3827,.T.);
#5229=ORIENTED_EDGE('',*,*,#3822,.F.);
#5230=ORIENTED_EDGE('',*,*,#3614,.T.);
#5231=ORIENTED_EDGE('',*,*,#3826,.F.);
#5232=ORIENTED_EDGE('',*,*,#3828,.T.);
#5233=ORIENTED_EDGE('',*,*,#3825,.F.);
#5234=ORIENTED_EDGE('',*,*,#3829,.F.);
#5235=ORIENTED_EDGE('',*,*,#3830,.F.);
#5236=ORIENTED_EDGE('',*,*,#3831,.T.);
#5237=ORIENTED_EDGE('',*,*,#3823,.F.);
#5238=ORIENTED_EDGE('',*,*,#3832,.F.);
#5239=ORIENTED_EDGE('',*,*,#3833,.F.);
#5240=ORIENTED_EDGE('',*,*,#3829,.T.);
#5241=ORIENTED_EDGE('',*,*,#3834,.T.);
#5242=ORIENTED_EDGE('',*,*,#3835,.T.);
#5243=ORIENTED_EDGE('',*,*,#3819,.T.);
#5244=ORIENTED_EDGE('',*,*,#3835,.F.);
#5245=ORIENTED_EDGE('',*,*,#3461,.T.);
#5246=ORIENTED_EDGE('',*,*,#3836,.T.);
#5247=ORIENTED_EDGE('',*,*,#3837,.T.);
#5248=ORIENTED_EDGE('',*,*,#3484,.T.);
#5249=ORIENTED_EDGE('',*,*,#3487,.T.);
#5250=ORIENTED_EDGE('',*,*,#3838,.T.);
#5251=ORIENTED_EDGE('',*,*,#3839,.T.);
#5252=ORIENTED_EDGE('',*,*,#3747,.T.);
#5253=ORIENTED_EDGE('',*,*,#3721,.F.);
#5254=ORIENTED_EDGE('',*,*,#3750,.T.);
#5255=ORIENTED_EDGE('',*,*,#3758,.T.);
#5256=ORIENTED_EDGE('',*,*,#3840,.F.);
#5257=ORIENTED_EDGE('',*,*,#3841,.T.);
#5258=ORIENTED_EDGE('',*,*,#3663,.T.);
#5259=ORIENTED_EDGE('',*,*,#3641,.F.);
#5260=ORIENTED_EDGE('',*,*,#3842,.T.);
#5261=ORIENTED_EDGE('',*,*,#3843,.T.);
#5262=ORIENTED_EDGE('',*,*,#3844,.T.);
#5263=ORIENTED_EDGE('',*,*,#3845,.T.);
#5264=ORIENTED_EDGE('',*,*,#3846,.T.);
#5265=ORIENTED_EDGE('',*,*,#3627,.F.);
#5266=ORIENTED_EDGE('',*,*,#3656,.T.);
#5267=ORIENTED_EDGE('',*,*,#3804,.T.);
#5268=ORIENTED_EDGE('',*,*,#3847,.T.);
#5269=ORIENTED_EDGE('',*,*,#3694,.F.);
#5270=ORIENTED_EDGE('',*,*,#3848,.T.);
#5271=ORIENTED_EDGE('',*,*,#3445,.T.);
#5272=ORIENTED_EDGE('',*,*,#3513,.F.);
#5273=ORIENTED_EDGE('',*,*,#3849,.F.);
#5274=ORIENTED_EDGE('',*,*,#3850,.F.);
#5275=ORIENTED_EDGE('',*,*,#3851,.F.);
#5276=ORIENTED_EDGE('',*,*,#3535,.F.);
#5277=ORIENTED_EDGE('',*,*,#3852,.F.);
#5278=ORIENTED_EDGE('',*,*,#3853,.F.);
#5279=ORIENTED_EDGE('',*,*,#3854,.F.);
#5280=ORIENTED_EDGE('',*,*,#3515,.F.);
#5281=ORIENTED_EDGE('',*,*,#3470,.T.);
#5282=ORIENTED_EDGE('',*,*,#3855,.F.);
#5283=ORIENTED_EDGE('',*,*,#3856,.F.);
#5284=ORIENTED_EDGE('',*,*,#3857,.F.);
#5285=ORIENTED_EDGE('',*,*,#3858,.F.);
#5286=ORIENTED_EDGE('',*,*,#3859,.F.);
#5287=ORIENTED_EDGE('',*,*,#3860,.F.);
#5288=ORIENTED_EDGE('',*,*,#3861,.F.);
#5289=ORIENTED_EDGE('',*,*,#3834,.F.);
#5290=ORIENTED_EDGE('',*,*,#3855,.T.);
#5291=ORIENTED_EDGE('',*,*,#3862,.T.);
#5292=ORIENTED_EDGE('',*,*,#3815,.T.);
#5293=ORIENTED_EDGE('',*,*,#3862,.F.);
#5294=ORIENTED_EDGE('',*,*,#3861,.T.);
#5295=ORIENTED_EDGE('',*,*,#3863,.T.);
#5296=ORIENTED_EDGE('',*,*,#3811,.T.);
#5297=ORIENTED_EDGE('',*,*,#3863,.F.);
#5298=ORIENTED_EDGE('',*,*,#3856,.T.);
#5299=ORIENTED_EDGE('',*,*,#3864,.T.);
#5300=ORIENTED_EDGE('',*,*,#3807,.T.);
#5301=ORIENTED_EDGE('',*,*,#3864,.F.);
#5302=ORIENTED_EDGE('',*,*,#3865,.T.);
#5303=ORIENTED_EDGE('',*,*,#3857,.T.);
#5304=ORIENTED_EDGE('',*,*,#3866,.T.);
#5305=ORIENTED_EDGE('',*,*,#3867,.T.);
#5306=ORIENTED_EDGE('',*,*,#3868,.T.);
#5307=ORIENTED_EDGE('',*,*,#3858,.T.);
#5308=ORIENTED_EDGE('',*,*,#3865,.F.);
#5309=ORIENTED_EDGE('',*,*,#3830,.T.);
#5310=ORIENTED_EDGE('',*,*,#3869,.T.);
#5311=ORIENTED_EDGE('',*,*,#3859,.T.);
#5312=ORIENTED_EDGE('',*,*,#3868,.F.);
#5313=ORIENTED_EDGE('',*,*,#3833,.T.);
#5314=ORIENTED_EDGE('',*,*,#3866,.F.);
#5315=ORIENTED_EDGE('',*,*,#3860,.T.);
#5316=ORIENTED_EDGE('',*,*,#3869,.F.);
#5317=ORIENTED_EDGE('',*,*,#3870,.T.);
#5318=ORIENTED_EDGE('',*,*,#3827,.F.);
#5319=ORIENTED_EDGE('',*,*,#3831,.F.);
#5320=ORIENTED_EDGE('',*,*,#3867,.F.);
#5321=ORIENTED_EDGE('',*,*,#3871,.T.);
#5322=ORIENTED_EDGE('',*,*,#3840,.T.);
#5323=ORIENTED_EDGE('',*,*,#3757,.T.);
#5324=ORIENTED_EDGE('',*,*,#3872,.T.);
#5325=ORIENTED_EDGE('',*,*,#3873,.T.);
#5326=ORIENTED_EDGE('',*,*,#3874,.F.);
#5327=ORIENTED_EDGE('',*,*,#3875,.F.);
#5328=ORIENTED_EDGE('',*,*,#3876,.F.);
#5329=ORIENTED_EDGE('',*,*,#3877,.T.);
#5330=ORIENTED_EDGE('',*,*,#3875,.T.);
#5331=ORIENTED_EDGE('',*,*,#3878,.T.);
#5332=ORIENTED_EDGE('',*,*,#3873,.F.);
#5333=ORIENTED_EDGE('',*,*,#3787,.T.);
#5334=ORIENTED_EDGE('',*,*,#3879,.T.);
#5335=ORIENTED_EDGE('',*,*,#3876,.T.);
#5336=ORIENTED_EDGE('',*,*,#3880,.T.);
#5337=ORIENTED_EDGE('',*,*,#3665,.T.);
#5338=ORIENTED_EDGE('',*,*,#3881,.T.);
#5339=ORIENTED_EDGE('',*,*,#3874,.T.);
#5340=ORIENTED_EDGE('',*,*,#3882,.T.);
#5341=ORIENTED_EDGE('',*,*,#3880,.F.);
#5342=ORIENTED_EDGE('',*,*,#3877,.F.);
#5343=ORIENTED_EDGE('',*,*,#3872,.F.);
#5344=ORIENTED_EDGE('',*,*,#3756,.T.);
#5345=ORIENTED_EDGE('',*,*,#3883,.T.);
#5346=ORIENTED_EDGE('',*,*,#3788,.F.);
#5347=ORIENTED_EDGE('',*,*,#3878,.F.);
#5348=ORIENTED_EDGE('',*,*,#3881,.F.);
#5349=ORIENTED_EDGE('',*,*,#3664,.F.);
#5350=ORIENTED_EDGE('',*,*,#3841,.F.);
#5351=ORIENTED_EDGE('',*,*,#3791,.T.);
#5352=ORIENTED_EDGE('',*,*,#3884,.T.);
#5353=ORIENTED_EDGE('',*,*,#3753,.T.);
#5354=ORIENTED_EDGE('',*,*,#3885,.T.);
#5355=ORIENTED_EDGE('',*,*,#3884,.F.);
#5356=ORIENTED_EDGE('',*,*,#3790,.F.);
#5357=ORIENTED_EDGE('',*,*,#3886,.T.);
#5358=ORIENTED_EDGE('',*,*,#3754,.F.);
#5359=ORIENTED_EDGE('',*,*,#3887,.T.);
#5360=ORIENTED_EDGE('',*,*,#3564,.T.);
#5361=ORIENTED_EDGE('',*,*,#3888,.T.);
#5362=ORIENTED_EDGE('',*,*,#3889,.T.);
#5363=ORIENTED_EDGE('',*,*,#3890,.T.);
#5364=ORIENTED_EDGE('',*,*,#3565,.T.);
#5365=ORIENTED_EDGE('',*,*,#3887,.F.);
#5366=ORIENTED_EDGE('',*,*,#3891,.T.);
#5367=ORIENTED_EDGE('',*,*,#3892,.T.);
#5368=ORIENTED_EDGE('',*,*,#3566,.T.);
#5369=ORIENTED_EDGE('',*,*,#3890,.F.);
#5370=ORIENTED_EDGE('',*,*,#3533,.T.);
#5371=ORIENTED_EDGE('',*,*,#3893,.T.);
#5372=ORIENTED_EDGE('',*,*,#3567,.T.);
#5373=ORIENTED_EDGE('',*,*,#3892,.F.);
#5374=ORIENTED_EDGE('',*,*,#3894,.T.);
#5375=ORIENTED_EDGE('',*,*,#3895,.T.);
#5376=ORIENTED_EDGE('',*,*,#3568,.T.);
#5377=ORIENTED_EDGE('',*,*,#3893,.F.);
#5378=ORIENTED_EDGE('',*,*,#3896,.T.);
#5379=ORIENTED_EDGE('',*,*,#3897,.T.);
#5380=ORIENTED_EDGE('',*,*,#3569,.T.);
#5381=ORIENTED_EDGE('',*,*,#3895,.F.);
#5382=ORIENTED_EDGE('',*,*,#3898,.T.);
#5383=ORIENTED_EDGE('',*,*,#3899,.T.);
#5384=ORIENTED_EDGE('',*,*,#3570,.T.);
#5385=ORIENTED_EDGE('',*,*,#3897,.F.);
#5386=ORIENTED_EDGE('',*,*,#3511,.T.);
#5387=ORIENTED_EDGE('',*,*,#3888,.F.);
#5388=ORIENTED_EDGE('',*,*,#3571,.T.);
#5389=ORIENTED_EDGE('',*,*,#3899,.F.);
#5390=ORIENTED_EDGE('',*,*,#3900,.T.);
#5391=ORIENTED_EDGE('',*,*,#3894,.F.);
#5392=ORIENTED_EDGE('',*,*,#3536,.F.);
#5393=ORIENTED_EDGE('',*,*,#3851,.T.);
#5394=ORIENTED_EDGE('',*,*,#3901,.F.);
#5395=ORIENTED_EDGE('',*,*,#3891,.F.);
#5396=ORIENTED_EDGE('',*,*,#3902,.T.);
#5397=ORIENTED_EDGE('',*,*,#3852,.T.);
#5398=ORIENTED_EDGE('',*,*,#3534,.F.);
#5399=ORIENTED_EDGE('',*,*,#3889,.F.);
#5400=ORIENTED_EDGE('',*,*,#3903,.T.);
#5401=ORIENTED_EDGE('',*,*,#3853,.T.);
#5402=ORIENTED_EDGE('',*,*,#3902,.F.);
#5403=ORIENTED_EDGE('',*,*,#3783,.F.);
#5404=ORIENTED_EDGE('',*,*,#3904,.T.);
#5405=ORIENTED_EDGE('',*,*,#3905,.F.);
#5406=ORIENTED_EDGE('',*,*,#3906,.F.);
#5407=ORIENTED_EDGE('',*,*,#3685,.F.);
#5408=ORIENTED_EDGE('',*,*,#3907,.F.);
#5409=ORIENTED_EDGE('',*,*,#3908,.F.);
#5410=ORIENTED_EDGE('',*,*,#3909,.T.);
#5411=ORIENTED_EDGE('',*,*,#3782,.F.);
#5412=ORIENTED_EDGE('',*,*,#3910,.T.);
#5413=ORIENTED_EDGE('',*,*,#3911,.F.);
#5414=ORIENTED_EDGE('',*,*,#3904,.F.);
#5415=ORIENTED_EDGE('',*,*,#3686,.F.);
#5416=ORIENTED_EDGE('',*,*,#3909,.F.);
#5417=ORIENTED_EDGE('',*,*,#3912,.F.);
#5418=ORIENTED_EDGE('',*,*,#3913,.T.);
#5419=ORIENTED_EDGE('',*,*,#3784,.F.);
#5420=ORIENTED_EDGE('',*,*,#3906,.T.);
#5421=ORIENTED_EDGE('',*,*,#3914,.F.);
#5422=ORIENTED_EDGE('',*,*,#3915,.F.);
#5423=ORIENTED_EDGE('',*,*,#3781,.F.);
#5424=ORIENTED_EDGE('',*,*,#3915,.T.);
#5425=ORIENTED_EDGE('',*,*,#3916,.F.);
#5426=ORIENTED_EDGE('',*,*,#3910,.F.);
#5427=ORIENTED_EDGE('',*,*,#3683,.F.);
#5428=ORIENTED_EDGE('',*,*,#3913,.F.);
#5429=ORIENTED_EDGE('',*,*,#3917,.F.);
#5430=ORIENTED_EDGE('',*,*,#3918,.T.);
#5431=ORIENTED_EDGE('',*,*,#3684,.F.);
#5432=ORIENTED_EDGE('',*,*,#3918,.F.);
#5433=ORIENTED_EDGE('',*,*,#3919,.F.);
#5434=ORIENTED_EDGE('',*,*,#3907,.T.);
#5435=ORIENTED_EDGE('',*,*,#3779,.F.);
#5436=ORIENTED_EDGE('',*,*,#3920,.T.);
#5437=ORIENTED_EDGE('',*,*,#3921,.F.);
#5438=ORIENTED_EDGE('',*,*,#3922,.F.);
#5439=ORIENTED_EDGE('',*,*,#3681,.F.);
#5440=ORIENTED_EDGE('',*,*,#3923,.F.);
#5441=ORIENTED_EDGE('',*,*,#3924,.F.);
#5442=ORIENTED_EDGE('',*,*,#3925,.T.);
#5443=ORIENTED_EDGE('',*,*,#3778,.F.);
#5444=ORIENTED_EDGE('',*,*,#3926,.T.);
#5445=ORIENTED_EDGE('',*,*,#3927,.F.);
#5446=ORIENTED_EDGE('',*,*,#3920,.F.);
#5447=ORIENTED_EDGE('',*,*,#3682,.F.);
#5448=ORIENTED_EDGE('',*,*,#3925,.F.);
#5449=ORIENTED_EDGE('',*,*,#3928,.F.);
#5450=ORIENTED_EDGE('',*,*,#3929,.T.);
#5451=ORIENTED_EDGE('',*,*,#3780,.F.);
#5452=ORIENTED_EDGE('',*,*,#3922,.T.);
#5453=ORIENTED_EDGE('',*,*,#3930,.F.);
#5454=ORIENTED_EDGE('',*,*,#3931,.F.);
#5455=ORIENTED_EDGE('',*,*,#3777,.F.);
#5456=ORIENTED_EDGE('',*,*,#3931,.T.);
#5457=ORIENTED_EDGE('',*,*,#3932,.F.);
#5458=ORIENTED_EDGE('',*,*,#3926,.F.);
#5459=ORIENTED_EDGE('',*,*,#3679,.F.);
#5460=ORIENTED_EDGE('',*,*,#3929,.F.);
#5461=ORIENTED_EDGE('',*,*,#3933,.F.);
#5462=ORIENTED_EDGE('',*,*,#3934,.T.);
#5463=ORIENTED_EDGE('',*,*,#3680,.F.);
#5464=ORIENTED_EDGE('',*,*,#3934,.F.);
#5465=ORIENTED_EDGE('',*,*,#3935,.F.);
#5466=ORIENTED_EDGE('',*,*,#3923,.T.);
#5467=ORIENTED_EDGE('',*,*,#3775,.F.);
#5468=ORIENTED_EDGE('',*,*,#3936,.T.);
#5469=ORIENTED_EDGE('',*,*,#3937,.F.);
#5470=ORIENTED_EDGE('',*,*,#3938,.F.);
#5471=ORIENTED_EDGE('',*,*,#3677,.F.);
#5472=ORIENTED_EDGE('',*,*,#3939,.F.);
#5473=ORIENTED_EDGE('',*,*,#3940,.F.);
#5474=ORIENTED_EDGE('',*,*,#3941,.T.);
#5475=ORIENTED_EDGE('',*,*,#3774,.F.);
#5476=ORIENTED_EDGE('',*,*,#3942,.T.);
#5477=ORIENTED_EDGE('',*,*,#3943,.F.);
#5478=ORIENTED_EDGE('',*,*,#3936,.F.);
#5479=ORIENTED_EDGE('',*,*,#3678,.F.);
#5480=ORIENTED_EDGE('',*,*,#3941,.F.);
#5481=ORIENTED_EDGE('',*,*,#3944,.F.);
#5482=ORIENTED_EDGE('',*,*,#3945,.T.);
#5483=ORIENTED_EDGE('',*,*,#3776,.F.);
#5484=ORIENTED_EDGE('',*,*,#3938,.T.);
#5485=ORIENTED_EDGE('',*,*,#3946,.F.);
#5486=ORIENTED_EDGE('',*,*,#3947,.F.);
#5487=ORIENTED_EDGE('',*,*,#3773,.F.);
#5488=ORIENTED_EDGE('',*,*,#3947,.T.);
#5489=ORIENTED_EDGE('',*,*,#3948,.F.);
#5490=ORIENTED_EDGE('',*,*,#3942,.F.);
#5491=ORIENTED_EDGE('',*,*,#3675,.F.);
#5492=ORIENTED_EDGE('',*,*,#3945,.F.);
#5493=ORIENTED_EDGE('',*,*,#3949,.F.);
#5494=ORIENTED_EDGE('',*,*,#3950,.T.);
#5495=ORIENTED_EDGE('',*,*,#3676,.F.);
#5496=ORIENTED_EDGE('',*,*,#3950,.F.);
#5497=ORIENTED_EDGE('',*,*,#3951,.F.);
#5498=ORIENTED_EDGE('',*,*,#3939,.T.);
#5499=ORIENTED_EDGE('',*,*,#3771,.F.);
#5500=ORIENTED_EDGE('',*,*,#3952,.T.);
#5501=ORIENTED_EDGE('',*,*,#3953,.F.);
#5502=ORIENTED_EDGE('',*,*,#3954,.F.);
#5503=ORIENTED_EDGE('',*,*,#3673,.F.);
#5504=ORIENTED_EDGE('',*,*,#3955,.F.);
#5505=ORIENTED_EDGE('',*,*,#3956,.F.);
#5506=ORIENTED_EDGE('',*,*,#3957,.T.);
#5507=ORIENTED_EDGE('',*,*,#3770,.F.);
#5508=ORIENTED_EDGE('',*,*,#3958,.T.);
#5509=ORIENTED_EDGE('',*,*,#3959,.F.);
#5510=ORIENTED_EDGE('',*,*,#3952,.F.);
#5511=ORIENTED_EDGE('',*,*,#3674,.F.);
#5512=ORIENTED_EDGE('',*,*,#3957,.F.);
#5513=ORIENTED_EDGE('',*,*,#3960,.F.);
#5514=ORIENTED_EDGE('',*,*,#3961,.T.);
#5515=ORIENTED_EDGE('',*,*,#3772,.F.);
#5516=ORIENTED_EDGE('',*,*,#3954,.T.);
#5517=ORIENTED_EDGE('',*,*,#3962,.F.);
#5518=ORIENTED_EDGE('',*,*,#3963,.F.);
#5519=ORIENTED_EDGE('',*,*,#3769,.F.);
#5520=ORIENTED_EDGE('',*,*,#3963,.T.);
#5521=ORIENTED_EDGE('',*,*,#3964,.F.);
#5522=ORIENTED_EDGE('',*,*,#3958,.F.);
#5523=ORIENTED_EDGE('',*,*,#3671,.F.);
#5524=ORIENTED_EDGE('',*,*,#3961,.F.);
#5525=ORIENTED_EDGE('',*,*,#3965,.F.);
#5526=ORIENTED_EDGE('',*,*,#3966,.T.);
#5527=ORIENTED_EDGE('',*,*,#3672,.F.);
#5528=ORIENTED_EDGE('',*,*,#3966,.F.);
#5529=ORIENTED_EDGE('',*,*,#3967,.F.);
#5530=ORIENTED_EDGE('',*,*,#3955,.T.);
#5531=ORIENTED_EDGE('',*,*,#3767,.F.);
#5532=ORIENTED_EDGE('',*,*,#3968,.T.);
#5533=ORIENTED_EDGE('',*,*,#3969,.F.);
#5534=ORIENTED_EDGE('',*,*,#3970,.F.);
#5535=ORIENTED_EDGE('',*,*,#3669,.F.);
#5536=ORIENTED_EDGE('',*,*,#3971,.F.);
#5537=ORIENTED_EDGE('',*,*,#3972,.F.);
#5538=ORIENTED_EDGE('',*,*,#3973,.T.);
#5539=ORIENTED_EDGE('',*,*,#3766,.F.);
#5540=ORIENTED_EDGE('',*,*,#3974,.T.);
#5541=ORIENTED_EDGE('',*,*,#3975,.F.);
#5542=ORIENTED_EDGE('',*,*,#3968,.F.);
#5543=ORIENTED_EDGE('',*,*,#3670,.F.);
#5544=ORIENTED_EDGE('',*,*,#3973,.F.);
#5545=ORIENTED_EDGE('',*,*,#3976,.F.);
#5546=ORIENTED_EDGE('',*,*,#3977,.T.);
#5547=ORIENTED_EDGE('',*,*,#3768,.F.);
#5548=ORIENTED_EDGE('',*,*,#3970,.T.);
#5549=ORIENTED_EDGE('',*,*,#3978,.F.);
#5550=ORIENTED_EDGE('',*,*,#3979,.F.);
#5551=ORIENTED_EDGE('',*,*,#3765,.F.);
#5552=ORIENTED_EDGE('',*,*,#3979,.T.);
#5553=ORIENTED_EDGE('',*,*,#3980,.F.);
#5554=ORIENTED_EDGE('',*,*,#3974,.F.);
#5555=ORIENTED_EDGE('',*,*,#3667,.F.);
#5556=ORIENTED_EDGE('',*,*,#3977,.F.);
#5557=ORIENTED_EDGE('',*,*,#3981,.F.);
#5558=ORIENTED_EDGE('',*,*,#3982,.T.);
#5559=ORIENTED_EDGE('',*,*,#3668,.F.);
#5560=ORIENTED_EDGE('',*,*,#3982,.F.);
#5561=ORIENTED_EDGE('',*,*,#3983,.F.);
#5562=ORIENTED_EDGE('',*,*,#3971,.T.);
#5563=ORIENTED_EDGE('',*,*,#3843,.F.);
#5564=ORIENTED_EDGE('',*,*,#3984,.T.);
#5565=ORIENTED_EDGE('',*,*,#3985,.F.);
#5566=ORIENTED_EDGE('',*,*,#3986,.F.);
#5567=ORIENTED_EDGE('',*,*,#3844,.F.);
#5568=ORIENTED_EDGE('',*,*,#3986,.T.);
#5569=ORIENTED_EDGE('',*,*,#3987,.F.);
#5570=ORIENTED_EDGE('',*,*,#3988,.F.);
#5571=ORIENTED_EDGE('',*,*,#3845,.F.);
#5572=ORIENTED_EDGE('',*,*,#3988,.T.);
#5573=ORIENTED_EDGE('',*,*,#3989,.F.);
#5574=ORIENTED_EDGE('',*,*,#3990,.F.);
#5575=ORIENTED_EDGE('',*,*,#3991,.F.);
#5576=ORIENTED_EDGE('',*,*,#3989,.T.);
#5577=ORIENTED_EDGE('',*,*,#3987,.T.);
#5578=ORIENTED_EDGE('',*,*,#3985,.T.);
#5579=ORIENTED_EDGE('',*,*,#3628,.F.);
#5580=ORIENTED_EDGE('',*,*,#3846,.F.);
#5581=ORIENTED_EDGE('',*,*,#3990,.T.);
#5582=ORIENTED_EDGE('',*,*,#3991,.T.);
#5583=ORIENTED_EDGE('',*,*,#3992,.T.);
#5584=ORIENTED_EDGE('',*,*,#3650,.F.);
#5585=ORIENTED_EDGE('',*,*,#3917,.T.);
#5586=ORIENTED_EDGE('',*,*,#3912,.T.);
#5587=ORIENTED_EDGE('',*,*,#3908,.T.);
#5588=ORIENTED_EDGE('',*,*,#3919,.T.);
#5589=ORIENTED_EDGE('',*,*,#3933,.T.);
#5590=ORIENTED_EDGE('',*,*,#3928,.T.);
#5591=ORIENTED_EDGE('',*,*,#3924,.T.);
#5592=ORIENTED_EDGE('',*,*,#3935,.T.);
#5593=ORIENTED_EDGE('',*,*,#3949,.T.);
#5594=ORIENTED_EDGE('',*,*,#3944,.T.);
#5595=ORIENTED_EDGE('',*,*,#3940,.T.);
#5596=ORIENTED_EDGE('',*,*,#3951,.T.);
#5597=ORIENTED_EDGE('',*,*,#3965,.T.);
#5598=ORIENTED_EDGE('',*,*,#3960,.T.);
#5599=ORIENTED_EDGE('',*,*,#3956,.T.);
#5600=ORIENTED_EDGE('',*,*,#3967,.T.);
#5601=ORIENTED_EDGE('',*,*,#3981,.T.);
#5602=ORIENTED_EDGE('',*,*,#3976,.T.);
#5603=ORIENTED_EDGE('',*,*,#3972,.T.);
#5604=ORIENTED_EDGE('',*,*,#3983,.T.);
#5605=ORIENTED_EDGE('',*,*,#3797,.T.);
#5606=ORIENTED_EDGE('',*,*,#3798,.F.);
#5607=ORIENTED_EDGE('',*,*,#3794,.T.);
#5608=ORIENTED_EDGE('',*,*,#3658,.T.);
#5609=ORIENTED_EDGE('',*,*,#3661,.T.);
#5610=ORIENTED_EDGE('',*,*,#3662,.F.);
#5611=ORIENTED_EDGE('',*,*,#3761,.F.);
#5612=ORIENTED_EDGE('',*,*,#3993,.T.);
#5613=ORIENTED_EDGE('',*,*,#3994,.T.);
#5614=ORIENTED_EDGE('',*,*,#3764,.F.);
#5615=ORIENTED_EDGE('',*,*,#3995,.F.);
#5616=ORIENTED_EDGE('',*,*,#3996,.F.);
#5617=ORIENTED_EDGE('',*,*,#3993,.F.);
#5618=ORIENTED_EDGE('',*,*,#3996,.T.);
#5619=ORIENTED_EDGE('',*,*,#3997,.F.);
#5620=ORIENTED_EDGE('',*,*,#3762,.F.);
#5621=ORIENTED_EDGE('',*,*,#3994,.F.);
#5622=ORIENTED_EDGE('',*,*,#3763,.F.);
#5623=ORIENTED_EDGE('',*,*,#3997,.T.);
#5624=ORIENTED_EDGE('',*,*,#3995,.T.);
#5625=ORIENTED_EDGE('',*,*,#3883,.F.);
#5626=ORIENTED_EDGE('',*,*,#3755,.F.);
#5627=ORIENTED_EDGE('',*,*,#3886,.F.);
#5628=ORIENTED_EDGE('',*,*,#3789,.F.);
#5629=ORIENTED_EDGE('',*,*,#3653,.F.);
#5630=ORIENTED_EDGE('',*,*,#3618,.F.);
#5631=ORIENTED_EDGE('',*,*,#3666,.F.);
#5632=ORIENTED_EDGE('',*,*,#3882,.F.);
#5633=ORIENTED_EDGE('',*,*,#3879,.F.);
#5634=ORIENTED_EDGE('',*,*,#3786,.F.);
#5635=ORIENTED_EDGE('',*,*,#3799,.F.);
#5636=ORIENTED_EDGE('',*,*,#3745,.F.);
#5637=ORIENTED_EDGE('',*,*,#3998,.F.);
#5638=ORIENTED_EDGE('',*,*,#3800,.F.);
#5639=ORIENTED_EDGE('',*,*,#3885,.F.);
#5640=ORIENTED_EDGE('',*,*,#3752,.F.);
#5641=ORIENTED_EDGE('',*,*,#3760,.F.);
#5642=ORIENTED_EDGE('',*,*,#3792,.F.);
#5643=ORIENTED_EDGE('',*,*,#3828,.F.);
#5644=ORIENTED_EDGE('',*,*,#3871,.F.);
#5645=ORIENTED_EDGE('',*,*,#3870,.F.);
#5646=ORIENTED_EDGE('',*,*,#3832,.T.);
#5647=ORIENTED_EDGE('',*,*,#3646,.F.);
#5648=ORIENTED_EDGE('',*,*,#3992,.F.);
#5649=ORIENTED_EDGE('',*,*,#3984,.F.);
#5650=ORIENTED_EDGE('',*,*,#3842,.F.);
#5651=ORIENTED_EDGE('',*,*,#3643,.F.);
#5652=ORIENTED_EDGE('',*,*,#3695,.F.);
#5653=ORIENTED_EDGE('',*,*,#3847,.F.);
#5654=ORIENTED_EDGE('',*,*,#3803,.T.);
#5655=ORIENTED_EDGE('',*,*,#3801,.F.);
#5656=ORIENTED_EDGE('',*,*,#3998,.T.);
#5657=ORIENTED_EDGE('',*,*,#3744,.F.);
#5658=ORIENTED_EDGE('',*,*,#3689,.F.);
#5659=ORIENTED_EDGE('',*,*,#3743,.F.);
#5660=ORIENTED_EDGE('',*,*,#3701,.F.);
#5661=ORIENTED_EDGE('',*,*,#3741,.F.);
#5662=ORIENTED_EDGE('',*,*,#3703,.F.);
#5663=ORIENTED_EDGE('',*,*,#3999,.F.);
#5664=ORIENTED_EDGE('',*,*,#3459,.F.);
#5665=ORIENTED_EDGE('',*,*,#3446,.F.);
#5666=ORIENTED_EDGE('',*,*,#3848,.F.);
#5667=ORIENTED_EDGE('',*,*,#3696,.F.);
#5668=ORIENTED_EDGE('',*,*,#3450,.T.);
#5669=ORIENTED_EDGE('',*,*,#3999,.T.);
#5670=ORIENTED_EDGE('',*,*,#3708,.F.);
#5671=ORIENTED_EDGE('',*,*,#4000,.F.);
#5672=ORIENTED_EDGE('',*,*,#3836,.F.);
#5673=ORIENTED_EDGE('',*,*,#3460,.T.);
#5674=ORIENTED_EDGE('',*,*,#3711,.F.);
#5675=ORIENTED_EDGE('',*,*,#4001,.F.);
#5676=ORIENTED_EDGE('',*,*,#3482,.F.);
#5677=ORIENTED_EDGE('',*,*,#3485,.F.);
#5678=ORIENTED_EDGE('',*,*,#3837,.F.);
#5679=ORIENTED_EDGE('',*,*,#4000,.T.);
#5680=ORIENTED_EDGE('',*,*,#3916,.T.);
#5681=ORIENTED_EDGE('',*,*,#3914,.T.);
#5682=ORIENTED_EDGE('',*,*,#3905,.T.);
#5683=ORIENTED_EDGE('',*,*,#3911,.T.);
#5684=ORIENTED_EDGE('',*,*,#3932,.T.);
#5685=ORIENTED_EDGE('',*,*,#3930,.T.);
#5686=ORIENTED_EDGE('',*,*,#3921,.T.);
#5687=ORIENTED_EDGE('',*,*,#3927,.T.);
#5688=ORIENTED_EDGE('',*,*,#3948,.T.);
#5689=ORIENTED_EDGE('',*,*,#3946,.T.);
#5690=ORIENTED_EDGE('',*,*,#3937,.T.);
#5691=ORIENTED_EDGE('',*,*,#3943,.T.);
#5692=ORIENTED_EDGE('',*,*,#3964,.T.);
#5693=ORIENTED_EDGE('',*,*,#3962,.T.);
#5694=ORIENTED_EDGE('',*,*,#3953,.T.);
#5695=ORIENTED_EDGE('',*,*,#3959,.T.);
#5696=ORIENTED_EDGE('',*,*,#3980,.T.);
#5697=ORIENTED_EDGE('',*,*,#3978,.T.);
#5698=ORIENTED_EDGE('',*,*,#3969,.T.);
#5699=ORIENTED_EDGE('',*,*,#3975,.T.);
#5700=ORIENTED_EDGE('',*,*,#3475,.T.);
#5701=ORIENTED_EDGE('',*,*,#4001,.T.);
#5702=ORIENTED_EDGE('',*,*,#3714,.F.);
#5703=ORIENTED_EDGE('',*,*,#4002,.F.);
#5704=ORIENTED_EDGE('',*,*,#3838,.F.);
#5705=ORIENTED_EDGE('',*,*,#3486,.T.);
#5706=ORIENTED_EDGE('',*,*,#3717,.F.);
#5707=ORIENTED_EDGE('',*,*,#3748,.F.);
#5708=ORIENTED_EDGE('',*,*,#3839,.F.);
#5709=ORIENTED_EDGE('',*,*,#4002,.T.);
#5710=ORIENTED_EDGE('',*,*,#3527,.F.);
#5711=ORIENTED_EDGE('',*,*,#4003,.F.);
#5712=ORIENTED_EDGE('',*,*,#4004,.F.);
#5713=ORIENTED_EDGE('',*,*,#4005,.T.);
#5714=ORIENTED_EDGE('',*,*,#3525,.F.);
#5715=ORIENTED_EDGE('',*,*,#4006,.T.);
#5716=ORIENTED_EDGE('',*,*,#4007,.F.);
#5717=ORIENTED_EDGE('',*,*,#4008,.T.);
#5718=ORIENTED_EDGE('',*,*,#3526,.F.);
#5719=ORIENTED_EDGE('',*,*,#4008,.F.);
#5720=ORIENTED_EDGE('',*,*,#4009,.F.);
#5721=ORIENTED_EDGE('',*,*,#4003,.T.);
#5722=ORIENTED_EDGE('',*,*,#4005,.F.);
#5723=ORIENTED_EDGE('',*,*,#4010,.F.);
#5724=ORIENTED_EDGE('',*,*,#4011,.F.);
#5725=ORIENTED_EDGE('',*,*,#4012,.F.);
#5726=ORIENTED_EDGE('',*,*,#3597,.F.);
#5727=ORIENTED_EDGE('',*,*,#3604,.F.);
#5728=ORIENTED_EDGE('',*,*,#4013,.F.);
#5729=ORIENTED_EDGE('',*,*,#3502,.F.);
#5730=ORIENTED_EDGE('',*,*,#4014,.F.);
#5731=ORIENTED_EDGE('',*,*,#4015,.F.);
#5732=ORIENTED_EDGE('',*,*,#4016,.F.);
#5733=ORIENTED_EDGE('',*,*,#3528,.F.);
#5734=ORIENTED_EDGE('',*,*,#4006,.F.);
#5735=ORIENTED_EDGE('',*,*,#3524,.F.);
#5736=ORIENTED_EDGE('',*,*,#3560,.F.);
#5737=ORIENTED_EDGE('',*,*,#3562,.F.);
#5738=ORIENTED_EDGE('',*,*,#3563,.F.);
#5739=ORIENTED_EDGE('',*,*,#3506,.F.);
#5740=ORIENTED_EDGE('',*,*,#4017,.F.);
#5741=ORIENTED_EDGE('',*,*,#3600,.F.);
#5742=ORIENTED_EDGE('',*,*,#3606,.F.);
#5743=ORIENTED_EDGE('',*,*,#3608,.F.);
#5744=ORIENTED_EDGE('',*,*,#4018,.F.);
#5745=ORIENTED_EDGE('',*,*,#4019,.F.);
#5746=ORIENTED_EDGE('',*,*,#3503,.F.);
#5747=ORIENTED_EDGE('',*,*,#4013,.T.);
#5748=ORIENTED_EDGE('',*,*,#3603,.F.);
#5749=ORIENTED_EDGE('',*,*,#4020,.T.);
#5750=ORIENTED_EDGE('',*,*,#3504,.F.);
#5751=ORIENTED_EDGE('',*,*,#4020,.F.);
#5752=ORIENTED_EDGE('',*,*,#3602,.F.);
#5753=ORIENTED_EDGE('',*,*,#4021,.T.);
#5754=ORIENTED_EDGE('',*,*,#3505,.F.);
#5755=ORIENTED_EDGE('',*,*,#4021,.F.);
#5756=ORIENTED_EDGE('',*,*,#3601,.F.);
#5757=ORIENTED_EDGE('',*,*,#4017,.T.);
#5758=ORIENTED_EDGE('',*,*,#3558,.F.);
#5759=ORIENTED_EDGE('',*,*,#4022,.T.);
#5760=ORIENTED_EDGE('',*,*,#4014,.T.);
#5761=ORIENTED_EDGE('',*,*,#3501,.F.);
#5762=ORIENTED_EDGE('',*,*,#3556,.F.);
#5763=ORIENTED_EDGE('',*,*,#4023,.T.);
#5764=ORIENTED_EDGE('',*,*,#4015,.T.);
#5765=ORIENTED_EDGE('',*,*,#4022,.F.);
#5766=ORIENTED_EDGE('',*,*,#3553,.F.);
#5767=ORIENTED_EDGE('',*,*,#3529,.T.);
#5768=ORIENTED_EDGE('',*,*,#4016,.T.);
#5769=ORIENTED_EDGE('',*,*,#4023,.F.);
#5770=ORIENTED_EDGE('',*,*,#3587,.F.);
#5771=ORIENTED_EDGE('',*,*,#3598,.F.);
#5772=ORIENTED_EDGE('',*,*,#4012,.T.);
#5773=ORIENTED_EDGE('',*,*,#4024,.T.);
#5774=ORIENTED_EDGE('',*,*,#3590,.F.);
#5775=ORIENTED_EDGE('',*,*,#4024,.F.);
#5776=ORIENTED_EDGE('',*,*,#4011,.T.);
#5777=ORIENTED_EDGE('',*,*,#4025,.T.);
#5778=ORIENTED_EDGE('',*,*,#3593,.F.);
#5779=ORIENTED_EDGE('',*,*,#4025,.F.);
#5780=ORIENTED_EDGE('',*,*,#4010,.T.);
#5781=ORIENTED_EDGE('',*,*,#4004,.T.);
#5782=ORIENTED_EDGE('',*,*,#4009,.T.);
#5783=ORIENTED_EDGE('',*,*,#4007,.T.);
#5784=ORIENTED_EDGE('',*,*,#4019,.T.);
#5785=ORIENTED_EDGE('',*,*,#4026,.F.);
#5786=ORIENTED_EDGE('',*,*,#3900,.F.);
#5787=ORIENTED_EDGE('',*,*,#3516,.T.);
#5788=ORIENTED_EDGE('',*,*,#3854,.T.);
#5789=ORIENTED_EDGE('',*,*,#3903,.F.);
#5790=ORIENTED_EDGE('',*,*,#3898,.F.);
#5791=ORIENTED_EDGE('',*,*,#4027,.T.);
#5792=ORIENTED_EDGE('',*,*,#3849,.T.);
#5793=ORIENTED_EDGE('',*,*,#3512,.F.);
#5794=ORIENTED_EDGE('',*,*,#3896,.F.);
#5795=ORIENTED_EDGE('',*,*,#3901,.T.);
#5796=ORIENTED_EDGE('',*,*,#3850,.T.);
#5797=ORIENTED_EDGE('',*,*,#4027,.F.);
#5798=ORIENTED_EDGE('',*,*,#3595,.F.);
#5799=ORIENTED_EDGE('',*,*,#4026,.T.);
#5800=ORIENTED_EDGE('',*,*,#4018,.T.);
#5801=ORIENTED_EDGE('',*,*,#3607,.T.);
#5802=PLANE('',#6458);
#5803=PLANE('',#6465);
#5804=PLANE('',#6475);
#5805=PLANE('',#6479);
#5806=PLANE('',#6483);
#5807=PLANE('',#6487);
#5808=PLANE('',#6488);
#5809=PLANE('',#6491);
#5810=PLANE('',#6494);
#5811=PLANE('',#6498);
#5812=PLANE('',#6499);
#5813=PLANE('',#6500);
#5814=PLANE('',#6501);
#5815=PLANE('',#6502);
#5816=PLANE('',#6503);
#5817=PLANE('',#6508);
#5818=PLANE('',#6509);
#5819=PLANE('',#6510);
#5820=PLANE('',#6511);
#5821=PLANE('',#6512);
#5822=PLANE('',#6516);
#5823=PLANE('',#6520);
#5824=PLANE('',#6521);
#5825=PLANE('',#6522);
#5826=PLANE('',#6523);
#5827=PLANE('',#6527);
#5828=PLANE('',#6531);
#5829=PLANE('',#6532);
#5830=PLANE('',#6535);
#5831=PLANE('',#6536);
#5832=PLANE('',#6537);
#5833=PLANE('',#6538);
#5834=PLANE('',#6541);
#5835=PLANE('',#6550);
#5836=PLANE('',#6559);
#5837=PLANE('',#6560);
#5838=PLANE('',#6561);
#5839=PLANE('',#6562);
#5840=PLANE('',#6563);
#5841=PLANE('',#6564);
#5842=PLANE('',#6565);
#5843=PLANE('',#6566);
#5844=PLANE('',#6567);
#5845=PLANE('',#6568);
#5846=PLANE('',#6569);
#5847=PLANE('',#6570);
#5848=PLANE('',#6571);
#5849=PLANE('',#6572);
#5850=PLANE('',#6573);
#5851=PLANE('',#6574);
#5852=PLANE('',#6575);
#5853=PLANE('',#6576);
#5854=PLANE('',#6577);
#5855=PLANE('',#6578);
#5856=PLANE('',#6579);
#5857=PLANE('',#6580);
#5858=PLANE('',#6581);
#5859=PLANE('',#6594);
#5860=PLANE('',#6595);
#5861=PLANE('',#6596);
#5862=PLANE('',#6597);
#5863=PLANE('',#6598);
#5864=PLANE('',#6599);
#5865=PLANE('',#6600);
#5866=PLANE('',#6605);
#5867=PLANE('',#6606);
#5868=PLANE('',#6607);
#5869=PLANE('',#6608);
#5870=PLANE('',#6609);
#5871=PLANE('',#6610);
#5872=PLANE('',#6619);
#5873=PLANE('',#6620);
#5874=PLANE('',#6621);
#5875=PLANE('',#6622);
#5876=PLANE('',#6623);
#5877=PLANE('',#6625);
#5878=PLANE('',#6627);
#5879=PLANE('',#6628);
#5880=PLANE('',#6629);
#5881=PLANE('',#6630);
#5882=PLANE('',#6631);
#5883=PLANE('',#6632);
#5884=PLANE('',#6633);
#5885=PLANE('',#6634);
#5886=PLANE('',#6635);
#5887=PLANE('',#6636);
#5888=PLANE('',#6637);
#5889=PLANE('',#6638);
#5890=PLANE('',#6639);
#5891=PLANE('',#6640);
#5892=PLANE('',#6641);
#5893=PLANE('',#6642);
#5894=PLANE('',#6643);
#5895=PLANE('',#6646);
#5896=PLANE('',#6647);
#5897=PLANE('',#6652);
#5898=PLANE('',#6653);
#5899=PLANE('',#6657);
#5900=PLANE('',#6658);
#5901=PLANE('',#6659);
#5902=PLANE('',#6669);
#5903=PLANE('',#6670);
#5904=PLANE('',#6674);
#5905=PLANE('',#6677);
#5906=PLANE('',#6678);
#5907=PLANE('',#6691);
#5908=PLANE('',#6695);
#5909=PLANE('',#6696);
#5910=PLANE('',#6702);
#5911=PLANE('',#6706);
#5912=PLANE('',#6707);
#5913=PLANE('',#6708);
#5914=PLANE('',#6712);
#5915=PLANE('',#6716);
#5916=PLANE('',#6720);
#5917=PLANE('',#6726);
#5918=PLANE('',#6729);
#5919=PLANE('',#6734);
#5920=PLANE('',#6738);
#5921=PLANE('',#6742);
#5922=PLANE('',#6746);
#5923=PLANE('',#6752);
#5924=PLANE('',#6755);
#5925=PLANE('',#6756);
#5926=PLANE('',#6763);
#5927=PLANE('',#6764);
#5928=PLANE('',#6765);
#5929=PLANE('',#6766);
#5930=PLANE('',#6767);
#5931=PLANE('',#6768);
#5932=PLANE('',#6769);
#5933=PLANE('',#6770);
#5934=PLANE('',#6771);
#5935=PLANE('',#6772);
#5936=PLANE('',#6773);
#5937=PLANE('',#6774);
#5938=PLANE('',#6775);
#5939=PLANE('',#6776);
#5940=PLANE('',#6777);
#5941=PLANE('',#6778);
#5942=PLANE('',#6779);
#5943=PLANE('',#6780);
#5944=PLANE('',#6781);
#5945=PLANE('',#6782);
#5946=PLANE('',#6783);
#5947=PLANE('',#6784);
#5948=PLANE('',#6785);
#5949=PLANE('',#6786);
#5950=PLANE('',#6787);
#5951=PLANE('',#6788);
#5952=PLANE('',#6789);
#5953=PLANE('',#6790);
#5954=PLANE('',#6791);
#5955=PLANE('',#6792);
#5956=PLANE('',#6793);
#5957=PLANE('',#6794);
#5958=PLANE('',#6795);
#5959=PLANE('',#6796);
#5960=PLANE('',#6797);
#5961=PLANE('',#6798);
#5962=PLANE('',#6799);
#5963=PLANE('',#6800);
#5964=PLANE('',#6801);
#5965=PLANE('',#6802);
#5966=PLANE('',#6803);
#5967=PLANE('',#6804);
#5968=PLANE('',#6805);
#5969=PLANE('',#6806);
#5970=PLANE('',#6807);
#5971=PLANE('',#6808);
#5972=PLANE('',#6809);
#5973=PLANE('',#6810);
#5974=PLANE('',#6811);
#5975=PLANE('',#6812);
#5976=PLANE('',#6831);
#5977=PLANE('',#6834);
#5978=PLANE('',#6835);
#5979=PLANE('',#6840);
#5980=PLANE('',#6856);
#5981=PLANE('',#6858);
#5982=PLANE('',#6860);
#5983=PLANE('',#6861);
#5984=PLANE('',#6862);
#5985=PLANE('',#6863);
#5986=PLANE('',#6864);
#5987=PLANE('',#6865);
#5988=PLANE('',#6866);
#5989=PLANE('',#6867);
#5990=PLANE('',#6868);
#5991=PLANE('',#6869);
#5992=PLANE('',#6872);
#5993=PLANE('',#6875);
#5994=PLANE('',#6878);
#5995=PLANE('',#6883);
#5996=PLANE('',#6884);
#5997=PLANE('',#6885);
#5998=PLANE('',#6886);
#5999=PLANE('',#6887);
#6000=PLANE('',#6888);
#6001=PLANE('',#6889);
#6002=PLANE('',#6890);
#6003=PLANE('',#6891);
#6004=PLANE('',#6892);
#6005=PLANE('',#6893);
#6006=PLANE('',#6894);
#6007=PLANE('',#6895);
#6008=PLANE('',#6896);
#6009=PLANE('',#6897);
#6010=PLANE('',#6898);
#6011=PLANE('',#6899);
#6012=PLANE('',#6900);
#6013=PLANE('',#6901);
#6014=PLANE('',#6902);
#6015=PLANE('',#6903);
#6016=PLANE('',#6904);
#6017=PLANE('',#6905);
#6018=PLANE('',#6906);
#6019=PLANE('',#6907);
#6020=PLANE('',#6908);
#6021=PLANE('',#6909);
#6022=PLANE('',#6910);
#6023=PLANE('',#6911);
#6024=PLANE('',#6912);
#6025=PLANE('',#6913);
#6026=PLANE('',#6914);
#6027=PLANE('',#6915);
#6028=PLANE('',#6916);
#6029=PLANE('',#6917);
#6030=PLANE('',#6918);
#6031=PLANE('',#6919);
#6032=PLANE('',#6920);
#6033=PLANE('',#6921);
#6034=PLANE('',#6922);
#6035=PLANE('',#6923);
#6036=PLANE('',#6926);
#6037=PLANE('',#6927);
#6038=PLANE('',#6928);
#6039=PLANE('',#6929);
#6040=PLANE('',#6930);
#6041=PLANE('',#6931);
#6042=PLANE('',#6932);
#6043=PLANE('',#6933);
#6044=PLANE('',#6934);
#6045=PLANE('',#6935);
#6046=PLANE('',#6936);
#6047=PLANE('',#6937);
#6048=PLANE('',#6938);
#6049=PLANE('',#6939);
#6050=PLANE('',#6940);
#6051=PLANE('',#6941);
#6052=PLANE('',#6942);
#6053=PLANE('',#6943);
#6054=PLANE('',#6944);
#6055=PLANE('',#6945);
#6056=PLANE('',#6946);
#6057=PLANE('',#6947);
#6058=PLANE('',#6948);
#6059=PLANE('',#6952);
#6060=PLANE('',#6954);
#6061=PLANE('',#6955);
#6062=PLANE('',#6956);
#6063=PLANE('',#6958);
#6064=PLANE('',#6960);
#6065=PLANE('',#6962);
#6066=PLANE('',#6965);
#6067=ADVANCED_FACE('',(#1665,#1604),#5802,.F.);
#6068=ADVANCED_FACE('',(#1666),#1559,.F.);
#6069=ADVANCED_FACE('',(#1667),#1560,.F.);
#6070=ADVANCED_FACE('',(#1668,#1605),#5803,.F.);
#6071=ADVANCED_FACE('',(#1669),#1561,.F.);
#6072=ADVANCED_FACE('',(#1670),#1562,.F.);
#6073=ADVANCED_FACE('',(#1671),#33,.T.);
#6074=ADVANCED_FACE('',(#1672),#5804,.T.);
#6075=ADVANCED_FACE('',(#1673),#34,.T.);
#6076=ADVANCED_FACE('',(#1674),#5805,.T.);
#6077=ADVANCED_FACE('',(#1675),#35,.T.);
#6078=ADVANCED_FACE('',(#1676),#5806,.T.);
#6079=ADVANCED_FACE('',(#1677),#36,.T.);
#6080=ADVANCED_FACE('',(#1678),#5807,.T.);
#6081=ADVANCED_FACE('',(#1679,#1606),#5808,.T.);
#6082=ADVANCED_FACE('',(#1680),#1563,.T.);
#6083=ADVANCED_FACE('',(#1681),#5809,.T.);
#6084=ADVANCED_FACE('',(#1682),#1564,.T.);
#6085=ADVANCED_FACE('',(#1683,#1607,#1608,#1609,#1610),#5810,.T.);
#6086=ADVANCED_FACE('',(#1684),#5811,.T.);
#6087=ADVANCED_FACE('',(#1685),#5812,.T.);
#6088=ADVANCED_FACE('',(#1686),#5813,.T.);
#6089=ADVANCED_FACE('',(#1687),#5814,.T.);
#6090=ADVANCED_FACE('',(#1688),#5815,.F.);
#6091=ADVANCED_FACE('',(#1689),#5816,.F.);
#6092=ADVANCED_FACE('',(#1690),#37,.F.);
#6093=ADVANCED_FACE('',(#1691),#1565,.F.);
#6094=ADVANCED_FACE('',(#1692),#5817,.T.);
#6095=ADVANCED_FACE('',(#1693),#5818,.T.);
#6096=ADVANCED_FACE('',(#1694),#5819,.T.);
#6097=ADVANCED_FACE('',(#1695),#5820,.T.);
#6098=ADVANCED_FACE('',(#1696),#5821,.T.);
#6099=ADVANCED_FACE('',(#1697),#38,.F.);
#6100=ADVANCED_FACE('',(#1698),#5822,.T.);
#6101=ADVANCED_FACE('',(#1699),#39,.F.);
#6102=ADVANCED_FACE('',(#1700),#5823,.T.);
#6103=ADVANCED_FACE('',(#1701),#5824,.T.);
#6104=ADVANCED_FACE('',(#1702),#5825,.T.);
#6105=ADVANCED_FACE('',(#1703),#5826,.T.);
#6106=ADVANCED_FACE('',(#1704),#40,.F.);
#6107=ADVANCED_FACE('',(#1705),#5827,.T.);
#6108=ADVANCED_FACE('',(#1706),#41,.F.);
#6109=ADVANCED_FACE('',(#1707),#5828,.T.);
#6110=ADVANCED_FACE('',(#1708),#5829,.T.);
#6111=ADVANCED_FACE('',(#1709),#5830,.T.);
#6112=ADVANCED_FACE('',(#1710),#5831,.T.);
#6113=ADVANCED_FACE('',(#1711),#5832,.T.);
#6114=ADVANCED_FACE('',(#1712,#1611),#5833,.T.);
#6115=ADVANCED_FACE('',(#1713),#1566,.F.);
#6116=ADVANCED_FACE('',(#1714),#5834,.T.);
#6117=ADVANCED_FACE('',(#1715),#1567,.F.);
#6118=ADVANCED_FACE('',(#1716),#42,.F.);
#6119=ADVANCED_FACE('',(#1717),#1568,.F.);
#6120=ADVANCED_FACE('',(#1718,#1612,#1613),#5835,.T.);
#6121=ADVANCED_FACE('',(#1719),#43,.F.);
#6122=ADVANCED_FACE('',(#1720),#44,.F.);
#6123=ADVANCED_FACE('',(#1721),#1569,.F.);
#6124=ADVANCED_FACE('',(#1722),#45,.F.);
#6125=ADVANCED_FACE('',(#1723),#5836,.T.);
#6126=ADVANCED_FACE('',(#1724),#5837,.T.);
#6127=ADVANCED_FACE('',(#1725),#5838,.T.);
#6128=ADVANCED_FACE('',(#1726),#5839,.T.);
#6129=ADVANCED_FACE('',(#1727),#5840,.T.);
#6130=ADVANCED_FACE('',(#1728),#5841,.T.);
#6131=ADVANCED_FACE('',(#1729),#5842,.T.);
#6132=ADVANCED_FACE('',(#1730),#5843,.T.);
#6133=ADVANCED_FACE('',(#1731),#5844,.T.);
#6134=ADVANCED_FACE('',(#1732),#5845,.T.);
#6135=ADVANCED_FACE('',(#1733),#5846,.T.);
#6136=ADVANCED_FACE('',(#1734),#5847,.T.);
#6137=ADVANCED_FACE('',(#1735),#5848,.T.);
#6138=ADVANCED_FACE('',(#1736),#5849,.T.);
#6139=ADVANCED_FACE('',(#1737),#5850,.T.);
#6140=ADVANCED_FACE('',(#1738),#5851,.T.);
#6141=ADVANCED_FACE('',(#1739),#5852,.F.);
#6142=ADVANCED_FACE('',(#1740),#5853,.F.);
#6143=ADVANCED_FACE('',(#1741),#5854,.F.);
#6144=ADVANCED_FACE('',(#1742),#5855,.F.);
#6145=ADVANCED_FACE('',(#1743),#5856,.F.);
#6146=ADVANCED_FACE('',(#1744),#5857,.F.);
#6147=ADVANCED_FACE('',(#1745,#1614,#1615,#1616,#1617,#1618,#1619,#1620),
#5858,.F.);
#6148=ADVANCED_FACE('',(#1746),#46,.F.);
#6149=ADVANCED_FACE('',(#1747),#1570,.F.);
#6150=ADVANCED_FACE('',(#1748),#47,.F.);
#6151=ADVANCED_FACE('',(#1749,#1621),#5859,.F.);
#6152=ADVANCED_FACE('',(#1750),#5860,.T.);
#6153=ADVANCED_FACE('',(#1751),#5861,.T.);
#6154=ADVANCED_FACE('',(#1752),#5862,.T.);
#6155=ADVANCED_FACE('',(#1753),#5863,.T.);
#6156=ADVANCED_FACE('',(#1754),#5864,.F.);
#6157=ADVANCED_FACE('',(#1755),#5865,.F.);
#6158=ADVANCED_FACE('',(#1756),#48,.F.);
#6159=ADVANCED_FACE('',(#1757),#1571,.F.);
#6160=ADVANCED_FACE('',(#1758),#5866,.T.);
#6161=ADVANCED_FACE('',(#1759),#5867,.T.);
#6162=ADVANCED_FACE('',(#1760),#5868,.T.);
#6163=ADVANCED_FACE('',(#1761),#5869,.T.);
#6164=ADVANCED_FACE('',(#1762),#5870,.F.);
#6165=ADVANCED_FACE('',(#1763),#5871,.F.);
#6166=ADVANCED_FACE('',(#1764),#49,.F.);
#6167=ADVANCED_FACE('',(#1765),#1572,.F.);
#6168=ADVANCED_FACE('',(#1766),#50,.F.);
#6169=ADVANCED_FACE('',(#1767),#1573,.F.);
#6170=ADVANCED_FACE('',(#1768),#5872,.T.);
#6171=ADVANCED_FACE('',(#1769),#5873,.T.);
#6172=ADVANCED_FACE('',(#1770),#5874,.T.);
#6173=ADVANCED_FACE('',(#1771),#5875,.T.);
#6174=ADVANCED_FACE('',(#1772,#1622),#5876,.T.);
#6175=ADVANCED_FACE('',(#1773),#1574,.F.);
#6176=ADVANCED_FACE('',(#1774),#5877,.T.);
#6177=ADVANCED_FACE('',(#1775),#1575,.F.);
#6178=ADVANCED_FACE('',(#1776),#5878,.F.);
#6179=ADVANCED_FACE('',(#1777),#5879,.F.);
#6180=ADVANCED_FACE('',(#1778),#5880,.F.);
#6181=ADVANCED_FACE('',(#1779),#5881,.F.);
#6182=ADVANCED_FACE('',(#1780),#5882,.F.);
#6183=ADVANCED_FACE('',(#1781),#5883,.F.);
#6184=ADVANCED_FACE('',(#1782),#5884,.T.);
#6185=ADVANCED_FACE('',(#1783),#5885,.T.);
#6186=ADVANCED_FACE('',(#1784),#5886,.T.);
#6187=ADVANCED_FACE('',(#1785),#5887,.T.);
#6188=ADVANCED_FACE('',(#1786),#5888,.F.);
#6189=ADVANCED_FACE('',(#1787),#5889,.F.);
#6190=ADVANCED_FACE('',(#1788),#5890,.F.);
#6191=ADVANCED_FACE('',(#1789),#5891,.F.);
#6192=ADVANCED_FACE('',(#1790),#5892,.F.);
#6193=ADVANCED_FACE('',(#1791),#5893,.F.);
#6194=ADVANCED_FACE('',(#1792,#1623),#5894,.F.);
#6195=ADVANCED_FACE('',(#1793),#1576,.T.);
#6196=ADVANCED_FACE('',(#1794),#1577,.T.);
#6197=ADVANCED_FACE('',(#1795,#1624),#5895,.T.);
#6198=ADVANCED_FACE('',(#1796),#5896,.T.);
#6199=ADVANCED_FACE('',(#1797),#1578,.T.);
#6200=ADVANCED_FACE('',(#1798),#5897,.T.);
#6201=ADVANCED_FACE('',(#1799),#5898,.T.);
#6202=ADVANCED_FACE('',(#1800),#51,.T.);
#6203=ADVANCED_FACE('',(#1801),#5899,.T.);
#6204=ADVANCED_FACE('',(#1802),#5900,.T.);
#6205=ADVANCED_FACE('',(#1803,#1625),#5901,.T.);
#6206=ADVANCED_FACE('',(#1804),#52,.F.);
#6207=ADVANCED_FACE('',(#1805),#1579,.F.);
#6208=ADVANCED_FACE('',(#1806),#53,.F.);
#6209=ADVANCED_FACE('',(#1807),#1580,.T.);
#6210=ADVANCED_FACE('',(#1808),#5902,.T.);
#6211=ADVANCED_FACE('',(#1809),#5903,.T.);
#6212=ADVANCED_FACE('',(#1810),#54,.T.);
#6213=ADVANCED_FACE('',(#1811),#5904,.T.);
#6214=ADVANCED_FACE('',(#1812),#1581,.T.);
#6215=ADVANCED_FACE('',(#1813),#5905,.T.);
#6216=ADVANCED_FACE('',(#1814,#1626),#5906,.T.);
#6217=ADVANCED_FACE('',(#1815),#55,.F.);
#6218=ADVANCED_FACE('',(#1816),#1582,.F.);
#6219=ADVANCED_FACE('',(#1817),#56,.F.);
#6220=ADVANCED_FACE('',(#1818),#57,.F.);
#6221=ADVANCED_FACE('',(#1819),#1583,.F.);
#6222=ADVANCED_FACE('',(#1820,#1627),#5907,.F.);
#6223=ADVANCED_FACE('',(#1821),#58,.T.);
#6224=ADVANCED_FACE('',(#1822,#1628),#5908,.F.);
#6225=ADVANCED_FACE('',(#1823,#1629),#5909,.F.);
#6226=ADVANCED_FACE('',(#1824),#59,.F.);
#6227=ADVANCED_FACE('',(#1825),#1584,.F.);
#6228=ADVANCED_FACE('',(#1826,#1630),#5910,.F.);
#6229=ADVANCED_FACE('',(#1827),#60,.T.);
#6230=ADVANCED_FACE('',(#1828,#1631),#5911,.T.);
#6231=ADVANCED_FACE('',(#1829,#1632),#5912,.F.);
#6232=ADVANCED_FACE('',(#1830),#5913,.T.);
#6233=ADVANCED_FACE('',(#1831),#61,.T.);
#6234=ADVANCED_FACE('',(#1832),#5914,.T.);
#6235=ADVANCED_FACE('',(#1833),#62,.T.);
#6236=ADVANCED_FACE('',(#1834),#5915,.T.);
#6237=ADVANCED_FACE('',(#1835),#63,.T.);
#6238=ADVANCED_FACE('',(#1836),#5916,.T.);
#6239=ADVANCED_FACE('',(#1837),#64,.T.);
#6240=ADVANCED_FACE('',(#1838),#1585,.T.);
#6241=ADVANCED_FACE('',(#1839),#5917,.F.);
#6242=ADVANCED_FACE('',(#1840),#1586,.T.);
#6243=ADVANCED_FACE('',(#1841,#1633),#5918,.F.);
#6244=ADVANCED_FACE('',(#1842),#5919,.T.);
#6245=ADVANCED_FACE('',(#1843),#65,.T.);
#6246=ADVANCED_FACE('',(#1844),#5920,.T.);
#6247=ADVANCED_FACE('',(#1845),#66,.T.);
#6248=ADVANCED_FACE('',(#1846),#5921,.T.);
#6249=ADVANCED_FACE('',(#1847),#67,.T.);
#6250=ADVANCED_FACE('',(#1848),#5922,.T.);
#6251=ADVANCED_FACE('',(#1849),#68,.T.);
#6252=ADVANCED_FACE('',(#1850),#1587,.T.);
#6253=ADVANCED_FACE('',(#1851),#5923,.T.);
#6254=ADVANCED_FACE('',(#1852),#1588,.T.);
#6255=ADVANCED_FACE('',(#1853),#5924,.T.);
#6256=ADVANCED_FACE('',(#1854,#1634,#1635,#1636,#1637,#1638),#5925,.T.);
#6257=ADVANCED_FACE('',(#1855),#5926,.T.);
#6258=ADVANCED_FACE('',(#1856),#5927,.T.);
#6259=ADVANCED_FACE('',(#1857),#5928,.T.);
#6260=ADVANCED_FACE('',(#1858),#5929,.T.);
#6261=ADVANCED_FACE('',(#1859),#5930,.T.);
#6262=ADVANCED_FACE('',(#1860),#5931,.T.);
#6263=ADVANCED_FACE('',(#1861),#5932,.T.);
#6264=ADVANCED_FACE('',(#1862),#5933,.T.);
#6265=ADVANCED_FACE('',(#1863),#5934,.T.);
#6266=ADVANCED_FACE('',(#1864),#5935,.T.);
#6267=ADVANCED_FACE('',(#1865),#5936,.T.);
#6268=ADVANCED_FACE('',(#1866),#5937,.T.);
#6269=ADVANCED_FACE('',(#1867),#5938,.T.);
#6270=ADVANCED_FACE('',(#1868),#5939,.T.);
#6271=ADVANCED_FACE('',(#1869),#5940,.T.);
#6272=ADVANCED_FACE('',(#1870),#5941,.T.);
#6273=ADVANCED_FACE('',(#1871,#1639,#1640,#1641,#1642,#1643),#5942,.T.);
#6274=ADVANCED_FACE('',(#1872),#5943,.T.);
#6275=ADVANCED_FACE('',(#1873),#5944,.T.);
#6276=ADVANCED_FACE('',(#1874),#5945,.T.);
#6277=ADVANCED_FACE('',(#1875),#5946,.T.);
#6278=ADVANCED_FACE('',(#1876),#5947,.T.);
#6279=ADVANCED_FACE('',(#1877),#5948,.T.);
#6280=ADVANCED_FACE('',(#1878),#5949,.T.);
#6281=ADVANCED_FACE('',(#1879),#5950,.T.);
#6282=ADVANCED_FACE('',(#1880),#5951,.T.);
#6283=ADVANCED_FACE('',(#1881),#5952,.T.);
#6284=ADVANCED_FACE('',(#1882),#5953,.T.);
#6285=ADVANCED_FACE('',(#1883),#5954,.T.);
#6286=ADVANCED_FACE('',(#1884),#5955,.T.);
#6287=ADVANCED_FACE('',(#1885),#5956,.T.);
#6288=ADVANCED_FACE('',(#1886),#5957,.T.);
#6289=ADVANCED_FACE('',(#1887),#5958,.T.);
#6290=ADVANCED_FACE('',(#1888),#5959,.T.);
#6291=ADVANCED_FACE('',(#1889),#5960,.T.);
#6292=ADVANCED_FACE('',(#1890),#5961,.T.);
#6293=ADVANCED_FACE('',(#1891),#5962,.T.);
#6294=ADVANCED_FACE('',(#1892),#5963,.T.);
#6295=ADVANCED_FACE('',(#1893),#5964,.T.);
#6296=ADVANCED_FACE('',(#1894),#5965,.T.);
#6297=ADVANCED_FACE('',(#1895),#5966,.T.);
#6298=ADVANCED_FACE('',(#1896),#5967,.T.);
#6299=ADVANCED_FACE('',(#1897,#1644,#1645,#1646,#1647,#1648,#1649),#5968,
 .T.);
#6300=ADVANCED_FACE('',(#1898),#5969,.T.);
#6301=ADVANCED_FACE('',(#1899),#5970,.T.);
#6302=ADVANCED_FACE('',(#1900),#5971,.T.);
#6303=ADVANCED_FACE('',(#1901),#5972,.T.);
#6304=ADVANCED_FACE('',(#1902),#5973,.T.);
#6305=ADVANCED_FACE('',(#1903),#5974,.T.);
#6306=ADVANCED_FACE('',(#1904),#5975,.T.);
#6307=ADVANCED_FACE('',(#1905),#69,.F.);
#6308=ADVANCED_FACE('',(#1906),#1589,.F.);
#6309=ADVANCED_FACE('',(#1907),#70,.F.);
#6310=ADVANCED_FACE('',(#1908),#1590,.F.);
#6311=ADVANCED_FACE('',(#1909),#71,.F.);
#6312=ADVANCED_FACE('',(#1910),#1591,.F.);
#6313=ADVANCED_FACE('',(#1911),#72,.F.);
#6314=ADVANCED_FACE('',(#1912),#1592,.F.);
#6315=ADVANCED_FACE('',(#1913),#73,.F.);
#6316=ADVANCED_FACE('',(#1914),#5976,.T.);
#6317=ADVANCED_FACE('',(#1915),#74,.F.);
#6318=ADVANCED_FACE('',(#1916),#5977,.T.);
#6319=ADVANCED_FACE('',(#1917),#5978,.F.);
#6320=ADVANCED_FACE('',(#1918),#1593,.F.);
#6321=ADVANCED_FACE('',(#1919),#75,.F.);
#6322=ADVANCED_FACE('',(#1920,#1650,#1651,#1652,#1653,#1654),#5979,.F.);
#6323=ADVANCED_FACE('',(#1921),#76,.F.);
#6324=ADVANCED_FACE('',(#1922),#77,.F.);
#6325=ADVANCED_FACE('',(#1923),#78,.F.);
#6326=ADVANCED_FACE('',(#1924),#79,.F.);
#6327=ADVANCED_FACE('',(#1925),#5980,.T.);
#6328=ADVANCED_FACE('',(#1926),#80,.F.);
#6329=ADVANCED_FACE('',(#1927),#5981,.T.);
#6330=ADVANCED_FACE('',(#1928),#1594,.F.);
#6331=ADVANCED_FACE('',(#1929),#5982,.T.);
#6332=ADVANCED_FACE('',(#1930),#5983,.T.);
#6333=ADVANCED_FACE('',(#1931),#5984,.T.);
#6334=ADVANCED_FACE('',(#1932),#5985,.T.);
#6335=ADVANCED_FACE('',(#1933),#5986,.T.);
#6336=ADVANCED_FACE('',(#1934),#5987,.T.);
#6337=ADVANCED_FACE('',(#1935),#5988,.T.);
#6338=ADVANCED_FACE('',(#1936),#5989,.T.);
#6339=ADVANCED_FACE('',(#1937),#5990,.T.);
#6340=ADVANCED_FACE('',(#1938),#5991,.T.);
#6341=ADVANCED_FACE('',(#1939),#81,.F.);
#6342=ADVANCED_FACE('',(#1940),#5992,.T.);
#6343=ADVANCED_FACE('',(#1941),#82,.F.);
#6344=ADVANCED_FACE('',(#1942),#5993,.T.);
#6345=ADVANCED_FACE('',(#1943),#83,.F.);
#6346=ADVANCED_FACE('',(#1944),#5994,.T.);
#6347=ADVANCED_FACE('',(#1945),#84,.F.);
#6348=ADVANCED_FACE('',(#1946),#1595,.F.);
#6349=ADVANCED_FACE('',(#1947),#1596,.F.);
#6350=ADVANCED_FACE('',(#1948),#5995,.F.);
#6351=ADVANCED_FACE('',(#1949),#5996,.F.);
#6352=ADVANCED_FACE('',(#1950),#5997,.F.);
#6353=ADVANCED_FACE('',(#1951),#5998,.F.);
#6354=ADVANCED_FACE('',(#1952),#5999,.F.);
#6355=ADVANCED_FACE('',(#1953),#6000,.F.);
#6356=ADVANCED_FACE('',(#1954),#6001,.F.);
#6357=ADVANCED_FACE('',(#1955),#6002,.F.);
#6358=ADVANCED_FACE('',(#1956),#6003,.F.);
#6359=ADVANCED_FACE('',(#1957),#6004,.F.);
#6360=ADVANCED_FACE('',(#1958),#6005,.F.);
#6361=ADVANCED_FACE('',(#1959),#6006,.F.);
#6362=ADVANCED_FACE('',(#1960),#6007,.F.);
#6363=ADVANCED_FACE('',(#1961),#6008,.F.);
#6364=ADVANCED_FACE('',(#1962),#6009,.F.);
#6365=ADVANCED_FACE('',(#1963),#6010,.F.);
#6366=ADVANCED_FACE('',(#1964),#6011,.F.);
#6367=ADVANCED_FACE('',(#1965),#6012,.F.);
#6368=ADVANCED_FACE('',(#1966),#6013,.F.);
#6369=ADVANCED_FACE('',(#1967),#6014,.F.);
#6370=ADVANCED_FACE('',(#1968),#6015,.F.);
#6371=ADVANCED_FACE('',(#1969),#6016,.F.);
#6372=ADVANCED_FACE('',(#1970),#6017,.F.);
#6373=ADVANCED_FACE('',(#1971),#6018,.F.);
#6374=ADVANCED_FACE('',(#1972),#6019,.F.);
#6375=ADVANCED_FACE('',(#1973),#6020,.F.);
#6376=ADVANCED_FACE('',(#1974),#6021,.F.);
#6377=ADVANCED_FACE('',(#1975),#6022,.F.);
#6378=ADVANCED_FACE('',(#1976),#6023,.F.);
#6379=ADVANCED_FACE('',(#1977),#6024,.F.);
#6380=ADVANCED_FACE('',(#1978),#6025,.F.);
#6381=ADVANCED_FACE('',(#1979),#6026,.F.);
#6382=ADVANCED_FACE('',(#1980),#6027,.F.);
#6383=ADVANCED_FACE('',(#1981),#6028,.F.);
#6384=ADVANCED_FACE('',(#1982),#6029,.F.);
#6385=ADVANCED_FACE('',(#1983),#6030,.F.);
#6386=ADVANCED_FACE('',(#1984),#6031,.F.);
#6387=ADVANCED_FACE('',(#1985),#6032,.F.);
#6388=ADVANCED_FACE('',(#1986),#6033,.F.);
#6389=ADVANCED_FACE('',(#1987),#6034,.F.);
#6390=ADVANCED_FACE('',(#1988),#6035,.F.);
#6391=ADVANCED_FACE('',(#1989),#20,.T.);
#6392=ADVANCED_FACE('',(#1990),#1597,.T.);
#6393=ADVANCED_FACE('',(#1991),#19,.T.);
#6394=ADVANCED_FACE('',(#1992),#6036,.T.);
#6395=ADVANCED_FACE('',(#1993,#1655,#1656,#1657,#1658,#1659),#6037,.T.);
#6396=ADVANCED_FACE('',(#1994),#6038,.T.);
#6397=ADVANCED_FACE('',(#1995),#6039,.T.);
#6398=ADVANCED_FACE('',(#1996),#6040,.T.);
#6399=ADVANCED_FACE('',(#1997),#6041,.T.);
#6400=ADVANCED_FACE('',(#1998),#6042,.T.);
#6401=ADVANCED_FACE('',(#1999),#6043,.T.);
#6402=ADVANCED_FACE('',(#2000),#6044,.F.);
#6403=ADVANCED_FACE('',(#2001),#6045,.T.);
#6404=ADVANCED_FACE('',(#2002),#6046,.T.);
#6405=ADVANCED_FACE('',(#2003),#6047,.F.);
#6406=ADVANCED_FACE('',(#2004),#6048,.T.);
#6407=ADVANCED_FACE('',(#2005),#6049,.T.);
#6408=ADVANCED_FACE('',(#2006),#6050,.T.);
#6409=ADVANCED_FACE('',(#2007),#6051,.T.);
#6410=ADVANCED_FACE('',(#2008,#1660,#1661,#1662,#1663,#1664),#6052,.T.);
#6411=ADVANCED_FACE('',(#2009),#6053,.T.);
#6412=ADVANCED_FACE('',(#2010),#6054,.T.);
#6413=ADVANCED_FACE('',(#2011),#6055,.F.);
#6414=ADVANCED_FACE('',(#2012),#6056,.F.);
#6415=ADVANCED_FACE('',(#2013),#6057,.F.);
#6416=ADVANCED_FACE('',(#2014),#6058,.F.);
#6417=ADVANCED_FACE('',(#2015),#6059,.F.);
#6418=ADVANCED_FACE('',(#2016),#6060,.F.);
#6419=ADVANCED_FACE('',(#2017),#6061,.F.);
#6420=ADVANCED_FACE('',(#2018),#6062,.F.);
#6421=ADVANCED_FACE('',(#2019),#1598,.T.);
#6422=ADVANCED_FACE('',(#2020),#6063,.F.);
#6423=ADVANCED_FACE('',(#2021),#1599,.T.);
#6424=ADVANCED_FACE('',(#2022),#6064,.T.);
#6425=ADVANCED_FACE('',(#2023),#1600,.T.);
#6426=ADVANCED_FACE('',(#2024),#6065,.T.);
#6427=ADVANCED_FACE('',(#2025),#1601,.F.);
#6428=ADVANCED_FACE('',(#2026),#1602,.F.);
#6429=ADVANCED_FACE('',(#2027),#6066,.F.);
#6430=ADVANCED_FACE('',(#2028),#1603,.T.);
#6431=CLOSED_SHELL('',(#6067,#6068,#6069,#6070,#6071,#6072,#6073,#6074,
#6075,#6076,#6077,#6078,#6079,#6080,#6081,#6082,#6083,#6084,#6085,#6086,
#6087,#6088,#6089,#6090,#6091,#6092,#6093,#6094,#6095,#6096,#6097,#6098,
#6099,#6100,#6101,#6102,#6103,#6104,#6105,#6106,#6107,#6108,#6109,#6110,
#6111,#6112,#6113,#6114,#6115,#6116,#6117,#6118,#6119,#6120,#6121,#6122,
#6123,#6124,#6125,#6126,#6127,#6128,#6129,#6130,#6131,#6132,#6133,#6134,
#6135,#6136,#6137,#6138,#6139,#6140,#6141,#6142,#6143,#6144,#6145,#6146,
#6147,#6148,#6149,#6150,#6151,#6152,#6153,#6154,#6155,#6156,#6157,#6158,
#6159,#6160,#6161,#6162,#6163,#6164,#6165,#6166,#6167,#6168,#6169,#6170,
#6171,#6172,#6173,#6174,#6175,#6176,#6177,#6178,#6179,#6180,#6181,#6182,
#6183,#6184,#6185,#6186,#6187,#6188,#6189,#6190,#6191,#6192,#6193,#6194,
#6195,#6196,#6197,#6198));
#6432=CLOSED_SHELL('',(#6199,#6200,#6201,#6202,#6203,#6204,#6205,#6206,
#6207,#6208,#6209,#6210,#6211,#6212,#6213,#6214,#6215,#6216,#6217,#6218,
#6219,#6220,#6221,#6222,#6223,#6224,#6225,#6226,#6227,#6228,#6229,#6230,
#6231,#6232,#6233,#6234,#6235,#6236,#6237,#6238,#6239,#6240,#6241,#6242,
#6243,#6244,#6245,#6246,#6247,#6248,#6249,#6250,#6251,#6252,#6253,#6254,
#6255,#6256,#6257,#6258,#6259,#6260,#6261,#6262,#6263,#6264,#6265,#6266,
#6267,#6268,#6269,#6270,#6271,#6272,#6273,#6274,#6275,#6276,#6277,#6278,
#6279,#6280,#6281,#6282,#6283,#6284,#6285,#6286,#6287,#6288,#6289,#6290,
#6291,#6292,#6293,#6294,#6295,#6296,#6297,#6298,#6299,#6300,#6301,#6302,
#6303,#6304,#6305,#6306,#6307,#6308,#6309,#6310,#6311,#6312,#6313,#6314,
#6315,#6316,#6317,#6318,#6319,#6320,#6321,#6322,#6323,#6324,#6325,#6326,
#6327,#6328,#6329,#6330,#6331,#6332,#6333,#6334,#6335,#6336,#6337,#6338,
#6339,#6340,#6341,#6342,#6343,#6344,#6345,#6346,#6347,#6348,#6349,#6350,
#6351,#6352,#6353,#6354,#6355,#6356,#6357,#6358,#6359,#6360,#6361,#6362,
#6363,#6364,#6365,#6366,#6367,#6368,#6369,#6370,#6371,#6372,#6373,#6374,
#6375,#6376,#6377,#6378,#6379,#6380,#6381,#6382,#6383,#6384,#6385,#6386,
#6387,#6388,#6389,#6390,#6391,#6392,#6393,#6394,#6395,#6396,#6397,#6398,
#6399,#6400,#6401,#6402,#6403,#6404,#6405,#6406,#6407,#6408,#6409,#6410,
#6411,#6412,#6413,#6414,#6415,#6416,#6417,#6418,#6419,#6420,#6421,#6422,
#6423,#6424,#6425,#6426,#6427,#6428,#6429,#6430));
#6433=DERIVED_UNIT_ELEMENT(#6437,1.);
#6434=DERIVED_UNIT_ELEMENT(#10700,-3.);
#6435=DERIVED_UNIT_ELEMENT(#6437,1.);
#6436=DERIVED_UNIT_ELEMENT(#10700,-3.);
#6437=(
MASS_UNIT()
NAMED_UNIT(*)
SI_UNIT(.KILO.,.GRAM.)
);
#6438=DERIVED_UNIT((#6433,#6434));
#6439=DERIVED_UNIT((#6435,#6436));
#6440=MEASURE_REPRESENTATION_ITEM('density measure',
POSITIVE_RATIO_MEASURE(7850.),#6438);
#6441=MEASURE_REPRESENTATION_ITEM('density measure',
POSITIVE_RATIO_MEASURE(7850.),#6439);
#6442=PROPERTY_DEFINITION_REPRESENTATION(#6452,#6446);
#6443=PROPERTY_DEFINITION_REPRESENTATION(#6453,#6447);
#6444=PROPERTY_DEFINITION_REPRESENTATION(#6454,#6448);
#6445=PROPERTY_DEFINITION_REPRESENTATION(#6455,#6449);
#6446=REPRESENTATION('material name',(#6450),#10696);
#6447=REPRESENTATION('density',(#6440),#10696);
#6448=REPRESENTATION('material name',(#6451),#10697);
#6449=REPRESENTATION('density',(#6441),#10697);
#6450=DESCRIPTIVE_REPRESENTATION_ITEM('Steel','Steel');
#6451=DESCRIPTIVE_REPRESENTATION_ITEM('Steel','Steel');
#6452=PROPERTY_DEFINITION('material property','material name',#10716);
#6453=PROPERTY_DEFINITION('material property','density of part',#10716);
#6454=PROPERTY_DEFINITION('material property','material name',#10717);
#6455=PROPERTY_DEFINITION('material property','density of part',#10717);
#6456=AXIS2_PLACEMENT_3D('',#8732,#6969,#6970);
#6457=AXIS2_PLACEMENT_3D('',#8733,#6971,#6972);
#6458=AXIS2_PLACEMENT_3D('',#8734,#6973,#6974);
#6459=AXIS2_PLACEMENT_3D('',#8736,#6975,#6976);
#6460=AXIS2_PLACEMENT_3D('',#8738,#6977,#6978);
#6461=AXIS2_PLACEMENT_3D('',#8739,#6979,#6980);
#6462=AXIS2_PLACEMENT_3D('',#8741,#6981,#6982);
#6463=AXIS2_PLACEMENT_3D('',#8743,#6984,#6985);
#6464=AXIS2_PLACEMENT_3D('',#8746,#6987,#6988);
#6465=AXIS2_PLACEMENT_3D('',#8747,#6989,#6990);
#6466=AXIS2_PLACEMENT_3D('',#8749,#6991,#6992);
#6467=AXIS2_PLACEMENT_3D('',#8751,#6993,#6994);
#6468=AXIS2_PLACEMENT_3D('',#8752,#6995,#6996);
#6469=AXIS2_PLACEMENT_3D('',#8754,#6997,#6998);
#6470=AXIS2_PLACEMENT_3D('',#8756,#7000,#7001);
#6471=AXIS2_PLACEMENT_3D('',#8759,#7003,#7004);
#6472=AXIS2_PLACEMENT_3D('',#8760,#7005,#7006);
#6473=AXIS2_PLACEMENT_3D('',#8765,#7008,#7009);
#6474=AXIS2_PLACEMENT_3D('',#8768,#7011,#7012);
#6475=AXIS2_PLACEMENT_3D('',#8769,#7013,#7014);
#6476=AXIS2_PLACEMENT_3D('',#8775,#7018,#7019);
#6477=AXIS2_PLACEMENT_3D('',#8779,#7021,#7022);
#6478=AXIS2_PLACEMENT_3D('',#8780,#7023,#7024);
#6479=AXIS2_PLACEMENT_3D('',#8781,#7025,#7026);
#6480=AXIS2_PLACEMENT_3D('',#8787,#7030,#7031);
#6481=AXIS2_PLACEMENT_3D('',#8791,#7033,#7034);
#6482=AXIS2_PLACEMENT_3D('',#8792,#7035,#7036);
#6483=AXIS2_PLACEMENT_3D('',#8793,#7037,#7038);
#6484=AXIS2_PLACEMENT_3D('',#8799,#7042,#7043);
#6485=AXIS2_PLACEMENT_3D('',#8803,#7045,#7046);
#6486=AXIS2_PLACEMENT_3D('',#8804,#7047,#7048);
#6487=AXIS2_PLACEMENT_3D('',#8805,#7049,#7050);
#6488=AXIS2_PLACEMENT_3D('',#8808,#7053,#7054);
#6489=AXIS2_PLACEMENT_3D('',#8822,#7062,#7063);
#6490=AXIS2_PLACEMENT_3D('',#8825,#7065,#7066);
#6491=AXIS2_PLACEMENT_3D('',#8826,#7067,#7068);
#6492=AXIS2_PLACEMENT_3D('',#8830,#7071,#7072);
#6493=AXIS2_PLACEMENT_3D('',#8833,#7074,#7075);
#6494=AXIS2_PLACEMENT_3D('',#8834,#7076,#7077);
#6495=AXIS2_PLACEMENT_3D('',#8844,#7082,#7083);
#6496=AXIS2_PLACEMENT_3D('',#8846,#7084,#7085);
#6497=AXIS2_PLACEMENT_3D('',#8848,#7086,#7087);
#6498=AXIS2_PLACEMENT_3D('',#8849,#7088,#7089);
#6499=AXIS2_PLACEMENT_3D('',#8855,#7093,#7094);
#6500=AXIS2_PLACEMENT_3D('',#8859,#7097,#7098);
#6501=AXIS2_PLACEMENT_3D('',#8863,#7101,#7102);
#6502=AXIS2_PLACEMENT_3D('',#8865,#7104,#7105);
#6503=AXIS2_PLACEMENT_3D('',#8871,#7109,#7110);
#6504=AXIS2_PLACEMENT_3D('',#8875,#7113,#7114);
#6505=AXIS2_PLACEMENT_3D('',#8878,#7116,#7117);
#6506=AXIS2_PLACEMENT_3D('',#8879,#7118,#7119);
#6507=AXIS2_PLACEMENT_3D('',#8881,#7120,#7121);
#6508=AXIS2_PLACEMENT_3D('',#8883,#7123,#7124);
#6509=AXIS2_PLACEMENT_3D('',#8892,#7129,#7130);
#6510=AXIS2_PLACEMENT_3D('',#8898,#7134,#7135);
#6511=AXIS2_PLACEMENT_3D('',#8907,#7140,#7141);
#6512=AXIS2_PLACEMENT_3D('',#8913,#7145,#7146);
#6513=AXIS2_PLACEMENT_3D('',#8922,#7151,#7152);
#6514=AXIS2_PLACEMENT_3D('',#8926,#7154,#7155);
#6515=AXIS2_PLACEMENT_3D('',#8927,#7156,#7157);
#6516=AXIS2_PLACEMENT_3D('',#8928,#7158,#7159);
#6517=AXIS2_PLACEMENT_3D('',#8934,#7163,#7164);
#6518=AXIS2_PLACEMENT_3D('',#8938,#7166,#7167);
#6519=AXIS2_PLACEMENT_3D('',#8939,#7168,#7169);
#6520=AXIS2_PLACEMENT_3D('',#8940,#7170,#7171);
#6521=AXIS2_PLACEMENT_3D('',#8946,#7175,#7176);
#6522=AXIS2_PLACEMENT_3D('',#8949,#7179,#7180);
#6523=AXIS2_PLACEMENT_3D('',#8955,#7184,#7185);
#6524=AXIS2_PLACEMENT_3D('',#8958,#7188,#7189);
#6525=AXIS2_PLACEMENT_3D('',#8962,#7191,#7192);
#6526=AXIS2_PLACEMENT_3D('',#8963,#7193,#7194);
#6527=AXIS2_PLACEMENT_3D('',#8964,#7195,#7196);
#6528=AXIS2_PLACEMENT_3D('',#8970,#7200,#7201);
#6529=AXIS2_PLACEMENT_3D('',#8974,#7203,#7204);
#6530=AXIS2_PLACEMENT_3D('',#8975,#7205,#7206);
#6531=AXIS2_PLACEMENT_3D('',#8976,#7207,#7208);
#6532=AXIS2_PLACEMENT_3D('',#8979,#7211,#7212);
#6533=AXIS2_PLACEMENT_3D('',#8985,#7215,#7216);
#6534=AXIS2_PLACEMENT_3D('',#8988,#7218,#7219);
#6535=AXIS2_PLACEMENT_3D('',#8990,#7221,#7222);
#6536=AXIS2_PLACEMENT_3D('',#8994,#7225,#7226);
#6537=AXIS2_PLACEMENT_3D('',#8998,#7229,#7230);
#6538=AXIS2_PLACEMENT_3D('',#9002,#7233,#7234);
#6539=AXIS2_PLACEMENT_3D('',#9008,#7238,#7239);
#6540=AXIS2_PLACEMENT_3D('',#9011,#7241,#7242);
#6541=AXIS2_PLACEMENT_3D('',#9012,#7243,#7244);
#6542=AXIS2_PLACEMENT_3D('',#9016,#7247,#7248);
#6543=AXIS2_PLACEMENT_3D('',#9019,#7250,#7251);
#6544=AXIS2_PLACEMENT_3D('',#9020,#7252,#7253);
#6545=AXIS2_PLACEMENT_3D('',#9023,#7254,#7255);
#6546=AXIS2_PLACEMENT_3D('',#9024,#7256,#7257);
#6547=AXIS2_PLACEMENT_3D('',#9027,#7259,#7260);
#6548=AXIS2_PLACEMENT_3D('',#9028,#7261,#7262);
#6549=AXIS2_PLACEMENT_3D('',#9030,#7263,#7264);
#6550=AXIS2_PLACEMENT_3D('',#9032,#7266,#7267);
#6551=AXIS2_PLACEMENT_3D('',#9062,#7282,#7283);
#6552=AXIS2_PLACEMENT_3D('',#9063,#7284,#7285);
#6553=AXIS2_PLACEMENT_3D('',#9065,#7287,#7288);
#6554=AXIS2_PLACEMENT_3D('',#9068,#7290,#7291);
#6555=AXIS2_PLACEMENT_3D('',#9069,#7292,#7293);
#6556=AXIS2_PLACEMENT_3D('',#9073,#7295,#7296);
#6557=AXIS2_PLACEMENT_3D('',#9074,#7297,#7298);
#6558=AXIS2_PLACEMENT_3D('',#9075,#7299,#7300);
#6559=AXIS2_PLACEMENT_3D('',#9077,#7302,#7303);
#6560=AXIS2_PLACEMENT_3D('',#9084,#7307,#7308);
#6561=AXIS2_PLACEMENT_3D('',#9090,#7312,#7313);
#6562=AXIS2_PLACEMENT_3D('',#9096,#7317,#7318);
#6563=AXIS2_PLACEMENT_3D('',#9102,#7322,#7323);
#6564=AXIS2_PLACEMENT_3D('',#9111,#7328,#7329);
#6565=AXIS2_PLACEMENT_3D('',#9117,#7333,#7334);
#6566=AXIS2_PLACEMENT_3D('',#9123,#7338,#7339);
#6567=AXIS2_PLACEMENT_3D('',#9130,#7343,#7344);
#6568=AXIS2_PLACEMENT_3D('',#9133,#7347,#7348);
#6569=AXIS2_PLACEMENT_3D('',#9139,#7352,#7353);
#6570=AXIS2_PLACEMENT_3D('',#9145,#7357,#7358);
#6571=AXIS2_PLACEMENT_3D('',#9148,#7361,#7362);
#6572=AXIS2_PLACEMENT_3D('',#9154,#7366,#7367);
#6573=AXIS2_PLACEMENT_3D('',#9157,#7370,#7371);
#6574=AXIS2_PLACEMENT_3D('',#9160,#7374,#7375);
#6575=AXIS2_PLACEMENT_3D('',#9163,#7378,#7379);
#6576=AXIS2_PLACEMENT_3D('',#9165,#7381,#7382);
#6577=AXIS2_PLACEMENT_3D('',#9167,#7384,#7385);
#6578=AXIS2_PLACEMENT_3D('',#9169,#7387,#7388);
#6579=AXIS2_PLACEMENT_3D('',#9171,#7390,#7391);
#6580=AXIS2_PLACEMENT_3D('',#9173,#7393,#7394);
#6581=AXIS2_PLACEMENT_3D('',#9174,#7395,#7396);
#6582=AXIS2_PLACEMENT_3D('',#9178,#7398,#7399);
#6583=AXIS2_PLACEMENT_3D('',#9181,#7401,#7402);
#6584=AXIS2_PLACEMENT_3D('',#9183,#7403,#7404);
#6585=AXIS2_PLACEMENT_3D('',#9185,#7405,#7406);
#6586=AXIS2_PLACEMENT_3D('',#9187,#7407,#7408);
#6587=AXIS2_PLACEMENT_3D('',#9189,#7409,#7410);
#6588=AXIS2_PLACEMENT_3D('',#9206,#7419,#7420);
#6589=AXIS2_PLACEMENT_3D('',#9209,#7422,#7423);
#6590=AXIS2_PLACEMENT_3D('',#9210,#7424,#7425);
#6591=AXIS2_PLACEMENT_3D('',#9213,#7427,#7428);
#6592=AXIS2_PLACEMENT_3D('',#9214,#7429,#7430);
#6593=AXIS2_PLACEMENT_3D('',#9216,#7431,#7432);
#6594=AXIS2_PLACEMENT_3D('',#9218,#7434,#7435);
#6595=AXIS2_PLACEMENT_3D('',#9227,#7440,#7441);
#6596=AXIS2_PLACEMENT_3D('',#9233,#7445,#7446);
#6597=AXIS2_PLACEMENT_3D('',#9237,#7449,#7450);
#6598=AXIS2_PLACEMENT_3D('',#9241,#7453,#7454);
#6599=AXIS2_PLACEMENT_3D('',#9243,#7456,#7457);
#6600=AXIS2_PLACEMENT_3D('',#9246,#7460,#7461);
#6601=AXIS2_PLACEMENT_3D('',#9248,#7463,#7464);
#6602=AXIS2_PLACEMENT_3D('',#9251,#7466,#7467);
#6603=AXIS2_PLACEMENT_3D('',#9252,#7468,#7469);
#6604=AXIS2_PLACEMENT_3D('',#9255,#7471,#7472);
#6605=AXIS2_PLACEMENT_3D('',#9256,#7473,#7474);
#6606=AXIS2_PLACEMENT_3D('',#9262,#7478,#7479);
#6607=AXIS2_PLACEMENT_3D('',#9268,#7483,#7484);
#6608=AXIS2_PLACEMENT_3D('',#9270,#7486,#7487);
#6609=AXIS2_PLACEMENT_3D('',#9272,#7489,#7490);
#6610=AXIS2_PLACEMENT_3D('',#9278,#7494,#7495);
#6611=AXIS2_PLACEMENT_3D('',#9282,#7498,#7499);
#6612=AXIS2_PLACEMENT_3D('',#9285,#7501,#7502);
#6613=AXIS2_PLACEMENT_3D('',#9286,#7503,#7504);
#6614=AXIS2_PLACEMENT_3D('',#9289,#7506,#7507);
#6615=AXIS2_PLACEMENT_3D('',#9290,#7508,#7509);
#6616=AXIS2_PLACEMENT_3D('',#9293,#7511,#7512);
#6617=AXIS2_PLACEMENT_3D('',#9294,#7513,#7514);
#6618=AXIS2_PLACEMENT_3D('',#9297,#7516,#7517);
#6619=AXIS2_PLACEMENT_3D('',#9298,#7518,#7519);
#6620=AXIS2_PLACEMENT_3D('',#9301,#7522,#7523);
#6621=AXIS2_PLACEMENT_3D('',#9303,#7525,#7526);
#6622=AXIS2_PLACEMENT_3D('',#9305,#7528,#7529);
#6623=AXIS2_PLACEMENT_3D('',#9306,#7530,#7531);
#6624=AXIS2_PLACEMENT_3D('',#9308,#7533,#7534);
#6625=AXIS2_PLACEMENT_3D('',#9310,#7536,#7537);
#6626=AXIS2_PLACEMENT_3D('',#9312,#7539,#7540);
#6627=AXIS2_PLACEMENT_3D('',#9313,#7541,#7542);
#6628=AXIS2_PLACEMENT_3D('',#9315,#7544,#7545);
#6629=AXIS2_PLACEMENT_3D('',#9317,#7547,#7548);
#6630=AXIS2_PLACEMENT_3D('',#9319,#7550,#7551);
#6631=AXIS2_PLACEMENT_3D('',#9321,#7553,#7554);
#6632=AXIS2_PLACEMENT_3D('',#9323,#7556,#7557);
#6633=AXIS2_PLACEMENT_3D('',#9324,#7558,#7559);
#6634=AXIS2_PLACEMENT_3D('',#9325,#7560,#7561);
#6635=AXIS2_PLACEMENT_3D('',#9326,#7562,#7563);
#6636=AXIS2_PLACEMENT_3D('',#9327,#7564,#7565);
#6637=AXIS2_PLACEMENT_3D('',#9328,#7566,#7567);
#6638=AXIS2_PLACEMENT_3D('',#9332,#7570,#7571);
#6639=AXIS2_PLACEMENT_3D('',#9336,#7574,#7575);
#6640=AXIS2_PLACEMENT_3D('',#9338,#7577,#7578);
#6641=AXIS2_PLACEMENT_3D('',#9340,#7580,#7581);
#6642=AXIS2_PLACEMENT_3D('',#9341,#7582,#7583);
#6643=AXIS2_PLACEMENT_3D('',#9343,#7585,#7586);
#6644=AXIS2_PLACEMENT_3D('',#9344,#7587,#7588);
#6645=AXIS2_PLACEMENT_3D('',#9346,#7590,#7591);
#6646=AXIS2_PLACEMENT_3D('',#9349,#7594,#7595);
#6647=AXIS2_PLACEMENT_3D('',#9350,#7596,#7597);
#6648=AXIS2_PLACEMENT_3D('',#9351,#7598,#7599);
#6649=AXIS2_PLACEMENT_3D('',#9352,#7600,#7601);
#6650=AXIS2_PLACEMENT_3D('',#9357,#7603,#7604);
#6651=AXIS2_PLACEMENT_3D('',#9360,#7606,#7607);
#6652=AXIS2_PLACEMENT_3D('',#9361,#7608,#7609);
#6653=AXIS2_PLACEMENT_3D('',#9370,#7614,#7615);
#6654=AXIS2_PLACEMENT_3D('',#9376,#7619,#7620);
#6655=AXIS2_PLACEMENT_3D('',#9379,#7622,#7623);
#6656=AXIS2_PLACEMENT_3D('',#9380,#7624,#7625);
#6657=AXIS2_PLACEMENT_3D('',#9381,#7626,#7627);
#6658=AXIS2_PLACEMENT_3D('',#9384,#7630,#7631);
#6659=AXIS2_PLACEMENT_3D('',#9390,#7635,#7636);
#6660=AXIS2_PLACEMENT_3D('',#9392,#7637,#7638);
#6661=AXIS2_PLACEMENT_3D('',#9393,#7639,#7640);
#6662=AXIS2_PLACEMENT_3D('',#9397,#7642,#7643);
#6663=AXIS2_PLACEMENT_3D('',#9398,#7644,#7645);
#6664=AXIS2_PLACEMENT_3D('',#9399,#7646,#7647);
#6665=AXIS2_PLACEMENT_3D('',#9402,#7649,#7650);
#6666=AXIS2_PLACEMENT_3D('',#9403,#7651,#7652);
#6667=AXIS2_PLACEMENT_3D('',#9406,#7654,#7655);
#6668=AXIS2_PLACEMENT_3D('',#9407,#7656,#7657);
#6669=AXIS2_PLACEMENT_3D('',#9408,#7658,#7659);
#6670=AXIS2_PLACEMENT_3D('',#9417,#7664,#7665);
#6671=AXIS2_PLACEMENT_3D('',#9423,#7669,#7670);
#6672=AXIS2_PLACEMENT_3D('',#9427,#7672,#7673);
#6673=AXIS2_PLACEMENT_3D('',#9428,#7674,#7675);
#6674=AXIS2_PLACEMENT_3D('',#9429,#7676,#7677);
#6675=AXIS2_PLACEMENT_3D('',#9432,#7680,#7681);
#6676=AXIS2_PLACEMENT_3D('',#9436,#7683,#7684);
#6677=AXIS2_PLACEMENT_3D('',#9438,#7686,#7687);
#6678=AXIS2_PLACEMENT_3D('',#9442,#7690,#7691);
#6679=AXIS2_PLACEMENT_3D('',#9444,#7692,#7693);
#6680=AXIS2_PLACEMENT_3D('',#9445,#7694,#7695);
#6681=AXIS2_PLACEMENT_3D('',#9449,#7697,#7698);
#6682=AXIS2_PLACEMENT_3D('',#9450,#7699,#7700);
#6683=AXIS2_PLACEMENT_3D('',#9451,#7701,#7702);
#6684=AXIS2_PLACEMENT_3D('',#9454,#7704,#7705);
#6685=AXIS2_PLACEMENT_3D('',#9455,#7706,#7707);
#6686=AXIS2_PLACEMENT_3D('',#9458,#7709,#7710);
#6687=AXIS2_PLACEMENT_3D('',#9460,#7711,#7712);
#6688=AXIS2_PLACEMENT_3D('',#9463,#7714,#7715);
#6689=AXIS2_PLACEMENT_3D('',#9464,#7716,#7717);
#6690=AXIS2_PLACEMENT_3D('',#9466,#7718,#7719);
#6691=AXIS2_PLACEMENT_3D('',#9468,#7721,#7722);
#6692=AXIS2_PLACEMENT_3D('',#9485,#7731,#7732);
#6693=AXIS2_PLACEMENT_3D('',#9487,#7733,#7734);
#6694=AXIS2_PLACEMENT_3D('',#9490,#7736,#7737);
#6695=AXIS2_PLACEMENT_3D('',#9491,#7738,#7739);
#6696=AXIS2_PLACEMENT_3D('',#9492,#7740,#7741);
#6697=AXIS2_PLACEMENT_3D('',#9503,#7748,#7749);
#6698=AXIS2_PLACEMENT_3D('',#9505,#7750,#7751);
#6699=AXIS2_PLACEMENT_3D('',#9508,#7753,#7754);
#6700=AXIS2_PLACEMENT_3D('',#9509,#7755,#7756);
#6701=AXIS2_PLACEMENT_3D('',#9511,#7757,#7758);
#6702=AXIS2_PLACEMENT_3D('',#9513,#7760,#7761);
#6703=AXIS2_PLACEMENT_3D('',#9530,#7770,#7771);
#6704=AXIS2_PLACEMENT_3D('',#9532,#7772,#7773);
#6705=AXIS2_PLACEMENT_3D('',#9535,#7775,#7776);
#6706=AXIS2_PLACEMENT_3D('',#9536,#7777,#7778);
#6707=AXIS2_PLACEMENT_3D('',#9537,#7779,#7780);
#6708=AXIS2_PLACEMENT_3D('',#9546,#7785,#7786);
#6709=AXIS2_PLACEMENT_3D('',#9552,#7790,#7791);
#6710=AXIS2_PLACEMENT_3D('',#9556,#7793,#7794);
#6711=AXIS2_PLACEMENT_3D('',#9557,#7795,#7796);
#6712=AXIS2_PLACEMENT_3D('',#9558,#7797,#7798);
#6713=AXIS2_PLACEMENT_3D('',#9564,#7802,#7803);
#6714=AXIS2_PLACEMENT_3D('',#9567,#7805,#7806);
#6715=AXIS2_PLACEMENT_3D('',#9568,#7807,#7808);
#6716=AXIS2_PLACEMENT_3D('',#9569,#7809,#7810);
#6717=AXIS2_PLACEMENT_3D('',#9573,#7813,#7814);
#6718=AXIS2_PLACEMENT_3D('',#9577,#7816,#7817);
#6719=AXIS2_PLACEMENT_3D('',#9578,#7818,#7819);
#6720=AXIS2_PLACEMENT_3D('',#9579,#7820,#7821);
#6721=AXIS2_PLACEMENT_3D('',#9585,#7825,#7826);
#6722=AXIS2_PLACEMENT_3D('',#9586,#7827,#7828);
#6723=AXIS2_PLACEMENT_3D('',#9587,#7829,#7830);
#6724=AXIS2_PLACEMENT_3D('',#9588,#7831,#7832);
#6725=AXIS2_PLACEMENT_3D('',#9591,#7834,#7835);
#6726=AXIS2_PLACEMENT_3D('',#9592,#7836,#7837);
#6727=AXIS2_PLACEMENT_3D('',#9596,#7840,#7841);
#6728=AXIS2_PLACEMENT_3D('',#9597,#7842,#7843);
#6729=AXIS2_PLACEMENT_3D('',#9598,#7844,#7845);
#6730=AXIS2_PLACEMENT_3D('',#9603,#7847,#7848);
#6731=AXIS2_PLACEMENT_3D('',#9607,#7850,#7851);
#6732=AXIS2_PLACEMENT_3D('',#9611,#7853,#7854);
#6733=AXIS2_PLACEMENT_3D('',#9614,#7856,#7857);
#6734=AXIS2_PLACEMENT_3D('',#9615,#7858,#7859);
#6735=AXIS2_PLACEMENT_3D('',#9624,#7864,#7865);
#6736=AXIS2_PLACEMENT_3D('',#9628,#7867,#7868);
#6737=AXIS2_PLACEMENT_3D('',#9629,#7869,#7870);
#6738=AXIS2_PLACEMENT_3D('',#9630,#7871,#7872);
#6739=AXIS2_PLACEMENT_3D('',#9636,#7876,#7877);
#6740=AXIS2_PLACEMENT_3D('',#9640,#7879,#7880);
#6741=AXIS2_PLACEMENT_3D('',#9641,#7881,#7882);
#6742=AXIS2_PLACEMENT_3D('',#9642,#7883,#7884);
#6743=AXIS2_PLACEMENT_3D('',#9648,#7888,#7889);
#6744=AXIS2_PLACEMENT_3D('',#9652,#7891,#7892);
#6745=AXIS2_PLACEMENT_3D('',#9653,#7893,#7894);
#6746=AXIS2_PLACEMENT_3D('',#9654,#7895,#7896);
#6747=AXIS2_PLACEMENT_3D('',#9660,#7900,#7901);
#6748=AXIS2_PLACEMENT_3D('',#9661,#7902,#7903);
#6749=AXIS2_PLACEMENT_3D('',#9662,#7904,#7905);
#6750=AXIS2_PLACEMENT_3D('',#9663,#7906,#7907);
#6751=AXIS2_PLACEMENT_3D('',#9667,#7909,#7910);
#6752=AXIS2_PLACEMENT_3D('',#9669,#7912,#7913);
#6753=AXIS2_PLACEMENT_3D('',#9681,#7920,#7921);
#6754=AXIS2_PLACEMENT_3D('',#9684,#7923,#7924);
#6755=AXIS2_PLACEMENT_3D('',#9685,#7925,#7926);
#6756=AXIS2_PLACEMENT_3D('',#9689,#7929,#7930);
#6757=AXIS2_PLACEMENT_3D('',#9691,#7931,#7932);
#6758=AXIS2_PLACEMENT_3D('',#9693,#7933,#7934);
#6759=AXIS2_PLACEMENT_3D('',#9696,#7935,#7936);
#6760=AXIS2_PLACEMENT_3D('',#9700,#7938,#7939);
#6761=AXIS2_PLACEMENT_3D('',#9703,#7941,#7942);
#6762=AXIS2_PLACEMENT_3D('',#9705,#7943,#7944);
#6763=AXIS2_PLACEMENT_3D('',#9706,#7945,#7946);
#6764=AXIS2_PLACEMENT_3D('',#9715,#7951,#7952);
#6765=AXIS2_PLACEMENT_3D('',#9721,#7956,#7957);
#6766=AXIS2_PLACEMENT_3D('',#9728,#7961,#7962);
#6767=AXIS2_PLACEMENT_3D('',#9734,#7966,#7967);
#6768=AXIS2_PLACEMENT_3D('',#9741,#7971,#7972);
#6769=AXIS2_PLACEMENT_3D('',#9747,#7976,#7977);
#6770=AXIS2_PLACEMENT_3D('',#9750,#7980,#7981);
#6771=AXIS2_PLACEMENT_3D('',#9757,#7985,#7986);
#6772=AXIS2_PLACEMENT_3D('',#9763,#7990,#7991);
#6773=AXIS2_PLACEMENT_3D('',#9766,#7994,#7995);
#6774=AXIS2_PLACEMENT_3D('',#9772,#7999,#8000);
#6775=AXIS2_PLACEMENT_3D('',#9775,#8003,#8004);
#6776=AXIS2_PLACEMENT_3D('',#9778,#8007,#8008);
#6777=AXIS2_PLACEMENT_3D('',#9786,#8013,#8014);
#6778=AXIS2_PLACEMENT_3D('',#9792,#8018,#8019);
#6779=AXIS2_PLACEMENT_3D('',#9796,#8022,#8023);
#6780=AXIS2_PLACEMENT_3D('',#9845,#8049,#8050);
#6781=AXIS2_PLACEMENT_3D('',#9846,#8051,#8052);
#6782=AXIS2_PLACEMENT_3D('',#9855,#8057,#8058);
#6783=AXIS2_PLACEMENT_3D('',#9862,#8062,#8063);
#6784=AXIS2_PLACEMENT_3D('',#9868,#8067,#8068);
#6785=AXIS2_PLACEMENT_3D('',#9875,#8072,#8073);
#6786=AXIS2_PLACEMENT_3D('',#9881,#8077,#8078);
#6787=AXIS2_PLACEMENT_3D('',#9887,#8082,#8083);
#6788=AXIS2_PLACEMENT_3D('',#9893,#8087,#8088);
#6789=AXIS2_PLACEMENT_3D('',#9899,#8092,#8093);
#6790=AXIS2_PLACEMENT_3D('',#9905,#8097,#8098);
#6791=AXIS2_PLACEMENT_3D('',#9911,#8102,#8103);
#6792=AXIS2_PLACEMENT_3D('',#9918,#8107,#8108);
#6793=AXIS2_PLACEMENT_3D('',#9924,#8112,#8113);
#6794=AXIS2_PLACEMENT_3D('',#9927,#8116,#8117);
#6795=AXIS2_PLACEMENT_3D('',#9933,#8121,#8122);
#6796=AXIS2_PLACEMENT_3D('',#9939,#8126,#8127);
#6797=AXIS2_PLACEMENT_3D('',#9945,#8131,#8132);
#6798=AXIS2_PLACEMENT_3D('',#9951,#8136,#8137);
#6799=AXIS2_PLACEMENT_3D('',#9954,#8140,#8141);
#6800=AXIS2_PLACEMENT_3D('',#9957,#8144,#8145);
#6801=AXIS2_PLACEMENT_3D('',#9960,#8148,#8149);
#6802=AXIS2_PLACEMENT_3D('',#9966,#8153,#8154);
#6803=AXIS2_PLACEMENT_3D('',#9970,#8157,#8158);
#6804=AXIS2_PLACEMENT_3D('',#9974,#8161,#8162);
#6805=AXIS2_PLACEMENT_3D('',#9990,#8171,#8172);
#6806=AXIS2_PLACEMENT_3D('',#10042,#8199,#8200);
#6807=AXIS2_PLACEMENT_3D('',#10058,#8209,#8210);
#6808=AXIS2_PLACEMENT_3D('',#10064,#8214,#8215);
#6809=AXIS2_PLACEMENT_3D('',#10068,#8218,#8219);
#6810=AXIS2_PLACEMENT_3D('',#10071,#8222,#8223);
#6811=AXIS2_PLACEMENT_3D('',#10072,#8224,#8225);
#6812=AXIS2_PLACEMENT_3D('',#10078,#8229,#8230);
#6813=AXIS2_PLACEMENT_3D('',#10082,#8233,#8234);
#6814=AXIS2_PLACEMENT_3D('',#10085,#8236,#8237);
#6815=AXIS2_PLACEMENT_3D('',#10086,#8238,#8239);
#6816=AXIS2_PLACEMENT_3D('',#10088,#8240,#8241);
#6817=AXIS2_PLACEMENT_3D('',#10090,#8243,#8244);
#6818=AXIS2_PLACEMENT_3D('',#10093,#8246,#8247);
#6819=AXIS2_PLACEMENT_3D('',#10094,#8248,#8249);
#6820=AXIS2_PLACEMENT_3D('',#10096,#8250,#8251);
#6821=AXIS2_PLACEMENT_3D('',#10098,#8253,#8254);
#6822=AXIS2_PLACEMENT_3D('',#10101,#8256,#8257);
#6823=AXIS2_PLACEMENT_3D('',#10102,#8258,#8259);
#6824=AXIS2_PLACEMENT_3D('',#10104,#8260,#8261);
#6825=AXIS2_PLACEMENT_3D('',#10106,#8263,#8264);
#6826=AXIS2_PLACEMENT_3D('',#10109,#8266,#8267);
#6827=AXIS2_PLACEMENT_3D('',#10110,#8268,#8269);
#6828=AXIS2_PLACEMENT_3D('',#10112,#8270,#8271);
#6829=AXIS2_PLACEMENT_3D('',#10114,#8273,#8274);
#6830=AXIS2_PLACEMENT_3D('',#10119,#8277,#8278);
#6831=AXIS2_PLACEMENT_3D('',#10120,#8279,#8280);
#6832=AXIS2_PLACEMENT_3D('',#10124,#8283,#8284);
#6833=AXIS2_PLACEMENT_3D('',#10127,#8286,#8287);
#6834=AXIS2_PLACEMENT_3D('',#10128,#8288,#8289);
#6835=AXIS2_PLACEMENT_3D('',#10130,#8291,#8292);
#6836=AXIS2_PLACEMENT_3D('',#10136,#8296,#8297);
#6837=AXIS2_PLACEMENT_3D('',#10139,#8299,#8300);
#6838=AXIS2_PLACEMENT_3D('',#10140,#8301,#8302);
#6839=AXIS2_PLACEMENT_3D('',#10142,#8303,#8304);
#6840=AXIS2_PLACEMENT_3D('',#10144,#8306,#8307);
#6841=AXIS2_PLACEMENT_3D('',#10178,#8315,#8316);
#6842=AXIS2_PLACEMENT_3D('',#10206,#8320,#8321);
#6843=AXIS2_PLACEMENT_3D('',#10209,#8323,#8324);
#6844=AXIS2_PLACEMENT_3D('',#10211,#8325,#8326);
#6845=AXIS2_PLACEMENT_3D('',#10214,#8328,#8329);
#6846=AXIS2_PLACEMENT_3D('',#10216,#8330,#8331);
#6847=AXIS2_PLACEMENT_3D('',#10218,#8332,#8333);
#6848=AXIS2_PLACEMENT_3D('',#10221,#8334,#8335);
#6849=AXIS2_PLACEMENT_3D('',#10225,#8337,#8338);
#6850=AXIS2_PLACEMENT_3D('',#10228,#8340,#8341);
#6851=AXIS2_PLACEMENT_3D('',#10229,#8342,#8343);
#6852=AXIS2_PLACEMENT_3D('',#10231,#8345,#8346);
#6853=AXIS2_PLACEMENT_3D('',#10233,#8348,#8349);
#6854=AXIS2_PLACEMENT_3D('',#10235,#8351,#8352);
#6855=AXIS2_PLACEMENT_3D('',#10239,#8355,#8356);
#6856=AXIS2_PLACEMENT_3D('',#10240,#8357,#8358);
#6857=AXIS2_PLACEMENT_3D('',#10242,#8360,#8361);
#6858=AXIS2_PLACEMENT_3D('',#10244,#8363,#8364);
#6859=AXIS2_PLACEMENT_3D('',#10246,#8366,#8367);
#6860=AXIS2_PLACEMENT_3D('',#10248,#8369,#8370);
#6861=AXIS2_PLACEMENT_3D('',#10252,#8373,#8374);
#6862=AXIS2_PLACEMENT_3D('',#10259,#8378,#8379);
#6863=AXIS2_PLACEMENT_3D('',#10262,#8382,#8383);
#6864=AXIS2_PLACEMENT_3D('',#10265,#8386,#8387);
#6865=AXIS2_PLACEMENT_3D('',#10268,#8390,#8391);
#6866=AXIS2_PLACEMENT_3D('',#10270,#8393,#8394);
#6867=AXIS2_PLACEMENT_3D('',#10271,#8395,#8396);
#6868=AXIS2_PLACEMENT_3D('',#10274,#8399,#8400);
#6869=AXIS2_PLACEMENT_3D('',#10276,#8402,#8403);
#6870=AXIS2_PLACEMENT_3D('',#10282,#8407,#8408);
#6871=AXIS2_PLACEMENT_3D('',#10284,#8410,#8411);
#6872=AXIS2_PLACEMENT_3D('',#10285,#8412,#8413);
#6873=AXIS2_PLACEMENT_3D('',#10287,#8415,#8416);
#6874=AXIS2_PLACEMENT_3D('',#10290,#8418,#8419);
#6875=AXIS2_PLACEMENT_3D('',#10291,#8420,#8421);
#6876=AXIS2_PLACEMENT_3D('',#10295,#8424,#8425);
#6877=AXIS2_PLACEMENT_3D('',#10297,#8427,#8428);
#6878=AXIS2_PLACEMENT_3D('',#10298,#8429,#8430);
#6879=AXIS2_PLACEMENT_3D('',#10300,#8432,#8433);
#6880=AXIS2_PLACEMENT_3D('',#10301,#8434,#8435);
#6881=AXIS2_PLACEMENT_3D('',#10302,#8436,#8437);
#6882=AXIS2_PLACEMENT_3D('',#10304,#8439,#8440);
#6883=AXIS2_PLACEMENT_3D('',#10306,#8442,#8443);
#6884=AXIS2_PLACEMENT_3D('',#10308,#8445,#8446);
#6885=AXIS2_PLACEMENT_3D('',#10314,#8450,#8451);
#6886=AXIS2_PLACEMENT_3D('',#10320,#8455,#8456);
#6887=AXIS2_PLACEMENT_3D('',#10324,#8459,#8460);
#6888=AXIS2_PLACEMENT_3D('',#10328,#8463,#8464);
#6889=AXIS2_PLACEMENT_3D('',#10332,#8467,#8468);
#6890=AXIS2_PLACEMENT_3D('',#10334,#8470,#8471);
#6891=AXIS2_PLACEMENT_3D('',#10338,#8474,#8475);
#6892=AXIS2_PLACEMENT_3D('',#10340,#8477,#8478);
#6893=AXIS2_PLACEMENT_3D('',#10346,#8482,#8483);
#6894=AXIS2_PLACEMENT_3D('',#10352,#8487,#8488);
#6895=AXIS2_PLACEMENT_3D('',#10356,#8491,#8492);
#6896=AXIS2_PLACEMENT_3D('',#10360,#8495,#8496);
#6897=AXIS2_PLACEMENT_3D('',#10364,#8499,#8500);
#6898=AXIS2_PLACEMENT_3D('',#10366,#8502,#8503);
#6899=AXIS2_PLACEMENT_3D('',#10370,#8506,#8507);
#6900=AXIS2_PLACEMENT_3D('',#10372,#8509,#8510);
#6901=AXIS2_PLACEMENT_3D('',#10378,#8514,#8515);
#6902=AXIS2_PLACEMENT_3D('',#10384,#8519,#8520);
#6903=AXIS2_PLACEMENT_3D('',#10388,#8523,#8524);
#6904=AXIS2_PLACEMENT_3D('',#10392,#8527,#8528);
#6905=AXIS2_PLACEMENT_3D('',#10396,#8531,#8532);
#6906=AXIS2_PLACEMENT_3D('',#10398,#8534,#8535);
#6907=AXIS2_PLACEMENT_3D('',#10402,#8538,#8539);
#6908=AXIS2_PLACEMENT_3D('',#10404,#8541,#8542);
#6909=AXIS2_PLACEMENT_3D('',#10410,#8546,#8547);
#6910=AXIS2_PLACEMENT_3D('',#10416,#8551,#8552);
#6911=AXIS2_PLACEMENT_3D('',#10420,#8555,#8556);
#6912=AXIS2_PLACEMENT_3D('',#10424,#8559,#8560);
#6913=AXIS2_PLACEMENT_3D('',#10428,#8563,#8564);
#6914=AXIS2_PLACEMENT_3D('',#10430,#8566,#8567);
#6915=AXIS2_PLACEMENT_3D('',#10434,#8570,#8571);
#6916=AXIS2_PLACEMENT_3D('',#10436,#8573,#8574);
#6917=AXIS2_PLACEMENT_3D('',#10442,#8578,#8579);
#6918=AXIS2_PLACEMENT_3D('',#10448,#8583,#8584);
#6919=AXIS2_PLACEMENT_3D('',#10452,#8587,#8588);
#6920=AXIS2_PLACEMENT_3D('',#10456,#8591,#8592);
#6921=AXIS2_PLACEMENT_3D('',#10460,#8595,#8596);
#6922=AXIS2_PLACEMENT_3D('',#10462,#8598,#8599);
#6923=AXIS2_PLACEMENT_3D('',#10466,#8602,#8603);
#6924=AXIS2_PLACEMENT_3D('',#10532,#8607,#8608);
#6925=AXIS2_PLACEMENT_3D('',#10534,#8609,#8610);
#6926=AXIS2_PLACEMENT_3D('',#10604,#8613,#8614);
#6927=AXIS2_PLACEMENT_3D('',#10606,#8616,#8617);
#6928=AXIS2_PLACEMENT_3D('',#10608,#8619,#8620);
#6929=AXIS2_PLACEMENT_3D('',#10609,#8621,#8622);
#6930=AXIS2_PLACEMENT_3D('',#10610,#8623,#8624);
#6931=AXIS2_PLACEMENT_3D('',#10614,#8627,#8628);
#6932=AXIS2_PLACEMENT_3D('',#10618,#8631,#8632);
#6933=AXIS2_PLACEMENT_3D('',#10620,#8634,#8635);
#6934=AXIS2_PLACEMENT_3D('',#10621,#8636,#8637);
#6935=AXIS2_PLACEMENT_3D('',#10622,#8638,#8639);
#6936=AXIS2_PLACEMENT_3D('',#10624,#8641,#8642);
#6937=AXIS2_PLACEMENT_3D('',#10625,#8643,#8644);
#6938=AXIS2_PLACEMENT_3D('',#10626,#8645,#8646);
#6939=AXIS2_PLACEMENT_3D('',#10627,#8647,#8648);
#6940=AXIS2_PLACEMENT_3D('',#10628,#8649,#8650);
#6941=AXIS2_PLACEMENT_3D('',#10630,#8652,#8653);
#6942=AXIS2_PLACEMENT_3D('',#10632,#8655,#8656);
#6943=AXIS2_PLACEMENT_3D('',#10634,#8658,#8659);
#6944=AXIS2_PLACEMENT_3D('',#10636,#8661,#8662);
#6945=AXIS2_PLACEMENT_3D('',#10637,#8663,#8664);
#6946=AXIS2_PLACEMENT_3D('',#10643,#8668,#8669);
#6947=AXIS2_PLACEMENT_3D('',#10649,#8673,#8674);
#6948=AXIS2_PLACEMENT_3D('',#10651,#8676,#8677);
#6949=AXIS2_PLACEMENT_3D('',#10655,#8679,#8680);
#6950=AXIS2_PLACEMENT_3D('',#10659,#8683,#8684);
#6951=AXIS2_PLACEMENT_3D('',#10662,#8686,#8687);
#6952=AXIS2_PLACEMENT_3D('',#10663,#8688,#8689);
#6953=AXIS2_PLACEMENT_3D('',#10666,#8691,#8692);
#6954=AXIS2_PLACEMENT_3D('',#10668,#8694,#8695);
#6955=AXIS2_PLACEMENT_3D('',#10670,#8697,#8698);
#6956=AXIS2_PLACEMENT_3D('',#10672,#8700,#8701);
#6957=AXIS2_PLACEMENT_3D('',#10673,#8702,#8703);
#6958=AXIS2_PLACEMENT_3D('',#10675,#8705,#8706);
#6959=AXIS2_PLACEMENT_3D('',#10677,#8708,#8709);
#6960=AXIS2_PLACEMENT_3D('',#10678,#8710,#8711);
#6961=AXIS2_PLACEMENT_3D('',#10680,#8713,#8714);
#6962=AXIS2_PLACEMENT_3D('',#10682,#8716,#8717);
#6963=AXIS2_PLACEMENT_3D('',#10684,#8719,#8720);
#6964=AXIS2_PLACEMENT_3D('',#10685,#8721,#8722);
#6965=AXIS2_PLACEMENT_3D('',#10687,#8724,#8725);
#6966=AXIS2_PLACEMENT_3D('',#10688,#8726,#8727);
#6967=AXIS2_PLACEMENT_3D('',#10689,#8728,#8729);
#6968=AXIS2_PLACEMENT_3D('',#10690,#8730,#8731);
#6969=DIRECTION('axis',(0.,0.,1.));
#6970=DIRECTION('refdir',(1.,0.,0.));
#6971=DIRECTION('axis',(0.,0.,1.));
#6972=DIRECTION('refdir',(1.,0.,0.));
#6973=DIRECTION('center_axis',(1.,0.,0.));
#6974=DIRECTION('ref_axis',(0.,-1.,0.));
#6975=DIRECTION('center_axis',(1.,0.,0.));
#6976=DIRECTION('ref_axis',(0.,-1.,0.));
#6977=DIRECTION('center_axis',(1.,0.,0.));
#6978=DIRECTION('ref_axis',(0.,-1.,0.));
#6979=DIRECTION('center_axis',(1.,0.,0.));
#6980=DIRECTION('ref_axis',(0.,-1.,0.));
#6981=DIRECTION('center_axis',(1.,0.,0.));
#6982=DIRECTION('ref_axis',(0.,-1.,0.));
#6983=DIRECTION('',(1.,0.,0.));
#6984=DIRECTION('center_axis',(1.,0.,0.));
#6985=DIRECTION('ref_axis',(0.,-1.,0.));
#6986=DIRECTION('',(1.,0.,0.));
#6987=DIRECTION('center_axis',(-1.,0.,0.));
#6988=DIRECTION('ref_axis',(0.,-1.,0.));
#6989=DIRECTION('center_axis',(-1.,0.,0.));
#6990=DIRECTION('ref_axis',(0.,1.,0.));
#6991=DIRECTION('center_axis',(-1.,0.,0.));
#6992=DIRECTION('ref_axis',(0.,1.,0.));
#6993=DIRECTION('center_axis',(-1.,0.,0.));
#6994=DIRECTION('ref_axis',(0.,1.,0.));
#6995=DIRECTION('center_axis',(-1.,0.,0.));
#6996=DIRECTION('ref_axis',(0.,1.,0.));
#6997=DIRECTION('center_axis',(-1.,0.,0.));
#6998=DIRECTION('ref_axis',(0.,1.,0.));
#6999=DIRECTION('',(-1.,0.,0.));
#7000=DIRECTION('center_axis',(-1.,0.,0.));
#7001=DIRECTION('ref_axis',(0.,1.,0.));
#7002=DIRECTION('',(-1.,0.,0.));
#7003=DIRECTION('center_axis',(1.,1.97372982155583E-16,0.));
#7004=DIRECTION('ref_axis',(0.,1.,0.));
#7005=DIRECTION('center_axis',(0.,0.,-1.));
#7006=DIRECTION('ref_axis',(0.707106781186547,0.707106781186547,0.));
#7007=DIRECTION('',(0.707106781186546,0.,-0.707106781186549));
#7008=DIRECTION('center_axis',(0.,0.,1.));
#7009=DIRECTION('ref_axis',(0.707106781186547,0.707106781186547,0.));
#7010=DIRECTION('',(0.,-0.707106781186546,0.707106781186549));
#7011=DIRECTION('center_axis',(0.,0.,-1.));
#7012=DIRECTION('ref_axis',(0.707106781186548,0.707106781186548,0.));
#7013=DIRECTION('center_axis',(0.707106781186549,0.,0.707106781186546));
#7014=DIRECTION('ref_axis',(0.707106781186546,0.,-0.707106781186549));
#7015=DIRECTION('',(0.,-1.,0.));
#7016=DIRECTION('',(0.707106781186546,0.,-0.707106781186549));
#7017=DIRECTION('',(0.,1.,0.));
#7018=DIRECTION('center_axis',(0.,0.,-1.));
#7019=DIRECTION('ref_axis',(0.707106781186547,-0.707106781186547,0.));
#7020=DIRECTION('',(0.,-0.707106781186546,-0.707106781186549));
#7021=DIRECTION('center_axis',(0.,0.,1.));
#7022=DIRECTION('ref_axis',(0.707106781186547,-0.707106781186547,0.));
#7023=DIRECTION('center_axis',(0.,0.,-1.));
#7024=DIRECTION('ref_axis',(0.707106781186548,-0.707106781186548,0.));
#7025=DIRECTION('center_axis',(0.,-0.707106781186547,0.707106781186548));
#7026=DIRECTION('ref_axis',(1.,0.,0.));
#7027=DIRECTION('',(-1.,0.,0.));
#7028=DIRECTION('',(0.,-0.707106781186548,-0.707106781186547));
#7029=DIRECTION('',(1.,0.,0.));
#7030=DIRECTION('center_axis',(0.,0.,-1.));
#7031=DIRECTION('ref_axis',(-0.707106781186547,-0.707106781186547,0.));
#7032=DIRECTION('',(-0.707106781186543,0.,-0.707106781186552));
#7033=DIRECTION('center_axis',(0.,0.,1.));
#7034=DIRECTION('ref_axis',(-0.707106781186547,-0.707106781186547,0.));
#7035=DIRECTION('center_axis',(0.,0.,-1.));
#7036=DIRECTION('ref_axis',(-0.707106781186548,-0.707106781186548,0.));
#7037=DIRECTION('center_axis',(-0.707106781186549,0.,0.707106781186546));
#7038=DIRECTION('ref_axis',(0.707106781186546,0.,0.707106781186549));
#7039=DIRECTION('',(0.,1.,0.));
#7040=DIRECTION('',(-0.707106781186546,0.,-0.707106781186549));
#7041=DIRECTION('',(0.,-1.,0.));
#7042=DIRECTION('center_axis',(0.,0.,-1.));
#7043=DIRECTION('ref_axis',(-0.707106781186547,0.707106781186547,0.));
#7044=DIRECTION('',(0.,0.707106781186546,-0.707106781186549));
#7045=DIRECTION('center_axis',(0.,0.,1.));
#7046=DIRECTION('ref_axis',(-0.707106781186547,0.707106781186547,0.));
#7047=DIRECTION('center_axis',(0.,0.,-1.));
#7048=DIRECTION('ref_axis',(-0.707106781186548,0.707106781186548,0.));
#7049=DIRECTION('center_axis',(0.,0.707106781186547,0.707106781186548));
#7050=DIRECTION('ref_axis',(1.,0.,0.));
#7051=DIRECTION('',(1.,0.,0.));
#7052=DIRECTION('',(-1.,0.,0.));
#7053=DIRECTION('center_axis',(-1.,0.,0.));
#7054=DIRECTION('ref_axis',(0.,-1.,0.));
#7055=DIRECTION('',(0.,0.,1.));
#7056=DIRECTION('',(0.,1.,0.));
#7057=DIRECTION('',(0.,0.447213595499955,0.894427190999917));
#7058=DIRECTION('',(0.,-1.,-2.22044604925031E-15));
#7059=DIRECTION('',(0.,-0.447213595499959,0.894427190999915));
#7060=DIRECTION('',(0.,1.,0.));
#7061=DIRECTION('',(0.,0.,-1.));
#7062=DIRECTION('center_axis',(0.,0.,1.));
#7063=DIRECTION('ref_axis',(-0.707106781186547,0.707106781186547,0.));
#7064=DIRECTION('',(0.,0.,-1.));
#7065=DIRECTION('center_axis',(0.,0.,-1.));
#7066=DIRECTION('ref_axis',(-1.,-8.88178419700127E-16,0.));
#7067=DIRECTION('center_axis',(0.,1.,0.));
#7068=DIRECTION('ref_axis',(-1.,0.,0.));
#7069=DIRECTION('',(0.,0.,1.));
#7070=DIRECTION('',(1.,0.,0.));
#7071=DIRECTION('center_axis',(0.,0.,1.));
#7072=DIRECTION('ref_axis',(0.707106781186547,0.707106781186547,0.));
#7073=DIRECTION('',(0.,0.,-1.));
#7074=DIRECTION('center_axis',(0.,0.,-1.));
#7075=DIRECTION('ref_axis',(0.,1.,0.));
#7076=DIRECTION('center_axis',(0.,0.,1.));
#7077=DIRECTION('ref_axis',(1.,0.,0.));
#7078=DIRECTION('',(-2.91433543964103E-16,-1.,0.));
#7079=DIRECTION('',(-1.,2.91433543964103E-16,0.));
#7080=DIRECTION('',(2.91433543964103E-16,1.,0.));
#7081=DIRECTION('',(1.,-2.91433543964103E-16,0.));
#7082=DIRECTION('center_axis',(0.,0.,1.));
#7083=DIRECTION('ref_axis',(-1.,0.,0.));
#7084=DIRECTION('center_axis',(0.,0.,1.));
#7085=DIRECTION('ref_axis',(-1.,0.,0.));
#7086=DIRECTION('center_axis',(0.,0.,1.));
#7087=DIRECTION('ref_axis',(1.,0.,0.));
#7088=DIRECTION('center_axis',(0.707106781186547,-2.06074635202245E-16,
0.707106781186548));
#7089=DIRECTION('ref_axis',(0.707106781186548,0.,-0.707106781186547));
#7090=DIRECTION('',(2.91433543964103E-16,1.,0.));
#7091=DIRECTION('',(-0.577350269189632,0.577350269189619,0.577350269189626));
#7092=DIRECTION('',(0.577350269189626,0.57735026918963,-0.577350269189621));
#7093=DIRECTION('center_axis',(-2.06074635202247E-16,-0.707106781186552,
0.707106781186543));
#7094=DIRECTION('ref_axis',(1.,0.,2.91433543964107E-16));
#7095=DIRECTION('',(1.,-2.91433543964103E-16,0.));
#7096=DIRECTION('',(0.577350269189633,0.577350269189616,0.577350269189628));
#7097=DIRECTION('center_axis',(-0.707106781186547,2.06074635202245E-16,
0.707106781186548));
#7098=DIRECTION('ref_axis',(0.707106781186548,0.,0.707106781186547));
#7099=DIRECTION('',(-2.91433543964103E-16,-1.,0.));
#7100=DIRECTION('',(0.577350269189623,-0.577350269189632,0.577350269189622));
#7101=DIRECTION('center_axis',(2.06074635202244E-16,0.707106781186542,0.707106781186553));
#7102=DIRECTION('ref_axis',(1.,0.,-2.91433543964099E-16));
#7103=DIRECTION('',(-1.,2.91433543964103E-16,0.));
#7104=DIRECTION('center_axis',(2.91433543964103E-16,1.,0.));
#7105=DIRECTION('ref_axis',(-1.,2.91433543964103E-16,0.));
#7106=DIRECTION('',(0.,0.,1.));
#7107=DIRECTION('',(-1.,2.91433543964103E-16,0.));
#7108=DIRECTION('',(0.,0.,1.));
#7109=DIRECTION('center_axis',(-1.,2.91433543964103E-16,0.));
#7110=DIRECTION('ref_axis',(-2.91433543964103E-16,-1.,0.));
#7111=DIRECTION('',(0.,0.,1.));
#7112=DIRECTION('',(-2.91433543964103E-16,-1.,0.));
#7113=DIRECTION('center_axis',(0.,0.,1.));
#7114=DIRECTION('ref_axis',(1.,0.,0.));
#7115=DIRECTION('',(0.707106781186548,8.65956056235493E-17,-0.707106781186548));
#7116=DIRECTION('center_axis',(0.,0.,-1.));
#7117=DIRECTION('ref_axis',(1.,0.,0.));
#7118=DIRECTION('center_axis',(0.,0.,1.));
#7119=DIRECTION('ref_axis',(1.,0.,0.));
#7120=DIRECTION('center_axis',(0.,0.,1.));
#7121=DIRECTION('ref_axis',(1.,0.,0.));
#7122=DIRECTION('',(0.,0.,1.));
#7123=DIRECTION('center_axis',(0.707106781186547,0.,-0.707106781186548));
#7124=DIRECTION('ref_axis',(-0.707106781186548,0.,-0.707106781186547));
#7125=DIRECTION('',(0.,-1.,0.));
#7126=DIRECTION('',(-0.707106781186548,0.,-0.707106781186547));
#7127=DIRECTION('',(0.,1.,0.));
#7128=DIRECTION('',(0.6479361632943,0.400446571456073,0.6479361632943));
#7129=DIRECTION('center_axis',(0.707106781186543,-0.632455532033679,-0.316227766016841));
#7130=DIRECTION('ref_axis',(-0.408248290463868,0.,-0.912870929175275));
#7131=DIRECTION('',(0.,0.447213595499959,-0.894427190999915));
#7132=DIRECTION('',(0.647936163294301,0.400446571456072,0.647936163294301));
#7133=DIRECTION('',(0.,-0.447213595499959,0.894427190999915));
#7134=DIRECTION('center_axis',(-0.707106781186548,-0.632455532033675,-0.316227766016839));
#7135=DIRECTION('ref_axis',(-0.408248290463864,0.,0.912870929175276));
#7136=DIRECTION('',(-8.82678810043478E-17,0.447213595499959,-0.894427190999915));
#7137=DIRECTION('',(0.647936163294299,-0.400446571456078,-0.647936163294299));
#7138=DIRECTION('',(8.82678810043478E-17,-0.447213595499959,0.894427190999915));
#7139=DIRECTION('',(0.647936163294299,-0.40044657145608,-0.647936163294297));
#7140=DIRECTION('center_axis',(-0.70710678118654,-1.39563774105223E-16,
-0.707106781186555));
#7141=DIRECTION('ref_axis',(-0.707106781186555,0.,0.70710678118654));
#7142=DIRECTION('',(-1.97372982155583E-16,1.,0.));
#7143=DIRECTION('',(0.647936163294308,0.400446571456071,-0.647936163294294));
#7144=DIRECTION('',(1.97372982155583E-16,-1.,0.));
#7145=DIRECTION('center_axis',(-0.707106781186547,-1.39563774105224E-16,
-0.707106781186548));
#7146=DIRECTION('ref_axis',(-0.707106781186548,0.,0.707106781186547));
#7147=DIRECTION('',(-1.97372982155583E-16,1.,0.));
#7148=DIRECTION('',(0.70710678118654,0.,-0.707106781186555));
#7149=DIRECTION('',(1.97372982155583E-16,-1.,0.));
#7150=DIRECTION('',(-0.6479361632943,-0.400446571456077,0.647936163294298));
#7151=DIRECTION('center_axis',(0.,0.,-1.));
#7152=DIRECTION('ref_axis',(0.,1.,0.));
#7153=DIRECTION('',(0.,0.707106781186548,-0.707106781186547));
#7154=DIRECTION('center_axis',(0.,0.,-1.));
#7155=DIRECTION('ref_axis',(0.,1.,0.));
#7156=DIRECTION('center_axis',(0.,0.,1.));
#7157=DIRECTION('ref_axis',(0.,1.,0.));
#7158=DIRECTION('center_axis',(6.09744644149039E-17,-0.707106781186547,
-0.707106781186548));
#7159=DIRECTION('ref_axis',(-1.,0.,-8.62309145339927E-17));
#7160=DIRECTION('',(0.,0.707106781186544,-0.707106781186551));
#7161=DIRECTION('',(1.,8.62309145339927E-17,0.));
#7162=DIRECTION('',(-1.,-8.62309145339927E-17,0.));
#7163=DIRECTION('center_axis',(0.,0.,-1.));
#7164=DIRECTION('ref_axis',(-1.,-1.0449157878825E-15,0.));
#7165=DIRECTION('',(-0.707106781186548,0.,-0.707106781186547));
#7166=DIRECTION('center_axis',(0.,0.,-1.));
#7167=DIRECTION('ref_axis',(-1.,-1.0449157878825E-15,0.));
#7168=DIRECTION('center_axis',(0.,0.,1.));
#7169=DIRECTION('ref_axis',(-1.,-1.0449157878825E-15,0.));
#7170=DIRECTION('center_axis',(0.707106781186547,0.,-0.707106781186548));
#7171=DIRECTION('ref_axis',(-0.707106781186548,0.,-0.707106781186547));
#7172=DIRECTION('',(0.,1.,0.));
#7173=DIRECTION('',(0.,-1.,0.));
#7174=DIRECTION('',(-0.647936163294298,0.400446571456081,-0.647936163294298));
#7175=DIRECTION('center_axis',(-0.707106781186537,0.632455532033686,-0.316227766016841));
#7176=DIRECTION('ref_axis',(-0.408248290463871,0.,0.912870929175273));
#7177=DIRECTION('',(-8.8267881004347E-17,0.447213595499955,0.894427190999917));
#7178=DIRECTION('',(8.8267881004347E-17,-0.447213595499955,-0.894427190999917));
#7179=DIRECTION('center_axis',(0.707106781186549,0.632455532033676,-0.316227766016836));
#7180=DIRECTION('ref_axis',(-0.40824829046386,0.,-0.912870929175278));
#7181=DIRECTION('',(0.,0.447213595499955,0.894427190999917));
#7182=DIRECTION('',(0.,-0.447213595499955,-0.894427190999917));
#7183=DIRECTION('',(-0.647936163294289,0.400446571456061,-0.647936163294318));
#7184=DIRECTION('center_axis',(0.707106781186548,1.57009245868378E-15,-0.707106781186548));
#7185=DIRECTION('ref_axis',(-0.707106781186548,0.,-0.707106781186548));
#7186=DIRECTION('',(0.,1.,2.22044604925031E-15));
#7187=DIRECTION('',(0.,-1.,-2.22044604925031E-15));
#7188=DIRECTION('center_axis',(0.,0.,-1.));
#7189=DIRECTION('ref_axis',(0.,-1.,0.));
#7190=DIRECTION('',(0.,-0.707106781186548,-0.707106781186547));
#7191=DIRECTION('center_axis',(0.,0.,-1.));
#7192=DIRECTION('ref_axis',(0.,-1.,0.));
#7193=DIRECTION('center_axis',(0.,0.,1.));
#7194=DIRECTION('ref_axis',(0.,-1.,0.));
#7195=DIRECTION('center_axis',(0.,0.707106781186547,-0.707106781186548));
#7196=DIRECTION('ref_axis',(-1.,0.,0.));
#7197=DIRECTION('',(0.,-0.707106781186548,-0.707106781186547));
#7198=DIRECTION('',(-1.,0.,0.));
#7199=DIRECTION('',(1.,0.,0.));
#7200=DIRECTION('center_axis',(0.,0.,-1.));
#7201=DIRECTION('ref_axis',(1.,1.0449157878825E-15,0.));
#7202=DIRECTION('',(0.707106781186548,0.,-0.707106781186547));
#7203=DIRECTION('center_axis',(0.,0.,-1.));
#7204=DIRECTION('ref_axis',(1.,1.0449157878825E-15,0.));
#7205=DIRECTION('center_axis',(0.,0.,1.));
#7206=DIRECTION('ref_axis',(1.,1.0449157878825E-15,0.));
#7207=DIRECTION('center_axis',(-0.707106781186547,-1.39563774105224E-16,
-0.707106781186548));
#7208=DIRECTION('ref_axis',(-0.707106781186548,0.,0.707106781186547));
#7209=DIRECTION('',(1.97372982155583E-16,-1.,0.));
#7210=DIRECTION('',(-1.97372982155583E-16,1.,0.));
#7211=DIRECTION('center_axis',(0.,0.,-1.));
#7212=DIRECTION('ref_axis',(1.,0.,0.));
#7213=DIRECTION('',(1.,0.,0.));
#7214=DIRECTION('',(1.97372982155583E-16,-1.,0.));
#7215=DIRECTION('center_axis',(0.,0.,-1.));
#7216=DIRECTION('ref_axis',(1.,8.88178419700126E-16,0.));
#7217=DIRECTION('',(-1.,0.,0.));
#7218=DIRECTION('center_axis',(0.,0.,-1.));
#7219=DIRECTION('ref_axis',(0.,-1.,0.));
#7220=DIRECTION('',(1.,0.,0.));
#7221=DIRECTION('center_axis',(0.,-0.894427190999915,-0.447213595499959));
#7222=DIRECTION('ref_axis',(0.,-0.447213595499959,0.894427190999915));
#7223=DIRECTION('',(-1.,0.,0.));
#7224=DIRECTION('',(0.,-0.447213595499959,0.894427190999915));
#7225=DIRECTION('center_axis',(0.,0.,-1.));
#7226=DIRECTION('ref_axis',(0.,-1.,0.));
#7227=DIRECTION('',(-1.,0.,0.));
#7228=DIRECTION('',(0.,-1.,0.));
#7229=DIRECTION('center_axis',(0.,0.894427190999917,-0.447213595499955));
#7230=DIRECTION('ref_axis',(0.,-0.447213595499955,-0.894427190999917));
#7231=DIRECTION('',(-1.,0.,0.));
#7232=DIRECTION('',(0.,-0.447213595499955,-0.894427190999917));
#7233=DIRECTION('center_axis',(1.,0.,0.));
#7234=DIRECTION('ref_axis',(0.,-1.,0.));
#7235=DIRECTION('',(0.,0.,-1.));
#7236=DIRECTION('',(0.,1.,0.));
#7237=DIRECTION('',(0.,0.,-1.));
#7238=DIRECTION('center_axis',(0.,0.,-1.));
#7239=DIRECTION('ref_axis',(-1.,-1.0449157878825E-15,0.));
#7240=DIRECTION('',(0.,0.,-1.));
#7241=DIRECTION('center_axis',(0.,0.,-1.));
#7242=DIRECTION('ref_axis',(-1.,-1.0449157878825E-15,0.));
#7243=DIRECTION('center_axis',(8.62309145339927E-17,-1.,0.));
#7244=DIRECTION('ref_axis',(-1.,-8.62309145339927E-17,0.));
#7245=DIRECTION('',(0.,0.,-1.));
#7246=DIRECTION('',(1.,8.62309145339927E-17,0.));
#7247=DIRECTION('center_axis',(0.,0.,-1.));
#7248=DIRECTION('ref_axis',(0.,1.,0.));
#7249=DIRECTION('',(0.,0.,-1.));
#7250=DIRECTION('center_axis',(0.,0.,-1.));
#7251=DIRECTION('ref_axis',(0.,1.,0.));
#7252=DIRECTION('center_axis',(0.,0.,-1.));
#7253=DIRECTION('ref_axis',(1.,0.,0.));
#7254=DIRECTION('center_axis',(0.,0.,1.));
#7255=DIRECTION('ref_axis',(1.,0.,0.));
#7256=DIRECTION('center_axis',(0.,0.,1.));
#7257=DIRECTION('ref_axis',(1.,0.,0.));
#7258=DIRECTION('',(-0.707106781186548,-8.65956056235494E-17,-0.707106781186547));
#7259=DIRECTION('center_axis',(0.,0.,-1.));
#7260=DIRECTION('ref_axis',(1.,0.,0.));
#7261=DIRECTION('center_axis',(0.,0.,-1.));
#7262=DIRECTION('ref_axis',(-1.,0.,0.));
#7263=DIRECTION('center_axis',(0.,0.,-1.));
#7264=DIRECTION('ref_axis',(-1.,0.,0.));
#7265=DIRECTION('',(0.,0.,-1.));
#7266=DIRECTION('center_axis',(0.,0.,-1.));
#7267=DIRECTION('ref_axis',(1.,0.,0.));
#7268=DIRECTION('',(-0.81915204428899,0.573576436351048,0.));
#7269=DIRECTION('',(0.0871557427476615,0.996194698091745,0.));
#7270=DIRECTION('',(0.906307787036651,0.422618261740696,0.));
#7271=DIRECTION('',(-0.0871557427476473,-0.996194698091746,0.));
#7272=DIRECTION('',(-0.819152044288991,0.573576436351047,0.));
#7273=DIRECTION('',(0.087155742747659,0.996194698091746,0.));
#7274=DIRECTION('',(0.906307787036651,0.422618261740698,0.));
#7275=DIRECTION('',(0.819152044288991,-0.573576436351047,0.));
#7276=DIRECTION('',(-0.087155742747659,-0.996194698091746,0.));
#7277=DIRECTION('',(-0.90630778703665,-0.422618261740699,0.));
#7278=DIRECTION('',(0.0871557427476473,0.996194698091746,0.));
#7279=DIRECTION('',(0.81915204428899,-0.573576436351049,0.));
#7280=DIRECTION('',(-0.0871557427476609,-0.996194698091745,0.));
#7281=DIRECTION('',(-0.906307787036651,-0.422618261740697,0.));
#7282=DIRECTION('center_axis',(0.,0.,-1.));
#7283=DIRECTION('ref_axis',(1.,0.,0.));
#7284=DIRECTION('center_axis',(0.,0.,1.));
#7285=DIRECTION('ref_axis',(-1.,0.,0.));
#7286=DIRECTION('',(-0.707106781186547,-8.65956056235493E-17,-0.707106781186547));
#7287=DIRECTION('center_axis',(0.,0.,1.));
#7288=DIRECTION('ref_axis',(-1.,0.,0.));
#7289=DIRECTION('',(-0.707106781186547,-8.65956056235493E-17,-0.707106781186547));
#7290=DIRECTION('center_axis',(0.,0.,-1.));
#7291=DIRECTION('ref_axis',(-1.,0.,0.));
#7292=DIRECTION('center_axis',(0.,0.,-1.));
#7293=DIRECTION('ref_axis',(-1.,0.,0.));
#7294=DIRECTION('',(0.,0.,-1.));
#7295=DIRECTION('center_axis',(0.,0.,1.));
#7296=DIRECTION('ref_axis',(1.,0.,0.));
#7297=DIRECTION('center_axis',(0.,0.,1.));
#7298=DIRECTION('ref_axis',(1.,0.,0.));
#7299=DIRECTION('center_axis',(0.,0.,-1.));
#7300=DIRECTION('ref_axis',(1.,0.,0.));
#7301=DIRECTION('',(-0.707106781186548,-8.65956056235494E-17,-0.707106781186547));
#7302=DIRECTION('center_axis',(-0.658894322885226,0.0576457837140395,-0.750023489558569));
#7303=DIRECTION('ref_axis',(-0.751272781675413,0.,0.659991823823362));
#7304=DIRECTION('',(-0.0871557427476473,-0.996194698091746,0.));
#7305=DIRECTION('',(-0.682019098323868,0.374849812890581,0.627963030199545));
#7306=DIRECTION('',(0.736749682638977,0.250723628391833,-0.62796303019955));
#7307=DIRECTION('center_axis',(-0.405579787672638,-0.579227965339567,-0.70710678118655));
#7308=DIRECTION('ref_axis',(-0.867439421552549,0.,0.497542812164521));
#7309=DIRECTION('',(-0.819152044288991,0.573576436351047,0.));
#7310=DIRECTION('',(0.819152044288991,-0.573576436351047,0.));
#7311=DIRECTION('',(-0.68510429022293,-0.319469377165806,0.654653670707976));
#7312=DIRECTION('center_axis',(-0.704416026402755,0.0616284167162196,-0.707106781186551));
#7313=DIRECTION('ref_axis',(-0.708453436019952,0.,0.705757556807948));
#7314=DIRECTION('',(-0.087155742747659,-0.996194698091746,0.));
#7315=DIRECTION('',(-0.619220741468238,0.433583030991876,0.654653670707973));
#7316=DIRECTION('',(0.087155742747659,0.996194698091746,0.));
#7317=DIRECTION('center_axis',(-0.298836238730117,0.640856382055784,-0.707106781186553));
#7318=DIRECTION('ref_axis',(-0.921118787038769,0.,0.389281620635019));
#7319=DIRECTION('',(-0.906307787036651,-0.422618261740698,0.));
#7320=DIRECTION('',(0.065883548754674,0.753052408157673,0.654653670707971));
#7321=DIRECTION('',(0.906307787036651,0.422618261740698,0.));
#7322=DIRECTION('center_axis',(-0.704416026402755,0.0616284167162214,-0.707106781186552));
#7323=DIRECTION('ref_axis',(-0.708453436019952,0.,0.705757556807948));
#7324=DIRECTION('',(0.0871557427476615,0.996194698091745,0.));
#7325=DIRECTION('',(0.685104290222931,0.319469377165802,-0.654653670707977));
#7326=DIRECTION('',(-0.0871557427476615,-0.996194698091745,0.));
#7327=DIRECTION('',(-0.619220741468239,0.433583030991873,0.654653670707974));
#7328=DIRECTION('center_axis',(0.405579787672639,0.579227965339567,-0.707106781186549));
#7329=DIRECTION('ref_axis',(-0.867439421552548,0.,-0.497542812164522));
#7330=DIRECTION('',(-0.819152044288991,0.573576436351047,0.));
#7331=DIRECTION('',(0.685104290222929,0.319469377165809,0.654653670707976));
#7332=DIRECTION('',(0.819152044288991,-0.573576436351047,0.));
#7333=DIRECTION('center_axis',(0.704416026402763,-0.0616284167162203,-0.707106781186544));
#7334=DIRECTION('ref_axis',(-0.708453436019944,0.,-0.705757556807956));
#7335=DIRECTION('',(0.087155742747659,0.996194698091746,0.));
#7336=DIRECTION('',(0.61922074146823,-0.433583030991878,0.65465367070798));
#7337=DIRECTION('',(-0.087155742747659,-0.996194698091746,0.));
#7338=DIRECTION('center_axis',(0.658894322885236,-0.0576457837140551,-0.75002348955856));
#7339=DIRECTION('ref_axis',(-0.751272781675404,0.,-0.659991823823372));
#7340=DIRECTION('',(0.0871557427476473,0.996194698091747,0.));
#7341=DIRECTION('',(0.682019098323853,-0.374849812890588,0.627963030199557));
#7342=DIRECTION('',(-0.736749682638971,-0.250723628391835,-0.627963030199556));
#7343=DIRECTION('center_axis',(0.298836238730119,-0.640856382055788,-0.707106781186548));
#7344=DIRECTION('ref_axis',(-0.921118787038767,0.,-0.389281620635024));
#7345=DIRECTION('',(0.90630778703665,0.422618261740699,0.));
#7346=DIRECTION('',(-0.90630778703665,-0.422618261740699,0.));
#7347=DIRECTION('center_axis',(0.405579787672643,0.57922796533957,-0.707106781186545));
#7348=DIRECTION('ref_axis',(-0.867439421552545,0.,-0.497542812164528));
#7349=DIRECTION('',(0.81915204428899,-0.573576436351049,0.));
#7350=DIRECTION('',(-0.81915204428899,0.573576436351049,0.));
#7351=DIRECTION('',(0.685104290222923,0.319469377165806,0.654653670707984));
#7352=DIRECTION('center_axis',(0.704416026402762,-0.0616284167162216,-0.707106781186544));
#7353=DIRECTION('ref_axis',(-0.708453436019944,0.,-0.705757556807956));
#7354=DIRECTION('',(-0.0871557427476609,-0.996194698091745,0.));
#7355=DIRECTION('',(0.0871557427476609,0.996194698091745,0.));
#7356=DIRECTION('',(0.619220741468229,-0.43358303099188,0.654653670707979));
#7357=DIRECTION('center_axis',(0.996194698091747,-0.0871557427476473,0.));
#7358=DIRECTION('ref_axis',(0.,0.,-1.));
#7359=DIRECTION('',(0.,0.,-1.));
#7360=DIRECTION('',(0.,0.,1.));
#7361=DIRECTION('center_axis',(0.298836238730118,-0.640856382055789,-0.707106781186547));
#7362=DIRECTION('ref_axis',(-0.921118787038767,0.,-0.389281620635023));
#7363=DIRECTION('',(-0.906307787036651,-0.422618261740697,0.));
#7364=DIRECTION('',(0.906307787036651,0.422618261740697,0.));
#7365=DIRECTION('',(-0.0658835487547033,-0.753052408157668,0.654653670707973));
#7366=DIRECTION('center_axis',(-0.405579787672639,-0.579227965339566,-0.70710678118655));
#7367=DIRECTION('ref_axis',(-0.867439421552548,0.,0.497542812164522));
#7368=DIRECTION('',(-0.81915204428899,0.573576436351048,0.));
#7369=DIRECTION('',(0.81915204428899,-0.573576436351048,0.));
#7370=DIRECTION('center_axis',(-0.298836238730115,0.640856382055784,-0.707106781186554));
#7371=DIRECTION('ref_axis',(-0.92111878703877,0.,0.389281620635017));
#7372=DIRECTION('',(-0.906307787036651,-0.422618261740696,0.));
#7373=DIRECTION('',(0.906307787036651,0.422618261740696,0.));
#7374=DIRECTION('center_axis',(-0.996194698091747,0.0871557427476474,0.));
#7375=DIRECTION('ref_axis',(0.,0.,1.));
#7376=DIRECTION('',(0.,0.,-1.));
#7377=DIRECTION('',(0.,0.,1.));
#7378=DIRECTION('center_axis',(-0.573576436351049,-0.81915204428899,0.));
#7379=DIRECTION('ref_axis',(0.81915204428899,-0.573576436351049,0.));
#7380=DIRECTION('',(0.,0.,1.));
#7381=DIRECTION('center_axis',(-0.996194698091745,0.0871557427476609,0.));
#7382=DIRECTION('ref_axis',(-0.0871557427476609,-0.996194698091745,0.));
#7383=DIRECTION('',(0.,0.,1.));
#7384=DIRECTION('center_axis',(-0.422618261740697,0.906307787036651,0.));
#7385=DIRECTION('ref_axis',(-0.906307787036651,-0.422618261740697,0.));
#7386=DIRECTION('',(0.,0.,1.));
#7387=DIRECTION('center_axis',(0.573576436351049,0.81915204428899,0.));
#7388=DIRECTION('ref_axis',(-0.81915204428899,0.573576436351048,0.));
#7389=DIRECTION('',(0.,0.,1.));
#7390=DIRECTION('center_axis',(0.996194698091745,-0.0871557427476615,0.));
#7391=DIRECTION('ref_axis',(0.0871557427476615,0.996194698091745,0.));
#7392=DIRECTION('',(0.,0.,1.));
#7393=DIRECTION('center_axis',(0.422618261740697,-0.906307787036651,0.));
#7394=DIRECTION('ref_axis',(0.906307787036651,0.422618261740696,0.));
#7395=DIRECTION('center_axis',(0.,0.,1.));
#7396=DIRECTION('ref_axis',(1.,0.,0.));
#7397=DIRECTION('',(1.97372982155583E-16,-1.,0.));
#7398=DIRECTION('center_axis',(0.,0.,-1.));
#7399=DIRECTION('ref_axis',(1.,1.0449157878825E-15,0.));
#7400=DIRECTION('',(-1.,0.,0.));
#7401=DIRECTION('center_axis',(0.,0.,-1.));
#7402=DIRECTION('ref_axis',(0.,-1.,0.));
#7403=DIRECTION('center_axis',(0.,0.,-1.));
#7404=DIRECTION('ref_axis',(1.,0.,0.));
#7405=DIRECTION('center_axis',(0.,0.,-1.));
#7406=DIRECTION('ref_axis',(1.,0.,0.));
#7407=DIRECTION('center_axis',(0.,0.,-1.));
#7408=DIRECTION('ref_axis',(1.,0.,0.));
#7409=DIRECTION('center_axis',(0.,0.,-1.));
#7410=DIRECTION('ref_axis',(1.,0.,0.));
#7411=DIRECTION('',(2.91433543964103E-16,1.,0.));
#7412=DIRECTION('',(-1.,2.91433543964103E-16,0.));
#7413=DIRECTION('',(-2.91433543964103E-16,-1.,0.));
#7414=DIRECTION('',(1.,-2.91433543964103E-16,0.));
#7415=DIRECTION('',(-2.91433543964103E-16,-1.,0.));
#7416=DIRECTION('',(1.,-2.91433543964103E-16,0.));
#7417=DIRECTION('',(2.91433543964103E-16,1.,0.));
#7418=DIRECTION('',(-1.,2.91433543964103E-16,0.));
#7419=DIRECTION('center_axis',(0.,0.,-1.));
#7420=DIRECTION('ref_axis',(1.,0.,0.));
#7421=DIRECTION('',(0.707106781186548,-8.65956056235494E-17,0.707106781186547));
#7422=DIRECTION('center_axis',(0.,0.,1.));
#7423=DIRECTION('ref_axis',(1.,0.,0.));
#7424=DIRECTION('center_axis',(0.,0.,1.));
#7425=DIRECTION('ref_axis',(1.,0.,0.));
#7426=DIRECTION('',(0.,0.,1.));
#7427=DIRECTION('center_axis',(0.,0.,1.));
#7428=DIRECTION('ref_axis',(1.,0.,0.));
#7429=DIRECTION('center_axis',(0.,0.,-1.));
#7430=DIRECTION('ref_axis',(1.,0.,0.));
#7431=DIRECTION('center_axis',(0.,0.,-1.));
#7432=DIRECTION('ref_axis',(1.,0.,0.));
#7433=DIRECTION('',(0.707106781186548,-8.65956056235494E-17,0.707106781186547));
#7434=DIRECTION('center_axis',(0.,0.,1.));
#7435=DIRECTION('ref_axis',(-1.,2.91433543964103E-16,0.));
#7436=DIRECTION('',(-1.,2.91433543964103E-16,0.));
#7437=DIRECTION('',(2.91433543964103E-16,1.,0.));
#7438=DIRECTION('',(1.,-2.91433543964103E-16,0.));
#7439=DIRECTION('',(-2.91433543964103E-16,-1.,0.));
#7440=DIRECTION('center_axis',(-0.707106781186547,2.06074635202245E-16,
-0.707106781186548));
#7441=DIRECTION('ref_axis',(-0.707106781186548,0.,0.707106781186547));
#7442=DIRECTION('',(-0.577350269189626,0.577350269189626,0.577350269189626));
#7443=DIRECTION('',(2.91433543964103E-16,1.,0.));
#7444=DIRECTION('',(0.577350269189626,0.577350269189626,-0.577350269189626));
#7445=DIRECTION('center_axis',(2.06074635202245E-16,0.707106781186547,-0.707106781186548));
#7446=DIRECTION('ref_axis',(-1.,0.,-2.91433543964103E-16));
#7447=DIRECTION('',(0.577350269189626,0.577350269189625,0.577350269189626));
#7448=DIRECTION('',(1.,-2.91433543964103E-16,0.));
#7449=DIRECTION('center_axis',(0.707106781186551,-2.06074635202246E-16,
-0.707106781186544));
#7450=DIRECTION('ref_axis',(-0.707106781186544,0.,-0.707106781186551));
#7451=DIRECTION('',(-2.91433543964103E-16,-1.,0.));
#7452=DIRECTION('',(0.577350269189621,-0.57735026918963,0.577350269189627));
#7453=DIRECTION('center_axis',(-2.06074635202245E-16,-0.707106781186547,
-0.707106781186548));
#7454=DIRECTION('ref_axis',(-1.,0.,2.91433543964103E-16));
#7455=DIRECTION('',(-1.,2.91433543964103E-16,0.));
#7456=DIRECTION('center_axis',(2.91433543964103E-16,1.,0.));
#7457=DIRECTION('ref_axis',(-1.,2.91433543964103E-16,0.));
#7458=DIRECTION('',(0.,0.,1.));
#7459=DIRECTION('',(0.,0.,1.));
#7460=DIRECTION('center_axis',(1.,-2.91433543964103E-16,0.));
#7461=DIRECTION('ref_axis',(2.91433543964103E-16,1.,0.));
#7462=DIRECTION('',(0.,0.,1.));
#7463=DIRECTION('center_axis',(0.,0.,-1.));
#7464=DIRECTION('ref_axis',(1.,0.,0.));
#7465=DIRECTION('',(0.707106781186548,-8.65956056235494E-17,0.707106781186547));
#7466=DIRECTION('center_axis',(0.,0.,1.));
#7467=DIRECTION('ref_axis',(1.,0.,0.));
#7468=DIRECTION('center_axis',(0.,0.,1.));
#7469=DIRECTION('ref_axis',(1.,0.,0.));
#7470=DIRECTION('',(0.,0.,1.));
#7471=DIRECTION('center_axis',(0.,0.,1.));
#7472=DIRECTION('ref_axis',(1.,0.,0.));
#7473=DIRECTION('center_axis',(-0.707106781186547,2.06074635202245E-16,
-0.707106781186548));
#7474=DIRECTION('ref_axis',(-0.707106781186548,0.,0.707106781186547));
#7475=DIRECTION('',(-0.577350269189624,0.577350269189624,0.57735026918963));
#7476=DIRECTION('',(2.91433543964103E-16,1.,0.));
#7477=DIRECTION('',(0.577350269189628,0.577350269189628,-0.577350269189621));
#7478=DIRECTION('center_axis',(0.707106781186547,-2.06074635202245E-16,
-0.707106781186548));
#7479=DIRECTION('ref_axis',(-0.707106781186548,0.,-0.707106781186547));
#7480=DIRECTION('',(0.577350269189628,-0.577350269189628,0.577350269189621));
#7481=DIRECTION('',(-2.91433543964103E-16,-1.,0.));
#7482=DIRECTION('',(-0.577350269189628,-0.577350269189622,-0.577350269189628));
#7483=DIRECTION('center_axis',(-2.06074635202245E-16,-0.707106781186547,
-0.707106781186548));
#7484=DIRECTION('ref_axis',(-1.,0.,2.91433543964103E-16));
#7485=DIRECTION('',(-1.,2.91433543964103E-16,0.));
#7486=DIRECTION('center_axis',(2.06074635202246E-16,0.707106781186551,-0.707106781186544));
#7487=DIRECTION('ref_axis',(-1.,0.,-2.91433543964106E-16));
#7488=DIRECTION('',(1.,-2.91433543964103E-16,0.));
#7489=DIRECTION('center_axis',(-2.91433543964103E-16,-1.,0.));
#7490=DIRECTION('ref_axis',(1.,-2.91433543964103E-16,0.));
#7491=DIRECTION('',(0.,0.,1.));
#7492=DIRECTION('',(1.,-2.91433543964103E-16,0.));
#7493=DIRECTION('',(0.,0.,1.));
#7494=DIRECTION('center_axis',(-1.,2.91433543964103E-16,0.));
#7495=DIRECTION('ref_axis',(-2.91433543964103E-16,-1.,0.));
#7496=DIRECTION('',(0.,0.,1.));
#7497=DIRECTION('',(-2.91433543964103E-16,-1.,0.));
#7498=DIRECTION('center_axis',(0.,0.,-1.));
#7499=DIRECTION('ref_axis',(1.,0.,0.));
#7500=DIRECTION('',(0.707106781186548,-8.65956056235494E-17,0.707106781186547));
#7501=DIRECTION('center_axis',(0.,0.,1.));
#7502=DIRECTION('ref_axis',(1.,0.,0.));
#7503=DIRECTION('center_axis',(0.,0.,1.));
#7504=DIRECTION('ref_axis',(1.,0.,0.));
#7505=DIRECTION('',(0.,0.,1.));
#7506=DIRECTION('center_axis',(0.,0.,1.));
#7507=DIRECTION('ref_axis',(1.,0.,0.));
#7508=DIRECTION('center_axis',(0.,0.,-1.));
#7509=DIRECTION('ref_axis',(1.,0.,0.));
#7510=DIRECTION('',(0.707106781186548,-8.65956056235494E-17,0.707106781186547));
#7511=DIRECTION('center_axis',(0.,0.,1.));
#7512=DIRECTION('ref_axis',(1.,0.,0.));
#7513=DIRECTION('center_axis',(0.,0.,1.));
#7514=DIRECTION('ref_axis',(1.,0.,0.));
#7515=DIRECTION('',(0.,0.,1.));
#7516=DIRECTION('center_axis',(0.,0.,1.));
#7517=DIRECTION('ref_axis',(1.,0.,0.));
#7518=DIRECTION('center_axis',(0.,0.,-1.));
#7519=DIRECTION('ref_axis',(1.,0.,0.));
#7520=DIRECTION('',(-1.,0.,0.));
#7521=DIRECTION('',(1.97372982155583E-16,-1.,0.));
#7522=DIRECTION('center_axis',(0.,0.894427190999917,-0.447213595499955));
#7523=DIRECTION('ref_axis',(0.,0.447213595499955,0.894427190999917));
#7524=DIRECTION('',(1.,0.,0.));
#7525=DIRECTION('center_axis',(0.,2.22044604925031E-15,-1.));
#7526=DIRECTION('ref_axis',(0.,1.,2.22044604925031E-15));
#7527=DIRECTION('',(1.,0.,0.));
#7528=DIRECTION('center_axis',(0.,-0.894427190999915,-0.447213595499959));
#7529=DIRECTION('ref_axis',(0.,0.447213595499959,-0.894427190999915));
#7530=DIRECTION('center_axis',(-1.,-1.97372982155583E-16,0.));
#7531=DIRECTION('ref_axis',(-1.97372982155583E-16,1.,0.));
#7532=DIRECTION('',(0.,0.,-1.));
#7533=DIRECTION('center_axis',(0.,0.,-1.));
#7534=DIRECTION('ref_axis',(1.,1.0449157878825E-15,0.));
#7535=DIRECTION('',(0.,0.,-1.));
#7536=DIRECTION('center_axis',(0.,1.,0.));
#7537=DIRECTION('ref_axis',(1.,0.,0.));
#7538=DIRECTION('',(0.,0.,-1.));
#7539=DIRECTION('center_axis',(0.,0.,-1.));
#7540=DIRECTION('ref_axis',(0.,-1.,0.));
#7541=DIRECTION('center_axis',(0.573576436351047,0.819152044288991,0.));
#7542=DIRECTION('ref_axis',(-0.819152044288991,0.573576436351047,0.));
#7543=DIRECTION('',(0.,0.,1.));
#7544=DIRECTION('center_axis',(0.996194698091745,-0.087155742747659,0.));
#7545=DIRECTION('ref_axis',(0.087155742747659,0.996194698091746,0.));
#7546=DIRECTION('',(0.,0.,1.));
#7547=DIRECTION('center_axis',(0.422618261740698,-0.906307787036651,0.));
#7548=DIRECTION('ref_axis',(0.906307787036651,0.422618261740698,0.));
#7549=DIRECTION('',(0.,0.,1.));
#7550=DIRECTION('center_axis',(-0.573576436351047,-0.819152044288991,0.));
#7551=DIRECTION('ref_axis',(0.819152044288991,-0.573576436351047,0.));
#7552=DIRECTION('',(0.,0.,1.));
#7553=DIRECTION('center_axis',(-0.996194698091745,0.087155742747659,0.));
#7554=DIRECTION('ref_axis',(-0.087155742747659,-0.996194698091746,0.));
#7555=DIRECTION('',(0.,0.,1.));
#7556=DIRECTION('center_axis',(-0.422618261740699,0.90630778703665,0.));
#7557=DIRECTION('ref_axis',(-0.90630778703665,-0.422618261740699,0.));
#7558=DIRECTION('center_axis',(0.,0.,-1.));
#7559=DIRECTION('ref_axis',(1.,0.,0.));
#7560=DIRECTION('center_axis',(0.,0.,-1.));
#7561=DIRECTION('ref_axis',(1.,0.,0.));
#7562=DIRECTION('center_axis',(0.,0.,-1.));
#7563=DIRECTION('ref_axis',(1.,0.,0.));
#7564=DIRECTION('center_axis',(0.,0.,-1.));
#7565=DIRECTION('ref_axis',(1.,0.,0.));
#7566=DIRECTION('center_axis',(2.91433543964103E-16,1.,0.));
#7567=DIRECTION('ref_axis',(-1.,2.91433543964103E-16,0.));
#7568=DIRECTION('',(0.,0.,-1.));
#7569=DIRECTION('',(-1.,2.91433543964103E-16,0.));
#7570=DIRECTION('center_axis',(1.,-2.91433543964103E-16,0.));
#7571=DIRECTION('ref_axis',(2.91433543964103E-16,1.,0.));
#7572=DIRECTION('',(2.91433543964103E-16,1.,0.));
#7573=DIRECTION('',(0.,0.,1.));
#7574=DIRECTION('center_axis',(-2.91433543964103E-16,-1.,0.));
#7575=DIRECTION('ref_axis',(1.,-2.91433543964103E-16,0.));
#7576=DIRECTION('',(1.,-2.91433543964103E-16,0.));
#7577=DIRECTION('center_axis',(-2.91433543964103E-16,-1.,0.));
#7578=DIRECTION('ref_axis',(1.,-2.91433543964103E-16,0.));
#7579=DIRECTION('',(0.,0.,-1.));
#7580=DIRECTION('center_axis',(-1.,2.91433543964103E-16,0.));
#7581=DIRECTION('ref_axis',(-2.91433543964103E-16,-1.,0.));
#7582=DIRECTION('center_axis',(1.,-2.91433543964103E-16,0.));
#7583=DIRECTION('ref_axis',(2.91433543964103E-16,1.,0.));
#7584=DIRECTION('',(2.91433543964103E-16,1.,0.));
#7585=DIRECTION('center_axis',(0.,0.,1.));
#7586=DIRECTION('ref_axis',(-1.,2.91433543964103E-16,0.));
#7587=DIRECTION('center_axis',(0.,0.,1.));
#7588=DIRECTION('ref_axis',(-0.707106781186547,-0.707106781186547,0.));
#7589=DIRECTION('',(0.,0.,1.));
#7590=DIRECTION('center_axis',(0.,0.,1.));
#7591=DIRECTION('ref_axis',(0.707106781186547,-0.707106781186547,0.));
#7592=DIRECTION('',(0.,0.,-1.));
#7593=DIRECTION('',(0.,0.,1.));
#7594=DIRECTION('center_axis',(1.,0.,0.));
#7595=DIRECTION('ref_axis',(0.,1.,0.));
#7596=DIRECTION('center_axis',(0.,-1.,0.));
#7597=DIRECTION('ref_axis',(1.,0.,0.));
#7598=DIRECTION('axis',(0.,0.,1.));
#7599=DIRECTION('refdir',(1.,0.,0.));
#7600=DIRECTION('center_axis',(0.,0.,1.));
#7601=DIRECTION('ref_axis',(-1.,0.,0.));
#7602=DIRECTION('',(0.,0.,1.));
#7603=DIRECTION('center_axis',(0.,0.,-1.));
#7604=DIRECTION('ref_axis',(-1.,0.,0.));
#7605=DIRECTION('',(0.,0.,1.));
#7606=DIRECTION('center_axis',(0.,0.,1.));
#7607=DIRECTION('ref_axis',(-1.,0.,0.));
#7608=DIRECTION('center_axis',(0.707106781186548,0.,0.707106781186548));
#7609=DIRECTION('ref_axis',(0.707106781186548,0.,-0.707106781186548));
#7610=DIRECTION('',(0.,-1.,0.));
#7611=DIRECTION('',(0.577350269189626,-0.577350269189626,-0.577350269189626));
#7612=DIRECTION('',(0.,-1.,0.));
#7613=DIRECTION('',(0.577350269189625,0.577350269189628,-0.577350269189625));
#7614=DIRECTION('center_axis',(-8.66934853893512E-16,0.707106781186548,
0.707106781186548));
#7615=DIRECTION('ref_axis',(1.,0.,1.22603102807014E-15));
#7616=DIRECTION('',(-1.,-1.22603102807014E-15,0.));
#7617=DIRECTION('',(0.,-0.707106781186548,0.707106781186548));
#7618=DIRECTION('',(1.,1.22603102807014E-15,0.));
#7619=DIRECTION('center_axis',(0.,0.,-1.));
#7620=DIRECTION('ref_axis',(-1.,0.,0.));
#7621=DIRECTION('',(0.,0.707106781186545,0.70710678118655));
#7622=DIRECTION('center_axis',(0.,0.,-1.));
#7623=DIRECTION('ref_axis',(-1.,0.,0.));
#7624=DIRECTION('center_axis',(0.,0.,1.));
#7625=DIRECTION('ref_axis',(-1.,0.,0.));
#7626=DIRECTION('center_axis',(0.,-0.707106781186548,0.707106781186548));
#7627=DIRECTION('ref_axis',(1.,0.,0.));
#7628=DIRECTION('',(-1.,0.,0.));
#7629=DIRECTION('',(1.,0.,0.));
#7630=DIRECTION('center_axis',(-1.22603102807014E-15,1.,0.));
#7631=DIRECTION('ref_axis',(-1.,-1.22603102807014E-15,0.));
#7632=DIRECTION('',(0.,0.,1.));
#7633=DIRECTION('',(1.,1.22603102807014E-15,0.));
#7634=DIRECTION('',(0.,0.,1.));
#7635=DIRECTION('center_axis',(0.,0.,1.));
#7636=DIRECTION('ref_axis',(-1.,0.,0.));
#7637=DIRECTION('center_axis',(0.,0.,1.));
#7638=DIRECTION('ref_axis',(-1.,0.,0.));
#7639=DIRECTION('center_axis',(0.,0.,1.));
#7640=DIRECTION('ref_axis',(-1.,0.,0.));
#7641=DIRECTION('',(-0.707106781186548,-8.65956056235494E-17,-0.707106781186547));
#7642=DIRECTION('center_axis',(0.,0.,-1.));
#7643=DIRECTION('ref_axis',(-1.,0.,0.));
#7644=DIRECTION('center_axis',(0.,0.,-1.));
#7645=DIRECTION('ref_axis',(-1.,0.,0.));
#7646=DIRECTION('center_axis',(0.,0.,-1.));
#7647=DIRECTION('ref_axis',(1.,0.,0.));
#7648=DIRECTION('',(0.,0.,-1.));
#7649=DIRECTION('center_axis',(0.,0.,-1.));
#7650=DIRECTION('ref_axis',(1.,0.,0.));
#7651=DIRECTION('center_axis',(0.,0.,1.));
#7652=DIRECTION('ref_axis',(1.,0.,0.));
#7653=DIRECTION('',(0.857167300702112,-1.04972719113862E-16,-0.515038074910054));
#7654=DIRECTION('center_axis',(0.,0.,1.));
#7655=DIRECTION('ref_axis',(-1.,0.,0.));
#7656=DIRECTION('center_axis',(0.,0.,-1.));
#7657=DIRECTION('ref_axis',(-1.,0.,0.));
#7658=DIRECTION('center_axis',(0.,-0.707106781186548,0.707106781186548));
#7659=DIRECTION('ref_axis',(1.,0.,0.));
#7660=DIRECTION('',(1.,0.,0.));
#7661=DIRECTION('',(0.,0.707106781186548,0.707106781186548));
#7662=DIRECTION('',(-1.,0.,0.));
#7663=DIRECTION('',(-0.577350269189626,-0.577350269189626,-0.577350269189626));
#7664=DIRECTION('center_axis',(-0.707106781186548,0.,0.707106781186548));
#7665=DIRECTION('ref_axis',(0.707106781186548,0.,0.707106781186548));
#7666=DIRECTION('',(-8.88178419700125E-17,1.,-8.88178419700125E-17));
#7667=DIRECTION('',(0.,1.,0.));
#7668=DIRECTION('',(-0.577350269189626,0.577350269189626,-0.577350269189626));
#7669=DIRECTION('center_axis',(0.,0.,-1.));
#7670=DIRECTION('ref_axis',(1.,0.,0.));
#7671=DIRECTION('',(0.,-0.707106781186548,0.707106781186548));
#7672=DIRECTION('center_axis',(0.,0.,-1.));
#7673=DIRECTION('ref_axis',(1.,0.,0.));
#7674=DIRECTION('center_axis',(0.,0.,1.));
#7675=DIRECTION('ref_axis',(1.,0.,0.));
#7676=DIRECTION('center_axis',(0.,0.707106781186548,0.707106781186548));
#7677=DIRECTION('ref_axis',(1.,0.,0.));
#7678=DIRECTION('',(1.,0.,0.));
#7679=DIRECTION('',(-1.,0.,0.));
#7680=DIRECTION('center_axis',(0.,0.,1.));
#7681=DIRECTION('ref_axis',(1.,-1.22464679914735E-16,0.));
#7682=DIRECTION('',(0.,0.,1.));
#7683=DIRECTION('center_axis',(0.,0.,-1.));
#7684=DIRECTION('ref_axis',(-1.,0.,0.));
#7685=DIRECTION('',(0.,0.,1.));
#7686=DIRECTION('center_axis',(0.,-1.,0.));
#7687=DIRECTION('ref_axis',(1.,0.,0.));
#7688=DIRECTION('',(0.,0.,1.));
#7689=DIRECTION('',(-1.,0.,0.));
#7690=DIRECTION('center_axis',(0.,0.,1.));
#7691=DIRECTION('ref_axis',(-1.,0.,0.));
#7692=DIRECTION('center_axis',(0.,0.,1.));
#7693=DIRECTION('ref_axis',(-1.,0.,0.));
#7694=DIRECTION('center_axis',(0.,0.,1.));
#7695=DIRECTION('ref_axis',(-1.,0.,0.));
#7696=DIRECTION('',(-0.707106781186548,-8.65956056235494E-17,-0.707106781186547));
#7697=DIRECTION('center_axis',(0.,0.,-1.));
#7698=DIRECTION('ref_axis',(-1.,0.,0.));
#7699=DIRECTION('center_axis',(0.,0.,-1.));
#7700=DIRECTION('ref_axis',(-1.,0.,0.));
#7701=DIRECTION('center_axis',(0.,0.,-1.));
#7702=DIRECTION('ref_axis',(1.,0.,0.));
#7703=DIRECTION('',(0.,0.,-1.));
#7704=DIRECTION('center_axis',(0.,0.,-1.));
#7705=DIRECTION('ref_axis',(1.,0.,0.));
#7706=DIRECTION('center_axis',(0.,0.,1.));
#7707=DIRECTION('ref_axis',(1.,0.,0.));
#7708=DIRECTION('',(0.857167300702112,-1.04972719113862E-16,-0.515038074910054));
#7709=DIRECTION('center_axis',(-1.,0.,0.));
#7710=DIRECTION('ref_axis',(-3.12250225675826E-16,-1.,0.));
#7711=DIRECTION('center_axis',(-1.,0.,0.));
#7712=DIRECTION('ref_axis',(0.,-1.,0.));
#7713=DIRECTION('',(0.707106781186477,-0.707106781186618,8.65956056235579E-17));
#7714=DIRECTION('center_axis',(1.,0.,0.));
#7715=DIRECTION('ref_axis',(-6.93889390390724E-16,-1.,0.));
#7716=DIRECTION('center_axis',(-1.,6.93889390390724E-16,0.));
#7717=DIRECTION('ref_axis',(-6.93889390390724E-16,-1.,0.));
#7718=DIRECTION('center_axis',(1.,-6.57909940518611E-16,0.));
#7719=DIRECTION('ref_axis',(-6.57909940518611E-16,-1.,0.));
#7720=DIRECTION('',(-1.,6.93889390390724E-16,0.));
#7721=DIRECTION('center_axis',(1.,0.,0.));
#7722=DIRECTION('ref_axis',(0.,-1.,0.));
#7723=DIRECTION('',(0.,-1.,0.));
#7724=DIRECTION('',(0.,0.,-1.));
#7725=DIRECTION('',(0.,1.,0.));
#7726=DIRECTION('',(0.,-0.447213595499955,-0.894427190999917));
#7727=DIRECTION('',(0.,-1.,-2.22044604925031E-15));
#7728=DIRECTION('',(0.,-0.447213595499959,0.894427190999915));
#7729=DIRECTION('',(0.,1.,0.));
#7730=DIRECTION('',(0.,0.,-1.));
#7731=DIRECTION('center_axis',(-1.,6.5790994051861E-16,0.));
#7732=DIRECTION('ref_axis',(-6.8360954757012E-16,-1.,0.));
#7733=DIRECTION('center_axis',(-1.,0.,0.));
#7734=DIRECTION('ref_axis',(-6.93889390390724E-16,-1.,0.));
#7735=DIRECTION('',(0.707106781186546,-0.707106781186549,8.65956056235494E-17));
#7736=DIRECTION('center_axis',(-1.,6.57909940518611E-16,0.));
#7737=DIRECTION('ref_axis',(-6.57909940518611E-16,-1.,0.));
#7738=DIRECTION('center_axis',(-1.,6.57909940518611E-16,0.));
#7739=DIRECTION('ref_axis',(-6.57909940518611E-16,-1.,0.));
#7740=DIRECTION('center_axis',(-1.,0.,0.));
#7741=DIRECTION('ref_axis',(0.,1.,0.));
#7742=DIRECTION('',(0.,1.,0.));
#7743=DIRECTION('',(0.,0.,-1.));
#7744=DIRECTION('',(0.,-1.,0.));
#7745=DIRECTION('',(0.,0.,1.));
#7746=DIRECTION('',(0.,-1.,0.));
#7747=DIRECTION('',(0.,0.,-1.));
#7748=DIRECTION('center_axis',(1.,1.97372982155583E-16,0.));
#7749=DIRECTION('ref_axis',(4.20805365861397E-16,-1.,0.));
#7750=DIRECTION('center_axis',(1.,1.97372982155583E-16,0.));
#7751=DIRECTION('ref_axis',(1.97372982155583E-16,-1.,0.));
#7752=DIRECTION('',(-0.707106781186603,-0.707106781186492,-8.65956056235426E-17));
#7753=DIRECTION('center_axis',(-1.,-1.97372982155583E-16,0.));
#7754=DIRECTION('ref_axis',(6.93889390390724E-16,-1.,0.));
#7755=DIRECTION('center_axis',(-1.,-6.93889390390724E-16,0.));
#7756=DIRECTION('ref_axis',(6.93889390390724E-16,-1.,0.));
#7757=DIRECTION('center_axis',(1.,6.57909940518611E-16,0.));
#7758=DIRECTION('ref_axis',(6.57909940518611E-16,-1.,0.));
#7759=DIRECTION('',(1.,6.93889390390724E-16,0.));
#7760=DIRECTION('center_axis',(-1.,-1.97372982155583E-16,0.));
#7761=DIRECTION('ref_axis',(-1.97372982155583E-16,1.,0.));
#7762=DIRECTION('',(-1.97372982155583E-16,1.,0.));
#7763=DIRECTION('',(0.,0.,-1.));
#7764=DIRECTION('',(1.97372982155583E-16,-1.,0.));
#7765=DIRECTION('',(-8.82678810043478E-17,0.447213595499959,-0.894427190999915));
#7766=DIRECTION('',(-1.97372982155583E-16,1.,0.));
#7767=DIRECTION('',(-8.8267881004347E-17,0.447213595499955,0.894427190999917));
#7768=DIRECTION('',(1.97372982155583E-16,-1.,0.));
#7769=DIRECTION('',(0.,0.,-1.));
#7770=DIRECTION('center_axis',(1.,6.5790994051861E-16,0.));
#7771=DIRECTION('ref_axis',(6.8360954757012E-16,-1.,0.));
#7772=DIRECTION('center_axis',(1.,6.57909940518611E-16,0.));
#7773=DIRECTION('ref_axis',(6.57909940518611E-16,-1.,0.));
#7774=DIRECTION('',(0.707106781186547,0.707106781186549,-8.65956056235494E-17));
#7775=DIRECTION('center_axis',(1.,6.57909940518611E-16,0.));
#7776=DIRECTION('ref_axis',(6.93889390390724E-16,-1.,0.));
#7777=DIRECTION('center_axis',(-1.,-6.57909940518611E-16,0.));
#7778=DIRECTION('ref_axis',(6.57909940518611E-16,-1.,0.));
#7779=DIRECTION('center_axis',(1.,6.57909940518611E-16,0.));
#7780=DIRECTION('ref_axis',(6.57909940518611E-16,-1.,0.));
#7781=DIRECTION('',(6.57909940518611E-16,-1.,0.));
#7782=DIRECTION('',(0.,0.,-1.));
#7783=DIRECTION('',(-6.57909940518611E-16,1.,0.));
#7784=DIRECTION('',(0.,0.,1.));
#7785=DIRECTION('center_axis',(-0.707106781186547,0.,0.707106781186548));
#7786=DIRECTION('ref_axis',(0.707106781186548,0.,0.707106781186547));
#7787=DIRECTION('',(0.707106781186548,0.,0.707106781186547));
#7788=DIRECTION('',(0.,1.,0.));
#7789=DIRECTION('',(-0.707106781186548,0.,-0.707106781186547));
#7790=DIRECTION('center_axis',(0.,0.,-1.));
#7791=DIRECTION('ref_axis',(0.,-1.,0.));
#7792=DIRECTION('',(0.,0.707106781186548,0.707106781186547));
#7793=DIRECTION('center_axis',(0.,0.,-1.));
#7794=DIRECTION('ref_axis',(0.,-1.,0.));
#7795=DIRECTION('center_axis',(0.,0.,1.));
#7796=DIRECTION('ref_axis',(0.,-1.,0.));
#7797=DIRECTION('center_axis',(0.,-0.707106781186547,0.707106781186548));
#7798=DIRECTION('ref_axis',(1.,0.,0.));
#7799=DIRECTION('',(0.,0.707106781186548,0.707106781186547));
#7800=DIRECTION('',(-1.,0.,0.));
#7801=DIRECTION('',(1.,0.,0.));
#7802=DIRECTION('center_axis',(0.,0.,-1.));
#7803=DIRECTION('ref_axis',(1.,1.0449157878825E-15,0.));
#7804=DIRECTION('',(-0.707106781186556,0.,0.707106781186539));
#7805=DIRECTION('center_axis',(0.,0.,-1.));
#7806=DIRECTION('ref_axis',(1.,1.0449157878825E-15,0.));
#7807=DIRECTION('center_axis',(0.,0.,1.));
#7808=DIRECTION('ref_axis',(1.,1.0449157878825E-15,0.));
#7809=DIRECTION('center_axis',(0.707106781186539,1.39563774105223E-16,0.707106781186556));
#7810=DIRECTION('ref_axis',(0.707106781186556,0.,-0.707106781186539));
#7811=DIRECTION('',(-0.707106781186563,0.,0.707106781186532));
#7812=DIRECTION('',(1.97372982155583E-16,-1.,0.));
#7813=DIRECTION('center_axis',(0.,0.,-1.));
#7814=DIRECTION('ref_axis',(0.,1.,0.));
#7815=DIRECTION('',(0.,-0.707106781186548,0.707106781186547));
#7816=DIRECTION('center_axis',(0.,0.,-1.));
#7817=DIRECTION('ref_axis',(0.,1.,0.));
#7818=DIRECTION('center_axis',(0.,0.,1.));
#7819=DIRECTION('ref_axis',(0.,1.,0.));
#7820=DIRECTION('center_axis',(-6.09744644149039E-17,0.707106781186547,
0.707106781186548));
#7821=DIRECTION('ref_axis',(1.,0.,8.62309145339927E-17));
#7822=DIRECTION('',(0.,-0.707106781186548,0.707106781186547));
#7823=DIRECTION('',(1.,8.62309145339927E-17,0.));
#7824=DIRECTION('',(-1.,-8.62309145339927E-17,0.));
#7825=DIRECTION('center_axis',(0.,0.,-1.));
#7826=DIRECTION('ref_axis',(-1.,-1.0449157878825E-15,0.));
#7827=DIRECTION('center_axis',(0.,0.,-1.));
#7828=DIRECTION('ref_axis',(-1.,-1.0449157878825E-15,0.));
#7829=DIRECTION('center_axis',(0.,0.,1.));
#7830=DIRECTION('ref_axis',(-1.,-1.0449157878825E-15,0.));
#7831=DIRECTION('center_axis',(0.,0.,-1.));
#7832=DIRECTION('ref_axis',(1.,1.0449157878825E-15,0.));
#7833=DIRECTION('',(0.,0.,-1.));
#7834=DIRECTION('center_axis',(0.,0.,-1.));
#7835=DIRECTION('ref_axis',(1.,1.0449157878825E-15,0.));
#7836=DIRECTION('center_axis',(0.,1.,0.));
#7837=DIRECTION('ref_axis',(1.,0.,0.));
#7838=DIRECTION('',(0.,0.,-1.));
#7839=DIRECTION('',(-1.,0.,0.));
#7840=DIRECTION('center_axis',(0.,0.,-1.));
#7841=DIRECTION('ref_axis',(0.,-1.,0.));
#7842=DIRECTION('center_axis',(0.,0.,-1.));
#7843=DIRECTION('ref_axis',(0.,-1.,0.));
#7844=DIRECTION('center_axis',(0.,0.,-1.));
#7845=DIRECTION('ref_axis',(1.,0.,0.));
#7846=DIRECTION('',(-1.,-8.62309145339927E-17,0.));
#7847=DIRECTION('center_axis',(0.,0.,1.));
#7848=DIRECTION('ref_axis',(0.,1.,0.));
#7849=DIRECTION('',(-6.57909940518611E-16,1.,0.));
#7850=DIRECTION('center_axis',(0.,0.,1.));
#7851=DIRECTION('ref_axis',(1.,8.88178419700126E-16,0.));
#7852=DIRECTION('',(1.,0.,0.));
#7853=DIRECTION('center_axis',(0.,0.,1.));
#7854=DIRECTION('ref_axis',(0.,-1.,0.));
#7855=DIRECTION('',(0.,-1.,0.));
#7856=DIRECTION('center_axis',(0.,0.,1.));
#7857=DIRECTION('ref_axis',(-1.,-8.88178419700128E-16,0.));
#7858=DIRECTION('center_axis',(0.,-0.707106781186548,-0.707106781186548));
#7859=DIRECTION('ref_axis',(-1.,0.,0.));
#7860=DIRECTION('',(0.,0.707106781186548,-0.707106781186548));
#7861=DIRECTION('',(1.,0.,0.));
#7862=DIRECTION('',(0.,-0.707106781186548,0.707106781186548));
#7863=DIRECTION('',(-1.,0.,0.));
#7864=DIRECTION('center_axis',(0.,0.,1.));
#7865=DIRECTION('ref_axis',(0.,-1.,0.));
#7866=DIRECTION('',(0.707106781186548,0.,-0.707106781186548));
#7867=DIRECTION('center_axis',(0.,0.,1.));
#7868=DIRECTION('ref_axis',(0.,-1.,0.));
#7869=DIRECTION('center_axis',(0.,0.,-1.));
#7870=DIRECTION('ref_axis',(0.,-1.,0.));
#7871=DIRECTION('center_axis',(-0.707106781186548,0.,-0.707106781186548));
#7872=DIRECTION('ref_axis',(-0.707106781186548,0.,0.707106781186548));
#7873=DIRECTION('',(0.70710678118654,0.,-0.707106781186555));
#7874=DIRECTION('',(0.,-1.,0.));
#7875=DIRECTION('',(0.,1.,0.));
#7876=DIRECTION('center_axis',(0.,0.,1.));
#7877=DIRECTION('ref_axis',(-1.,-8.88178419700128E-16,0.));
#7878=DIRECTION('',(0.,-0.707106781186555,-0.70710678118654));
#7879=DIRECTION('center_axis',(0.,0.,1.));
#7880=DIRECTION('ref_axis',(-1.,-8.88178419700128E-16,0.));
#7881=DIRECTION('center_axis',(0.,0.,-1.));
#7882=DIRECTION('ref_axis',(-1.,-8.88178419700128E-16,0.));
#7883=DIRECTION('center_axis',(-6.09744644149039E-17,0.707106781186548,
-0.707106781186548));
#7884=DIRECTION('ref_axis',(-1.,0.,8.62309145339927E-17));
#7885=DIRECTION('',(0.,-0.707106781186548,-0.707106781186548));
#7886=DIRECTION('',(-1.,-8.62309145339927E-17,0.));
#7887=DIRECTION('',(1.,8.62309145339927E-17,0.));
#7888=DIRECTION('center_axis',(0.,0.,1.));
#7889=DIRECTION('ref_axis',(0.,1.,0.));
#7890=DIRECTION('',(-0.707106781186548,0.,-0.707106781186548));
#7891=DIRECTION('center_axis',(0.,0.,1.));
#7892=DIRECTION('ref_axis',(0.,1.,0.));
#7893=DIRECTION('center_axis',(0.,0.,-1.));
#7894=DIRECTION('ref_axis',(0.,1.,0.));
#7895=DIRECTION('center_axis',(0.707106781186548,4.65212580350748E-16,-0.707106781186548));
#7896=DIRECTION('ref_axis',(-0.707106781186548,0.,-0.707106781186548));
#7897=DIRECTION('',(-0.707106781186524,0.,-0.707106781186571));
#7898=DIRECTION('',(-6.57909940518611E-16,1.,0.));
#7899=DIRECTION('',(6.57909940518611E-16,-1.,0.));
#7900=DIRECTION('center_axis',(0.,0.,1.));
#7901=DIRECTION('ref_axis',(1.,8.88178419700126E-16,0.));
#7902=DIRECTION('center_axis',(0.,0.,1.));
#7903=DIRECTION('ref_axis',(1.,8.88178419700126E-16,0.));
#7904=DIRECTION('center_axis',(0.,0.,-1.));
#7905=DIRECTION('ref_axis',(1.,8.88178419700126E-16,0.));
#7906=DIRECTION('center_axis',(0.,0.,-1.));
#7907=DIRECTION('ref_axis',(-1.,-8.88178419700128E-16,0.));
#7908=DIRECTION('',(0.,0.,-1.));
#7909=DIRECTION('center_axis',(0.,0.,-1.));
#7910=DIRECTION('ref_axis',(-1.,-8.88178419700128E-16,0.));
#7911=DIRECTION('',(0.,0.,-1.));
#7912=DIRECTION('center_axis',(-1.,0.,0.));
#7913=DIRECTION('ref_axis',(0.,1.,0.));
#7914=DIRECTION('',(0.,0.,-1.));
#7915=DIRECTION('',(0.,1.,0.));
#7916=DIRECTION('',(0.,0.447213595499959,-0.894427190999915));
#7917=DIRECTION('',(0.,1.,2.22044604925031E-15));
#7918=DIRECTION('',(0.,0.447213595499955,0.894427190999917));
#7919=DIRECTION('',(0.,1.,0.));
#7920=DIRECTION('center_axis',(0.,0.,-1.));
#7921=DIRECTION('ref_axis',(0.,-1.,0.));
#7922=DIRECTION('',(0.,0.,-1.));
#7923=DIRECTION('center_axis',(0.,0.,-1.));
#7924=DIRECTION('ref_axis',(0.,-1.,0.));
#7925=DIRECTION('center_axis',(0.,-1.,0.));
#7926=DIRECTION('ref_axis',(-1.,0.,0.));
#7927=DIRECTION('',(0.,0.,-1.));
#7928=DIRECTION('',(-1.,0.,0.));
#7929=DIRECTION('center_axis',(0.,0.,-1.));
#7930=DIRECTION('ref_axis',(1.,0.,0.));
#7931=DIRECTION('center_axis',(0.,0.,-1.));
#7932=DIRECTION('ref_axis',(-1.,0.,0.));
#7933=DIRECTION('center_axis',(0.,0.,-1.));
#7934=DIRECTION('ref_axis',(-1.,0.,0.));
#7935=DIRECTION('center_axis',(0.,0.,-1.));
#7936=DIRECTION('ref_axis',(1.,0.,0.));
#7937=DIRECTION('',(1.,0.,0.));
#7938=DIRECTION('center_axis',(0.,0.,-1.));
#7939=DIRECTION('ref_axis',(-1.,0.,0.));
#7940=DIRECTION('',(-1.,0.,0.));
#7941=DIRECTION('center_axis',(0.,0.,-1.));
#7942=DIRECTION('ref_axis',(-1.,0.,0.));
#7943=DIRECTION('center_axis',(0.,0.,-1.));
#7944=DIRECTION('ref_axis',(-1.,0.,0.));
#7945=DIRECTION('center_axis',(-0.707106781186548,0.707106781186548,0.));
#7946=DIRECTION('ref_axis',(0.,0.,1.));
#7947=DIRECTION('',(0.,0.,-1.));
#7948=DIRECTION('',(0.707106781186548,0.707106781186548,0.));
#7949=DIRECTION('',(0.,0.,1.));
#7950=DIRECTION('',(0.678598344545848,0.678598344545848,-0.281084637714816));
#7951=DIRECTION('center_axis',(-0.707106781186545,0.499999999999997,-0.500000000000008));
#7952=DIRECTION('ref_axis',(-0.577350269189633,0.,0.816496580927721));
#7953=DIRECTION('',(0.,0.707106781186555,0.70710678118654));
#7954=DIRECTION('',(0.66566393285972,0.709214931883689,-0.23217602994914));
#7955=DIRECTION('',(0.,-0.707106781186555,-0.70710678118654));
#7956=DIRECTION('center_axis',(-0.577350269189626,-0.577350269189626,0.577350269189626));
#7957=DIRECTION('ref_axis',(0.707106781186547,0.,0.707106781186547));
#7958=DIRECTION('',(0.707106781186548,0.,0.707106781186548));
#7959=DIRECTION('',(-0.707106781186548,0.707106781186548,0.));
#7960=DIRECTION('',(0.,-0.707106781186548,-0.707106781186548));
#7961=DIRECTION('center_axis',(-0.707106781186548,-0.707106781186548,0.));
#7962=DIRECTION('ref_axis',(0.,0.,1.));
#7963=DIRECTION('',(-0.707106781186548,0.707106781186548,0.));
#7964=DIRECTION('',(0.,0.,1.));
#7965=DIRECTION('',(0.,0.,-1.));
#7966=DIRECTION('center_axis',(-0.577350269189626,0.577350269189626,0.577350269189626));
#7967=DIRECTION('ref_axis',(0.707106781186547,0.,0.707106781186547));
#7968=DIRECTION('',(0.,-0.707106781186548,0.707106781186548));
#7969=DIRECTION('',(0.707106781186548,0.707106781186548,0.));
#7970=DIRECTION('',(-0.707106781186548,0.,-0.707106781186548));
#7971=DIRECTION('center_axis',(-0.707106781186548,0.707106781186548,0.));
#7972=DIRECTION('ref_axis',(0.,0.,1.));
#7973=DIRECTION('',(0.,0.,1.));
#7974=DIRECTION('',(0.,0.,-1.));
#7975=DIRECTION('',(-0.706075225696454,-0.706075225696454,-0.0539958453531621));
#7976=DIRECTION('center_axis',(-0.707106781186548,0.,0.707106781186548));
#7977=DIRECTION('ref_axis',(0.707106781186548,0.,0.707106781186548));
#7978=DIRECTION('',(0.,1.,0.));
#7979=DIRECTION('',(0.,-1.,0.));
#7980=DIRECTION('center_axis',(0.577350269189626,0.577350269189626,0.577350269189626));
#7981=DIRECTION('ref_axis',(0.707106781186547,0.,-0.707106781186547));
#7982=DIRECTION('',(-0.707106781186548,0.,0.707106781186548));
#7983=DIRECTION('',(0.707106781186548,-0.707106781186548,0.));
#7984=DIRECTION('',(0.,0.707106781186548,-0.707106781186548));
#7985=DIRECTION('center_axis',(0.707106781186548,0.707106781186548,0.));
#7986=DIRECTION('ref_axis',(0.,0.,-1.));
#7987=DIRECTION('',(0.707106781186548,-0.707106781186548,0.));
#7988=DIRECTION('',(0.,0.,1.));
#7989=DIRECTION('',(0.,0.,-1.));
#7990=DIRECTION('center_axis',(0.,0.707106781186548,0.707106781186548));
#7991=DIRECTION('ref_axis',(1.,0.,0.));
#7992=DIRECTION('',(1.,0.,0.));
#7993=DIRECTION('',(-1.,0.,0.));
#7994=DIRECTION('center_axis',(0.707106781186548,0.,0.707106781186548));
#7995=DIRECTION('ref_axis',(0.707106781186548,0.,-0.707106781186548));
#7996=DIRECTION('',(0.,1.,0.));
#7997=DIRECTION('',(0.,-1.,0.));
#7998=DIRECTION('',(0.577350269189626,-0.577350269189626,-0.577350269189626));
#7999=DIRECTION('center_axis',(0.,-0.707106781186548,0.707106781186548));
#8000=DIRECTION('ref_axis',(1.,0.,0.));
#8001=DIRECTION('',(-1.,0.,0.));
#8002=DIRECTION('',(1.,0.,0.));
#8003=DIRECTION('center_axis',(-0.70710678118655,0.698884329741609,0.107520666114093));
#8004=DIRECTION('ref_axis',(0.150329205600564,0.,0.988635994663103));
#8005=DIRECTION('',(0.,-0.152057184253941,0.988371697650617));
#8006=DIRECTION('',(0.,0.152057184253941,-0.988371697650617));
#8007=DIRECTION('center_axis',(-1.,0.,0.));
#8008=DIRECTION('ref_axis',(0.,-1.,0.));
#8009=DIRECTION('',(0.,1.,0.));
#8010=DIRECTION('',(0.,-0.707106781186547,-0.707106781186547));
#8011=DIRECTION('',(0.,0.,1.));
#8012=DIRECTION('',(0.,1.,0.));
#8013=DIRECTION('center_axis',(0.,0.70710678118654,-0.707106781186555));
#8014=DIRECTION('ref_axis',(0.,0.707106781186555,0.70710678118654));
#8015=DIRECTION('',(1.,0.,0.));
#8016=DIRECTION('',(0.,0.707106781186555,0.70710678118654));
#8017=DIRECTION('',(1.,0.,0.));
#8018=DIRECTION('center_axis',(0.,0.988371697650617,0.152057184253941));
#8019=DIRECTION('ref_axis',(0.,-0.152057184253941,0.988371697650617));
#8020=DIRECTION('',(-1.,0.,0.));
#8021=DIRECTION('',(0.,-0.152057184253941,0.988371697650617));
#8022=DIRECTION('center_axis',(0.,1.,0.));
#8023=DIRECTION('ref_axis',(-1.,0.,0.));
#8024=DIRECTION('',(0.,0.,1.));
#8025=DIRECTION('',(1.,0.,0.));
#8026=DIRECTION('',(0.,0.,1.));
#8027=DIRECTION('',(-0.707106781186547,0.,0.707106781186547));
#8028=DIRECTION('',(-1.,0.,0.));
#8029=DIRECTION('',(0.,0.,-1.));
#8030=DIRECTION('',(1.,0.,0.));
#8031=DIRECTION('',(0.,0.,1.));
#8032=DIRECTION('',(-1.,0.,0.));
#8033=DIRECTION('',(0.,0.,1.));
#8034=DIRECTION('',(-1.,0.,0.));
#8035=DIRECTION('',(0.,0.,-1.));
#8036=DIRECTION('',(1.,0.,0.));
#8037=DIRECTION('',(0.,0.,1.));
#8038=DIRECTION('',(-1.,0.,0.));
#8039=DIRECTION('',(0.,0.,-1.));
#8040=DIRECTION('',(1.,0.,0.));
#8041=DIRECTION('',(0.,0.,1.));
#8042=DIRECTION('',(-1.,0.,0.));
#8043=DIRECTION('',(0.,0.,-1.));
#8044=DIRECTION('',(1.,0.,0.));
#8045=DIRECTION('',(0.,0.,1.));
#8046=DIRECTION('',(-1.,0.,0.));
#8047=DIRECTION('',(0.,0.,-1.));
#8048=DIRECTION('',(1.,0.,0.));
#8049=DIRECTION('center_axis',(0.,0.,1.));
#8050=DIRECTION('ref_axis',(1.,0.,0.));
#8051=DIRECTION('center_axis',(0.707106781186547,0.499999999999995,-0.500000000000006));
#8052=DIRECTION('ref_axis',(-0.57735026918963,0.,-0.816496580927723));
#8053=DIRECTION('',(0.,0.707106781186555,0.70710678118654));
#8054=DIRECTION('',(0.66566393285972,-0.709214931883685,0.232176029949151));
#8055=DIRECTION('',(0.,-0.707106781186555,-0.70710678118654));
#8056=DIRECTION('',(-0.678598344545846,0.678598344545846,-0.281084637714827));
#8057=DIRECTION('center_axis',(0.577350269189626,-0.577350269189626,0.577350269189626));
#8058=DIRECTION('ref_axis',(0.707106781186547,0.,-0.707106781186547));
#8059=DIRECTION('',(0.,0.707106781186548,0.707106781186548));
#8060=DIRECTION('',(-0.707106781186548,-0.707106781186548,0.));
#8061=DIRECTION('',(0.707106781186548,0.,-0.707106781186548));
#8062=DIRECTION('center_axis',(0.707106781186548,-0.707106781186548,0.));
#8063=DIRECTION('ref_axis',(0.,0.,-1.));
#8064=DIRECTION('',(-0.707106781186548,-0.707106781186548,0.));
#8065=DIRECTION('',(0.,0.,1.));
#8066=DIRECTION('',(0.,0.,-1.));
#8067=DIRECTION('center_axis',(0.577350269189626,0.577350269189626,0.577350269189626));
#8068=DIRECTION('ref_axis',(0.707106781186547,0.,-0.707106781186547));
#8069=DIRECTION('',(-0.707106781186548,0.,0.707106781186548));
#8070=DIRECTION('',(0.707106781186548,-0.707106781186548,0.));
#8071=DIRECTION('',(0.,0.707106781186548,-0.707106781186548));
#8072=DIRECTION('center_axis',(0.707106781186548,0.707106781186548,0.));
#8073=DIRECTION('ref_axis',(0.,0.,-1.));
#8074=DIRECTION('',(0.,0.,1.));
#8075=DIRECTION('',(0.,0.,-1.));
#8076=DIRECTION('',(-0.706075225696456,0.706075225696456,0.0539958453531192));
#8077=DIRECTION('center_axis',(0.,-0.707106781186548,0.707106781186548));
#8078=DIRECTION('ref_axis',(1.,0.,0.));
#8079=DIRECTION('',(1.,0.,0.));
#8080=DIRECTION('',(-1.,0.,0.));
#8081=DIRECTION('',(-0.577350269189625,-0.577350269189628,-0.577350269189625));
#8082=DIRECTION('center_axis',(-0.707106781186548,0.,0.707106781186548));
#8083=DIRECTION('ref_axis',(0.707106781186548,0.,0.707106781186548));
#8084=DIRECTION('',(0.,1.,0.));
#8085=DIRECTION('',(-0.577350269189626,0.577350269189626,-0.577350269189626));
#8086=DIRECTION('',(0.,-1.,0.));
#8087=DIRECTION('center_axis',(-1.30841038223648E-17,0.707106781186548,
0.707106781186548));
#8088=DIRECTION('ref_axis',(1.,0.,1.85037170770859E-17));
#8089=DIRECTION('',(1.,1.85037170770859E-17,0.));
#8090=DIRECTION('',(0.577350269189626,0.577350269189626,-0.577350269189626));
#8091=DIRECTION('',(-1.,-1.85037170770859E-17,0.));
#8092=DIRECTION('center_axis',(0.707106781186548,6.2803698347351E-17,0.707106781186548));
#8093=DIRECTION('ref_axis',(0.707106781186548,0.,-0.707106781186548));
#8094=DIRECTION('',(8.88178419700125E-17,-1.,0.));
#8095=DIRECTION('',(0.577350269189626,-0.577350269189626,-0.577350269189626));
#8096=DIRECTION('',(-8.88178419700125E-17,1.,0.));
#8097=DIRECTION('center_axis',(0.,-0.707106781186548,0.707106781186548));
#8098=DIRECTION('ref_axis',(1.,0.,0.));
#8099=DIRECTION('',(-1.,0.,0.));
#8100=DIRECTION('',(-0.577350269189626,-0.577350269189626,-0.577350269189626));
#8101=DIRECTION('',(1.,0.,0.));
#8102=DIRECTION('center_axis',(-0.577350269189626,0.577350269189626,0.577350269189626));
#8103=DIRECTION('ref_axis',(0.707106781186547,0.,0.707106781186547));
#8104=DIRECTION('',(0.,-0.707106781186548,0.707106781186548));
#8105=DIRECTION('',(0.707106781186548,0.707106781186548,0.));
#8106=DIRECTION('',(-0.707106781186548,0.,-0.707106781186548));
#8107=DIRECTION('center_axis',(-0.707106781186548,0.707106781186548,0.));
#8108=DIRECTION('ref_axis',(0.,0.,1.));
#8109=DIRECTION('',(0.707106781186548,0.707106781186548,0.));
#8110=DIRECTION('',(0.,0.,1.));
#8111=DIRECTION('',(0.,0.,-1.));
#8112=DIRECTION('center_axis',(-0.707106781186548,0.,0.707106781186548));
#8113=DIRECTION('ref_axis',(0.707106781186548,0.,0.707106781186548));
#8114=DIRECTION('',(0.,1.,0.));
#8115=DIRECTION('',(0.,-1.,0.));
#8116=DIRECTION('center_axis',(0.,0.707106781186548,0.707106781186548));
#8117=DIRECTION('ref_axis',(1.,0.,0.));
#8118=DIRECTION('',(-1.,0.,0.));
#8119=DIRECTION('',(1.,0.,0.));
#8120=DIRECTION('',(-0.577350269189626,0.577350269189626,-0.577350269189626));
#8121=DIRECTION('center_axis',(-0.707106781186548,0.,0.707106781186548));
#8122=DIRECTION('ref_axis',(0.707106781186548,0.,0.707106781186548));
#8123=DIRECTION('',(0.,-1.,0.));
#8124=DIRECTION('',(0.,1.,0.));
#8125=DIRECTION('',(-0.577350269189631,-0.577350269189623,-0.577350269189624));
#8126=DIRECTION('center_axis',(1.40186826668194E-17,-0.707106781186548,
0.707106781186547));
#8127=DIRECTION('ref_axis',(1.,0.,-1.98254111540207E-17));
#8128=DIRECTION('',(1.,1.98254111540207E-17,0.));
#8129=DIRECTION('',(-1.,-1.98254111540207E-17,0.));
#8130=DIRECTION('',(0.577350269189626,-0.577350269189625,-0.577350269189626));
#8131=DIRECTION('center_axis',(0.707106781186548,0.,0.707106781186548));
#8132=DIRECTION('ref_axis',(0.707106781186548,0.,-0.707106781186548));
#8133=DIRECTION('',(0.,1.,0.));
#8134=DIRECTION('',(0.,-1.,0.));
#8135=DIRECTION('',(0.577350269189626,0.577350269189626,-0.577350269189626));
#8136=DIRECTION('center_axis',(0.,0.707106781186548,0.707106781186548));
#8137=DIRECTION('ref_axis',(1.,0.,0.));
#8138=DIRECTION('',(1.,0.,0.));
#8139=DIRECTION('',(-1.,0.,0.));
#8140=DIRECTION('center_axis',(0.707106781186548,0.,0.707106781186548));
#8141=DIRECTION('ref_axis',(0.707106781186548,0.,-0.707106781186548));
#8142=DIRECTION('',(0.,-1.,0.));
#8143=DIRECTION('',(0.,1.,0.));
#8144=DIRECTION('center_axis',(0.707106781186546,0.698884329741613,0.107520666114094));
#8145=DIRECTION('ref_axis',(0.150329205600566,0.,-0.988635994663103));
#8146=DIRECTION('',(0.,-0.152057184253941,0.988371697650617));
#8147=DIRECTION('',(0.,0.152057184253941,-0.988371697650617));
#8148=DIRECTION('center_axis',(0.707106781186548,0.707106781186548,0.));
#8149=DIRECTION('ref_axis',(0.,0.,-1.));
#8150=DIRECTION('',(0.,0.,-1.));
#8151=DIRECTION('',(0.707106781186548,-0.707106781186548,0.));
#8152=DIRECTION('',(0.,0.,1.));
#8153=DIRECTION('center_axis',(-1.,0.,0.));
#8154=DIRECTION('ref_axis',(0.,-1.,0.));
#8155=DIRECTION('',(0.,1.,0.));
#8156=DIRECTION('',(0.,0.,1.));
#8157=DIRECTION('center_axis',(0.,1.,0.));
#8158=DIRECTION('ref_axis',(-1.,0.,0.));
#8159=DIRECTION('',(0.,0.,1.));
#8160=DIRECTION('',(1.,0.,0.));
#8161=DIRECTION('center_axis',(-1.,0.,0.));
#8162=DIRECTION('ref_axis',(0.,-1.,0.));
#8163=DIRECTION('',(0.,0.,1.));
#8164=DIRECTION('',(0.,-1.,0.));
#8165=DIRECTION('',(0.,-0.707106781186547,-0.707106781186547));
#8166=DIRECTION('',(0.,0.,-1.));
#8167=DIRECTION('',(0.,-1.,0.));
#8168=DIRECTION('',(0.,0.,-1.));
#8169=DIRECTION('',(0.,-0.707106781186548,0.707106781186548));
#8170=DIRECTION('',(0.,1.,0.));
#8171=DIRECTION('center_axis',(1.98254111540207E-17,-1.,0.));
#8172=DIRECTION('ref_axis',(1.,1.98254111540207E-17,0.));
#8173=DIRECTION('',(0.,0.,1.));
#8174=DIRECTION('',(1.,1.98254111540207E-17,0.));
#8175=DIRECTION('',(0.,0.,1.));
#8176=DIRECTION('',(1.,1.98254111540207E-17,8.49660478029467E-18));
#8177=DIRECTION('',(0.,0.,-1.));
#8178=DIRECTION('',(-1.,-1.98254111540207E-17,1.98254111540205E-17));
#8179=DIRECTION('',(0.,0.,1.));
#8180=DIRECTION('',(1.,1.98254111540207E-17,0.));
#8181=DIRECTION('',(0.,0.,-1.));
#8182=DIRECTION('',(-1.,-1.98254111540207E-17,0.));
#8183=DIRECTION('',(0.,0.,-1.));
#8184=DIRECTION('',(-1.,-1.98254111540207E-17,0.));
#8185=DIRECTION('',(0.,0.,1.));
#8186=DIRECTION('',(1.,1.98254111540207E-17,0.));
#8187=DIRECTION('',(0.,0.,-1.));
#8188=DIRECTION('',(-1.,-1.98254111540207E-17,0.));
#8189=DIRECTION('',(0.,0.,1.));
#8190=DIRECTION('',(1.,1.98254111540207E-17,0.));
#8191=DIRECTION('',(0.,0.,-1.));
#8192=DIRECTION('',(-1.,-1.98254111540207E-17,0.));
#8193=DIRECTION('',(0.,0.,1.));
#8194=DIRECTION('',(1.,1.98254111540207E-17,0.));
#8195=DIRECTION('',(0.,0.,-1.));
#8196=DIRECTION('',(-1.,-1.98254111540207E-17,0.));
#8197=DIRECTION('',(0.,0.,1.));
#8198=DIRECTION('',(1.,1.98254111540207E-17,0.));
#8199=DIRECTION('center_axis',(1.,0.,0.));
#8200=DIRECTION('ref_axis',(0.,1.,0.));
#8201=DIRECTION('',(0.,0.,1.));
#8202=DIRECTION('',(0.,1.,0.));
#8203=DIRECTION('',(0.,0.707106781186548,-0.707106781186548));
#8204=DIRECTION('',(0.,0.,-1.));
#8205=DIRECTION('',(0.,1.,0.));
#8206=DIRECTION('',(0.,0.,1.));
#8207=DIRECTION('',(0.,0.707106781186548,0.707106781186548));
#8208=DIRECTION('',(0.,1.,0.));
#8209=DIRECTION('center_axis',(0.,0.988371697650617,0.152057184253941));
#8210=DIRECTION('ref_axis',(0.,0.152057184253941,-0.988371697650617));
#8211=DIRECTION('',(-1.,0.,0.));
#8212=DIRECTION('',(0.,0.152057184253941,-0.988371697650617));
#8213=DIRECTION('',(-1.,0.,0.));
#8214=DIRECTION('center_axis',(0.,0.70710678118654,-0.707106781186555));
#8215=DIRECTION('ref_axis',(0.,-0.707106781186555,-0.70710678118654));
#8216=DIRECTION('',(1.,0.,0.));
#8217=DIRECTION('',(0.,-0.707106781186555,-0.70710678118654));
#8218=DIRECTION('center_axis',(0.,1.,0.));
#8219=DIRECTION('ref_axis',(-1.,0.,0.));
#8220=DIRECTION('',(0.,0.,-1.));
#8221=DIRECTION('',(-1.,0.,0.));
#8222=DIRECTION('center_axis',(0.,0.,1.));
#8223=DIRECTION('ref_axis',(1.,0.,0.));
#8224=DIRECTION('center_axis',(0.,-0.707106781186548,0.707106781186548));
#8225=DIRECTION('ref_axis',(1.,0.,0.));
#8226=DIRECTION('',(-1.,0.,0.));
#8227=DIRECTION('',(0.,0.707106781186548,0.707106781186548));
#8228=DIRECTION('',(1.,0.,0.));
#8229=DIRECTION('center_axis',(0.,-1.,0.));
#8230=DIRECTION('ref_axis',(1.,0.,0.));
#8231=DIRECTION('',(0.,0.,1.));
#8232=DIRECTION('',(-1.,0.,0.));
#8233=DIRECTION('center_axis',(0.,0.,-1.));
#8234=DIRECTION('ref_axis',(-1.,0.,0.));
#8235=DIRECTION('',(-0.707106781186547,8.65956056235493E-17,0.707106781186547));
#8236=DIRECTION('center_axis',(0.,0.,1.));
#8237=DIRECTION('ref_axis',(-1.,0.,0.));
#8238=DIRECTION('center_axis',(0.,0.,-1.));
#8239=DIRECTION('ref_axis',(-1.,0.,0.));
#8240=DIRECTION('center_axis',(0.,0.,-1.));
#8241=DIRECTION('ref_axis',(-1.,0.,0.));
#8242=DIRECTION('',(0.,0.,-1.));
#8243=DIRECTION('center_axis',(0.,0.,-1.));
#8244=DIRECTION('ref_axis',(-1.,0.,0.));
#8245=DIRECTION('',(-0.707106781186547,8.65956056235493E-17,0.707106781186547));
#8246=DIRECTION('center_axis',(0.,0.,1.));
#8247=DIRECTION('ref_axis',(-1.,0.,0.));
#8248=DIRECTION('center_axis',(0.,0.,-1.));
#8249=DIRECTION('ref_axis',(-1.,0.,0.));
#8250=DIRECTION('center_axis',(0.,0.,-1.));
#8251=DIRECTION('ref_axis',(-1.,0.,0.));
#8252=DIRECTION('',(0.,0.,-1.));
#8253=DIRECTION('center_axis',(0.,0.,-1.));
#8254=DIRECTION('ref_axis',(-1.,0.,0.));
#8255=DIRECTION('',(-0.707106781186547,8.65956056235493E-17,0.707106781186547));
#8256=DIRECTION('center_axis',(0.,0.,1.));
#8257=DIRECTION('ref_axis',(-1.,0.,0.));
#8258=DIRECTION('center_axis',(0.,0.,-1.));
#8259=DIRECTION('ref_axis',(-1.,0.,0.));
#8260=DIRECTION('center_axis',(0.,0.,-1.));
#8261=DIRECTION('ref_axis',(-1.,0.,0.));
#8262=DIRECTION('',(0.,0.,-1.));
#8263=DIRECTION('center_axis',(0.,0.,-1.));
#8264=DIRECTION('ref_axis',(-1.,0.,0.));
#8265=DIRECTION('',(-0.707106781186547,8.65956056235493E-17,0.707106781186547));
#8266=DIRECTION('center_axis',(0.,0.,1.));
#8267=DIRECTION('ref_axis',(-1.,0.,0.));
#8268=DIRECTION('center_axis',(0.,0.,-1.));
#8269=DIRECTION('ref_axis',(-1.,0.,0.));
#8270=DIRECTION('center_axis',(0.,0.,-1.));
#8271=DIRECTION('ref_axis',(-1.,0.,0.));
#8272=DIRECTION('',(0.,0.,-1.));
#8273=DIRECTION('center_axis',(0.,0.,-1.));
#8274=DIRECTION('ref_axis',(1.,0.,0.));
#8275=DIRECTION('',(0.,0.707106781186548,-0.707106781186548));
#8276=DIRECTION('',(0.,0.707106781186548,0.707106781186548));
#8277=DIRECTION('center_axis',(0.,0.,1.));
#8278=DIRECTION('ref_axis',(1.,0.,0.));
#8279=DIRECTION('center_axis',(0.,-0.707106781186548,-0.707106781186548));
#8280=DIRECTION('ref_axis',(-1.,0.,0.));
#8281=DIRECTION('',(0.,0.707106781186548,-0.707106781186548));
#8282=DIRECTION('',(-1.,0.,0.));
#8283=DIRECTION('center_axis',(0.,0.,-1.));
#8284=DIRECTION('ref_axis',(-1.,0.,0.));
#8285=DIRECTION('',(0.,-0.707106781186548,-0.707106781186548));
#8286=DIRECTION('center_axis',(0.,0.,1.));
#8287=DIRECTION('ref_axis',(-1.,0.,0.));
#8288=DIRECTION('center_axis',(0.,0.707106781186548,-0.707106781186548));
#8289=DIRECTION('ref_axis',(-1.,0.,0.));
#8290=DIRECTION('',(1.,0.,0.));
#8291=DIRECTION('center_axis',(0.,1.,0.));
#8292=DIRECTION('ref_axis',(1.,0.,0.));
#8293=DIRECTION('',(0.,0.,-1.));
#8294=DIRECTION('',(1.,0.,0.));
#8295=DIRECTION('',(0.,0.,-1.));
#8296=DIRECTION('center_axis',(0.,0.,-1.));
#8297=DIRECTION('ref_axis',(1.,1.22464679914735E-16,0.));
#8298=DIRECTION('',(0.,0.,-1.));
#8299=DIRECTION('center_axis',(0.,0.,-1.));
#8300=DIRECTION('ref_axis',(1.,0.,0.));
#8301=DIRECTION('center_axis',(0.,0.,1.));
#8302=DIRECTION('ref_axis',(-1.,0.,0.));
#8303=DIRECTION('center_axis',(0.,0.,1.));
#8304=DIRECTION('ref_axis',(-1.,0.,0.));
#8305=DIRECTION('',(-0.707106781186547,-8.65956056235493E-17,-0.707106781186547));
#8306=DIRECTION('center_axis',(0.,0.,-1.));
#8307=DIRECTION('ref_axis',(1.,0.,0.));
#8308=DIRECTION('',(0.,1.,0.));
#8309=DIRECTION('',(1.,1.85037170770859E-17,0.));
#8310=DIRECTION('',(8.88178419700125E-17,-1.,0.));
#8311=DIRECTION('',(-1.,0.,0.));
#8312=DIRECTION('',(1.,0.,0.));
#8313=DIRECTION('',(0.,-1.,0.));
#8314=DIRECTION('',(0.,-1.,0.));
#8315=DIRECTION('center_axis',(0.,0.,-1.));
#8316=DIRECTION('ref_axis',(0.17410687306847,0.984726762483035,0.));
#8317=DIRECTION('',(-1.,0.,0.));
#8318=DIRECTION('',(0.,-1.,0.));
#8319=DIRECTION('',(-1.,0.,0.));
#8320=DIRECTION('center_axis',(0.,0.,1.));
#8321=DIRECTION('ref_axis',(0.,-1.,0.));
#8322=DIRECTION('',(1.,0.,0.));
#8323=DIRECTION('center_axis',(0.,0.,1.));
#8324=DIRECTION('ref_axis',(1.,8.88178419700126E-16,0.));
#8325=DIRECTION('center_axis',(0.,0.,1.));
#8326=DIRECTION('ref_axis',(0.,1.,0.));
#8327=DIRECTION('',(-1.,-8.62309145339927E-17,0.));
#8328=DIRECTION('center_axis',(0.,0.,1.));
#8329=DIRECTION('ref_axis',(-1.,-8.88178419700128E-16,0.));
#8330=DIRECTION('center_axis',(0.,0.,1.));
#8331=DIRECTION('ref_axis',(-1.,0.,0.));
#8332=DIRECTION('center_axis',(0.,0.,1.));
#8333=DIRECTION('ref_axis',(-1.,0.,0.));
#8334=DIRECTION('center_axis',(0.,0.,1.));
#8335=DIRECTION('ref_axis',(-1.,0.,0.));
#8336=DIRECTION('',(-1.,0.,0.));
#8337=DIRECTION('center_axis',(0.,0.,1.));
#8338=DIRECTION('ref_axis',(1.,0.,0.));
#8339=DIRECTION('',(1.,0.,0.));
#8340=DIRECTION('center_axis',(0.,0.,1.));
#8341=DIRECTION('ref_axis',(-1.,0.,0.));
#8342=DIRECTION('center_axis',(0.,0.,1.));
#8343=DIRECTION('ref_axis',(-1.,0.,0.));
#8344=DIRECTION('',(-0.707106781186547,-8.65956056235493E-17,-0.707106781186547));
#8345=DIRECTION('center_axis',(0.,0.,1.));
#8346=DIRECTION('ref_axis',(-1.,0.,0.));
#8347=DIRECTION('',(-0.707106781186547,-8.65956056235493E-17,-0.707106781186547));
#8348=DIRECTION('center_axis',(0.,0.,1.));
#8349=DIRECTION('ref_axis',(-1.,0.,0.));
#8350=DIRECTION('',(-0.707106781186547,-8.65956056235493E-17,-0.707106781186547));
#8351=DIRECTION('center_axis',(0.,0.,1.));
#8352=DIRECTION('ref_axis',(-1.,0.,0.));
#8353=DIRECTION('',(0.,0.707106781186548,0.707106781186548));
#8354=DIRECTION('',(0.,0.707106781186548,-0.707106781186548));
#8355=DIRECTION('center_axis',(0.,0.,-1.));
#8356=DIRECTION('ref_axis',(-1.,0.,0.));
#8357=DIRECTION('center_axis',(0.,-0.707106781186548,0.707106781186548));
#8358=DIRECTION('ref_axis',(1.,0.,0.));
#8359=DIRECTION('',(0.,0.707106781186548,0.707106781186548));
#8360=DIRECTION('center_axis',(0.,0.,1.));
#8361=DIRECTION('ref_axis',(1.,0.,0.));
#8362=DIRECTION('',(0.,-0.707106781186548,0.707106781186548));
#8363=DIRECTION('center_axis',(0.,0.707106781186548,0.707106781186548));
#8364=DIRECTION('ref_axis',(1.,0.,0.));
#8365=DIRECTION('',(-1.,0.,0.));
#8366=DIRECTION('center_axis',(0.,0.,-1.));
#8367=DIRECTION('ref_axis',(-1.,0.,0.));
#8368=DIRECTION('',(0.,0.,-1.));
#8369=DIRECTION('center_axis',(0.,0.707106781186548,0.707106781186548));
#8370=DIRECTION('ref_axis',(1.,0.,0.));
#8371=DIRECTION('',(-1.,0.,0.));
#8372=DIRECTION('',(0.577350269189626,-0.577350269189626,0.577350269189626));
#8373=DIRECTION('center_axis',(0.577350269189626,0.577350269189626,0.577350269189626));
#8374=DIRECTION('ref_axis',(0.707106781186547,0.,-0.707106781186547));
#8375=DIRECTION('',(-0.707106781186548,0.,0.707106781186548));
#8376=DIRECTION('',(0.707106781186548,-0.707106781186548,0.));
#8377=DIRECTION('',(0.,0.707106781186548,-0.707106781186548));
#8378=DIRECTION('center_axis',(0.707106781186548,0.707106781186548,0.));
#8379=DIRECTION('ref_axis',(0.,0.,-1.));
#8380=DIRECTION('',(0.,0.,1.));
#8381=DIRECTION('',(0.,0.,-1.));
#8382=DIRECTION('center_axis',(0.,0.707106781186548,0.707106781186548));
#8383=DIRECTION('ref_axis',(1.,0.,0.));
#8384=DIRECTION('',(1.,0.,0.));
#8385=DIRECTION('',(-1.,0.,0.));
#8386=DIRECTION('center_axis',(0.707106781186548,0.,0.707106781186548));
#8387=DIRECTION('ref_axis',(0.707106781186548,0.,-0.707106781186548));
#8388=DIRECTION('',(0.,1.,0.));
#8389=DIRECTION('',(0.,-1.,0.));
#8390=DIRECTION('center_axis',(0.,1.,0.));
#8391=DIRECTION('ref_axis',(-1.,0.,0.));
#8392=DIRECTION('',(-1.,0.,0.));
#8393=DIRECTION('center_axis',(1.,0.,0.));
#8394=DIRECTION('ref_axis',(0.,1.,0.));
#8395=DIRECTION('center_axis',(0.,-0.707106781186548,0.707106781186548));
#8396=DIRECTION('ref_axis',(1.,0.,0.));
#8397=DIRECTION('',(1.,0.,0.));
#8398=DIRECTION('',(-1.,0.,0.));
#8399=DIRECTION('center_axis',(0.,-1.,0.));
#8400=DIRECTION('ref_axis',(1.,0.,0.));
#8401=DIRECTION('',(1.,0.,0.));
#8402=DIRECTION('center_axis',(6.09744644149039E-17,-0.707106781186547,
0.707106781186548));
#8403=DIRECTION('ref_axis',(1.,0.,-8.62309145339927E-17));
#8404=DIRECTION('',(0.,0.707106781186552,0.707106781186543));
#8405=DIRECTION('',(0.,-0.707106781186552,-0.707106781186543));
#8406=DIRECTION('',(1.,8.62309145339927E-17,0.));
#8407=DIRECTION('center_axis',(0.,0.,1.));
#8408=DIRECTION('ref_axis',(0.,1.,0.));
#8409=DIRECTION('',(0.707106781186548,0.,0.707106781186547));
#8410=DIRECTION('center_axis',(0.,0.,-1.));
#8411=DIRECTION('ref_axis',(0.,1.,0.));
#8412=DIRECTION('center_axis',(-0.70710678118654,-4.65212580350743E-16,
0.707106781186556));
#8413=DIRECTION('ref_axis',(0.707106781186556,0.,0.70710678118654));
#8414=DIRECTION('',(0.707106781186579,0.,0.707106781186516));
#8415=DIRECTION('center_axis',(0.,0.,1.));
#8416=DIRECTION('ref_axis',(1.,8.88178419700126E-16,0.));
#8417=DIRECTION('',(0.,-0.707106781186552,0.707106781186543));
#8418=DIRECTION('center_axis',(0.,0.,-1.));
#8419=DIRECTION('ref_axis',(1.,8.88178419700126E-16,0.));
#8420=DIRECTION('center_axis',(0.,0.707106781186547,0.707106781186548));
#8421=DIRECTION('ref_axis',(1.,0.,0.));
#8422=DIRECTION('',(0.,-0.707106781186548,0.707106781186547));
#8423=DIRECTION('',(-1.,0.,0.));
#8424=DIRECTION('center_axis',(0.,0.,1.));
#8425=DIRECTION('ref_axis',(0.,-1.,0.));
#8426=DIRECTION('',(-0.707106781186548,0.,0.707106781186547));
#8427=DIRECTION('center_axis',(0.,0.,-1.));
#8428=DIRECTION('ref_axis',(0.,-1.,0.));
#8429=DIRECTION('center_axis',(0.707106781186547,0.,0.707106781186548));
#8430=DIRECTION('ref_axis',(0.707106781186548,0.,-0.707106781186547));
#8431=DIRECTION('',(-0.707106781186556,0.,0.70710678118654));
#8432=DIRECTION('center_axis',(0.,0.,1.));
#8433=DIRECTION('ref_axis',(-1.,-8.88178419700128E-16,0.));
#8434=DIRECTION('center_axis',(0.,0.,-1.));
#8435=DIRECTION('ref_axis',(-1.,-8.88178419700128E-16,0.));
#8436=DIRECTION('center_axis',(0.,0.,-1.));
#8437=DIRECTION('ref_axis',(1.,8.88178419700126E-16,0.));
#8438=DIRECTION('',(0.,0.,-1.));
#8439=DIRECTION('center_axis',(0.,0.,-1.));
#8440=DIRECTION('ref_axis',(0.,1.,0.));
#8441=DIRECTION('',(0.,0.,-1.));
#8442=DIRECTION('center_axis',(-8.62309145339927E-17,1.,0.));
#8443=DIRECTION('ref_axis',(1.,8.62309145339927E-17,0.));
#8444=DIRECTION('',(0.,0.,-1.));
#8445=DIRECTION('center_axis',(-1.,0.,0.));
#8446=DIRECTION('ref_axis',(0.,0.,1.));
#8447=DIRECTION('',(0.,1.,0.));
#8448=DIRECTION('',(0.,0.,-1.));
#8449=DIRECTION('',(0.,1.,0.));
#8450=DIRECTION('center_axis',(-1.,0.,0.));
#8451=DIRECTION('ref_axis',(0.,0.,1.));
#8452=DIRECTION('',(0.,1.,0.));
#8453=DIRECTION('',(0.,0.,1.));
#8454=DIRECTION('',(0.,1.,0.));
#8455=DIRECTION('center_axis',(0.,0.,-1.));
#8456=DIRECTION('ref_axis',(-1.,0.,0.));
#8457=DIRECTION('',(0.,1.,0.));
#8458=DIRECTION('',(1.,1.85037170770859E-17,0.));
#8459=DIRECTION('center_axis',(0.,0.,-1.));
#8460=DIRECTION('ref_axis',(-1.,0.,0.));
#8461=DIRECTION('',(-1.,0.,0.));
#8462=DIRECTION('',(0.,1.,0.));
#8463=DIRECTION('center_axis',(0.,0.,1.));
#8464=DIRECTION('ref_axis',(1.,0.,0.));
#8465=DIRECTION('',(-1.,-1.85037170770859E-17,0.));
#8466=DIRECTION('',(0.,1.,0.));
#8467=DIRECTION('center_axis',(1.,0.,0.));
#8468=DIRECTION('ref_axis',(0.,0.,-1.));
#8469=DIRECTION('',(0.,0.,1.));
#8470=DIRECTION('center_axis',(1.,0.,0.));
#8471=DIRECTION('ref_axis',(0.,0.,-1.));
#8472=DIRECTION('',(0.,0.,-1.));
#8473=DIRECTION('',(0.,1.,0.));
#8474=DIRECTION('center_axis',(0.,0.,1.));
#8475=DIRECTION('ref_axis',(1.,0.,0.));
#8476=DIRECTION('',(1.,0.,0.));
#8477=DIRECTION('center_axis',(-1.,0.,0.));
#8478=DIRECTION('ref_axis',(0.,0.,1.));
#8479=DIRECTION('',(0.,1.,0.));
#8480=DIRECTION('',(0.,0.,-1.));
#8481=DIRECTION('',(0.,1.,0.));
#8482=DIRECTION('center_axis',(-1.,0.,0.));
#8483=DIRECTION('ref_axis',(0.,0.,1.));
#8484=DIRECTION('',(0.,1.,0.));
#8485=DIRECTION('',(0.,0.,1.));
#8486=DIRECTION('',(0.,1.,0.));
#8487=DIRECTION('center_axis',(0.,0.,-1.));
#8488=DIRECTION('ref_axis',(-1.,0.,0.));
#8489=DIRECTION('',(0.,1.,0.));
#8490=DIRECTION('',(1.,1.85037170770859E-17,0.));
#8491=DIRECTION('center_axis',(0.,0.,-1.));
#8492=DIRECTION('ref_axis',(-1.,0.,0.));
#8493=DIRECTION('',(-1.,0.,0.));
#8494=DIRECTION('',(0.,1.,0.));
#8495=DIRECTION('center_axis',(0.,0.,1.));
#8496=DIRECTION('ref_axis',(1.,0.,0.));
#8497=DIRECTION('',(-1.,-1.85037170770859E-17,0.));
#8498=DIRECTION('',(0.,1.,0.));
#8499=DIRECTION('center_axis',(1.,0.,0.));
#8500=DIRECTION('ref_axis',(0.,0.,-1.));
#8501=DIRECTION('',(0.,0.,1.));
#8502=DIRECTION('center_axis',(1.,0.,0.));
#8503=DIRECTION('ref_axis',(0.,0.,-1.));
#8504=DIRECTION('',(0.,0.,-1.));
#8505=DIRECTION('',(0.,1.,0.));
#8506=DIRECTION('center_axis',(0.,0.,1.));
#8507=DIRECTION('ref_axis',(1.,0.,0.));
#8508=DIRECTION('',(1.,0.,0.));
#8509=DIRECTION('center_axis',(-1.,0.,0.));
#8510=DIRECTION('ref_axis',(0.,0.,1.));
#8511=DIRECTION('',(0.,1.,0.));
#8512=DIRECTION('',(0.,0.,-1.));
#8513=DIRECTION('',(0.,1.,0.));
#8514=DIRECTION('center_axis',(-1.,0.,0.));
#8515=DIRECTION('ref_axis',(0.,0.,1.));
#8516=DIRECTION('',(0.,1.,0.));
#8517=DIRECTION('',(0.,0.,1.));
#8518=DIRECTION('',(0.,1.,0.));
#8519=DIRECTION('center_axis',(0.,0.,-1.));
#8520=DIRECTION('ref_axis',(-1.,0.,0.));
#8521=DIRECTION('',(0.,1.,0.));
#8522=DIRECTION('',(1.,1.85037170770859E-17,0.));
#8523=DIRECTION('center_axis',(0.,0.,-1.));
#8524=DIRECTION('ref_axis',(-1.,0.,0.));
#8525=DIRECTION('',(-1.,0.,0.));
#8526=DIRECTION('',(0.,1.,0.));
#8527=DIRECTION('center_axis',(0.,0.,1.));
#8528=DIRECTION('ref_axis',(1.,0.,0.));
#8529=DIRECTION('',(-1.,-1.85037170770859E-17,0.));
#8530=DIRECTION('',(0.,1.,0.));
#8531=DIRECTION('center_axis',(1.,0.,0.));
#8532=DIRECTION('ref_axis',(0.,0.,-1.));
#8533=DIRECTION('',(0.,0.,1.));
#8534=DIRECTION('center_axis',(1.,0.,0.));
#8535=DIRECTION('ref_axis',(0.,0.,-1.));
#8536=DIRECTION('',(0.,0.,-1.));
#8537=DIRECTION('',(0.,1.,0.));
#8538=DIRECTION('center_axis',(0.,0.,1.));
#8539=DIRECTION('ref_axis',(1.,0.,0.));
#8540=DIRECTION('',(1.,0.,0.));
#8541=DIRECTION('center_axis',(-1.,0.,0.));
#8542=DIRECTION('ref_axis',(0.,0.,1.));
#8543=DIRECTION('',(0.,1.,0.));
#8544=DIRECTION('',(0.,0.,-1.));
#8545=DIRECTION('',(0.,1.,0.));
#8546=DIRECTION('center_axis',(-1.,0.,0.));
#8547=DIRECTION('ref_axis',(0.,0.,1.));
#8548=DIRECTION('',(0.,1.,0.));
#8549=DIRECTION('',(0.,0.,1.));
#8550=DIRECTION('',(0.,1.,0.));
#8551=DIRECTION('center_axis',(0.,0.,-1.));
#8552=DIRECTION('ref_axis',(-1.,0.,0.));
#8553=DIRECTION('',(0.,1.,0.));
#8554=DIRECTION('',(1.,1.85037170770859E-17,0.));
#8555=DIRECTION('center_axis',(0.,0.,-1.));
#8556=DIRECTION('ref_axis',(-1.,0.,0.));
#8557=DIRECTION('',(-1.,0.,0.));
#8558=DIRECTION('',(0.,1.,0.));
#8559=DIRECTION('center_axis',(0.,0.,1.));
#8560=DIRECTION('ref_axis',(1.,0.,0.));
#8561=DIRECTION('',(-1.,-1.85037170770859E-17,0.));
#8562=DIRECTION('',(0.,1.,0.));
#8563=DIRECTION('center_axis',(1.,0.,0.));
#8564=DIRECTION('ref_axis',(0.,0.,-1.));
#8565=DIRECTION('',(0.,0.,1.));
#8566=DIRECTION('center_axis',(1.,0.,0.));
#8567=DIRECTION('ref_axis',(0.,0.,-1.));
#8568=DIRECTION('',(0.,0.,-1.));
#8569=DIRECTION('',(0.,1.,0.));
#8570=DIRECTION('center_axis',(0.,0.,1.));
#8571=DIRECTION('ref_axis',(1.,0.,0.));
#8572=DIRECTION('',(1.,0.,0.));
#8573=DIRECTION('center_axis',(1.,0.,0.));
#8574=DIRECTION('ref_axis',(0.,0.,-1.));
#8575=DIRECTION('',(0.,1.,0.));
#8576=DIRECTION('',(0.,0.,1.));
#8577=DIRECTION('',(0.,1.,0.));
#8578=DIRECTION('center_axis',(1.,0.,0.));
#8579=DIRECTION('ref_axis',(0.,0.,-1.));
#8580=DIRECTION('',(0.,1.,0.));
#8581=DIRECTION('',(0.,0.,-1.));
#8582=DIRECTION('',(0.,1.,0.));
#8583=DIRECTION('center_axis',(0.,0.,1.));
#8584=DIRECTION('ref_axis',(1.,0.,0.));
#8585=DIRECTION('',(0.,1.,0.));
#8586=DIRECTION('',(-1.,-1.85037170770859E-17,0.));
#8587=DIRECTION('center_axis',(0.,0.,1.));
#8588=DIRECTION('ref_axis',(1.,0.,0.));
#8589=DIRECTION('',(1.,0.,0.));
#8590=DIRECTION('',(0.,1.,0.));
#8591=DIRECTION('center_axis',(0.,0.,-1.));
#8592=DIRECTION('ref_axis',(-1.,0.,0.));
#8593=DIRECTION('',(1.,1.85037170770859E-17,0.));
#8594=DIRECTION('',(0.,1.,0.));
#8595=DIRECTION('center_axis',(-1.,0.,0.));
#8596=DIRECTION('ref_axis',(0.,0.,1.));
#8597=DIRECTION('',(0.,0.,-1.));
#8598=DIRECTION('center_axis',(-1.,0.,0.));
#8599=DIRECTION('ref_axis',(0.,0.,1.));
#8600=DIRECTION('',(0.,0.,1.));
#8601=DIRECTION('',(0.,1.,0.));
#8602=DIRECTION('center_axis',(0.,0.,-1.));
#8603=DIRECTION('ref_axis',(-1.,0.,0.));
#8604=DIRECTION('',(-1.,0.,0.));
#8605=DIRECTION('',(0.,0.,1.));
#8606=DIRECTION('',(0.,0.,1.));
#8607=DIRECTION('center_axis',(0.,0.,1.));
#8608=DIRECTION('ref_axis',(0.17410687306847,0.984726762483035,0.));
#8609=DIRECTION('center_axis',(0.,0.,1.));
#8610=DIRECTION('ref_axis',(0.17410687306847,0.984726762483035,0.));
#8611=DIRECTION('',(0.,0.,1.));
#8612=DIRECTION('',(0.,0.,1.));
#8613=DIRECTION('center_axis',(0.,0.,1.));
#8614=DIRECTION('ref_axis',(-1.,0.,0.));
#8615=DIRECTION('',(1.,0.,0.));
#8616=DIRECTION('center_axis',(0.,-1.,0.));
#8617=DIRECTION('ref_axis',(1.,0.,0.));
#8618=DIRECTION('',(0.,0.,1.));
#8619=DIRECTION('center_axis',(-1.,0.,0.));
#8620=DIRECTION('ref_axis',(0.,0.,1.));
#8621=DIRECTION('center_axis',(1.,0.,0.));
#8622=DIRECTION('ref_axis',(0.,0.,-1.));
#8623=DIRECTION('center_axis',(-1.,0.,0.));
#8624=DIRECTION('ref_axis',(0.,0.,1.));
#8625=DIRECTION('',(0.,-0.707106781186549,0.707106781186546));
#8626=DIRECTION('',(0.,0.919145030018056,0.393919298579172));
#8627=DIRECTION('center_axis',(0.,-0.707106781186546,-0.707106781186549));
#8628=DIRECTION('ref_axis',(0.,0.707106781186549,-0.707106781186546));
#8629=DIRECTION('',(0.,0.707106781186549,-0.707106781186546));
#8630=DIRECTION('',(1.,0.,0.));
#8631=DIRECTION('center_axis',(0.,-0.393919298579172,0.919145030018056));
#8632=DIRECTION('ref_axis',(0.,-0.919145030018056,-0.393919298579172));
#8633=DIRECTION('',(0.,-0.919145030018056,-0.393919298579172));
#8634=DIRECTION('center_axis',(1.,0.,0.));
#8635=DIRECTION('ref_axis',(0.,0.,-1.));
#8636=DIRECTION('center_axis',(0.,0.,-1.));
#8637=DIRECTION('ref_axis',(-1.,0.,0.));
#8638=DIRECTION('center_axis',(0.,0.,1.));
#8639=DIRECTION('ref_axis',(1.,0.,0.));
#8640=DIRECTION('',(0.,-1.,0.));
#8641=DIRECTION('center_axis',(0.,0.,1.));
#8642=DIRECTION('ref_axis',(1.,0.,0.));
#8643=DIRECTION('center_axis',(0.,-1.,0.));
#8644=DIRECTION('ref_axis',(-1.,0.,0.));
#8645=DIRECTION('center_axis',(1.,0.,0.));
#8646=DIRECTION('ref_axis',(0.,1.,0.));
#8647=DIRECTION('center_axis',(1.,0.,0.));
#8648=DIRECTION('ref_axis',(0.,1.,0.));
#8649=DIRECTION('center_axis',(0.,-1.,0.));
#8650=DIRECTION('ref_axis',(1.,0.,0.));
#8651=DIRECTION('',(0.,0.,1.));
#8652=DIRECTION('center_axis',(-1.,0.,0.));
#8653=DIRECTION('ref_axis',(0.,-1.,0.));
#8654=DIRECTION('',(0.,0.,1.));
#8655=DIRECTION('center_axis',(-1.85037170770859E-17,1.,0.));
#8656=DIRECTION('ref_axis',(-1.,-1.85037170770859E-17,0.));
#8657=DIRECTION('',(0.,0.,1.));
#8658=DIRECTION('center_axis',(1.,8.88178419700125E-17,0.));
#8659=DIRECTION('ref_axis',(-8.88178419700125E-17,1.,0.));
#8660=DIRECTION('',(0.,0.,1.));
#8661=DIRECTION('center_axis',(0.,-1.,0.));
#8662=DIRECTION('ref_axis',(1.,0.,0.));
#8663=DIRECTION('center_axis',(0.,0.894427190999917,-0.447213595499955));
#8664=DIRECTION('ref_axis',(0.,-0.447213595499955,-0.894427190999917));
#8665=DIRECTION('',(1.,0.,0.));
#8666=DIRECTION('',(2.9422627001449E-16,-0.447213595499955,-0.894427190999917));
#8667=DIRECTION('',(-1.,0.,0.));
#8668=DIRECTION('center_axis',(0.,-0.894427190999915,-0.447213595499959));
#8669=DIRECTION('ref_axis',(0.,-0.447213595499959,0.894427190999915));
#8670=DIRECTION('',(1.,0.,0.));
#8671=DIRECTION('',(2.94226270014493E-16,-0.447213595499959,0.894427190999915));
#8672=DIRECTION('',(1.,0.,0.));
#8673=DIRECTION('center_axis',(0.,0.,-1.));
#8674=DIRECTION('ref_axis',(0.,-1.,0.));
#8675=DIRECTION('',(6.57909940518611E-16,-1.,0.));
#8676=DIRECTION('center_axis',(0.,0.,-1.));
#8677=DIRECTION('ref_axis',(1.,0.,0.));
#8678=DIRECTION('',(6.57909940518611E-16,-1.,0.));
#8679=DIRECTION('center_axis',(0.,0.,-1.));
#8680=DIRECTION('ref_axis',(0.,1.,0.));
#8681=DIRECTION('',(1.,8.62309145339927E-17,0.));
#8682=DIRECTION('',(-1.,0.,0.));
#8683=DIRECTION('center_axis',(0.,0.,-1.));
#8684=DIRECTION('ref_axis',(-1.,-1.0449157878825E-15,0.));
#8685=DIRECTION('',(1.,8.62309145339927E-17,0.));
#8686=DIRECTION('center_axis',(0.,0.,-1.));
#8687=DIRECTION('ref_axis',(0.,1.,0.));
#8688=DIRECTION('center_axis',(0.,0.,-1.));
#8689=DIRECTION('ref_axis',(1.,0.,0.));
#8690=DIRECTION('',(1.,0.,0.));
#8691=DIRECTION('center_axis',(0.,0.,-1.));
#8692=DIRECTION('ref_axis',(1.,8.88178419700126E-16,0.));
#8693=DIRECTION('',(6.57909940518611E-16,-1.,0.));
#8694=DIRECTION('center_axis',(0.,0.894427190999917,-0.447213595499955));
#8695=DIRECTION('ref_axis',(0.,0.447213595499955,0.894427190999917));
#8696=DIRECTION('',(1.,0.,0.));
#8697=DIRECTION('center_axis',(0.,2.22044604925031E-15,-1.));
#8698=DIRECTION('ref_axis',(0.,1.,2.22044604925031E-15));
#8699=DIRECTION('',(-1.,0.,0.));
#8700=DIRECTION('center_axis',(0.,-0.894427190999915,-0.447213595499959));
#8701=DIRECTION('ref_axis',(0.,0.447213595499959,-0.894427190999915));
#8702=DIRECTION('center_axis',(0.,0.,-1.));
#8703=DIRECTION('ref_axis',(-1.,-1.0449157878825E-15,0.));
#8704=DIRECTION('',(0.,0.,-1.));
#8705=DIRECTION('center_axis',(8.62309145339927E-17,-1.,0.));
#8706=DIRECTION('ref_axis',(-1.,-8.62309145339927E-17,0.));
#8707=DIRECTION('',(0.,0.,-1.));
#8708=DIRECTION('center_axis',(0.,0.,-1.));
#8709=DIRECTION('ref_axis',(0.,1.,0.));
#8710=DIRECTION('center_axis',(-8.62309145339927E-17,1.,0.));
#8711=DIRECTION('ref_axis',(1.,8.62309145339927E-17,0.));
#8712=DIRECTION('',(0.,0.,-1.));
#8713=DIRECTION('center_axis',(0.,0.,-1.));
#8714=DIRECTION('ref_axis',(0.,1.,0.));
#8715=DIRECTION('',(0.,0.,-1.));
#8716=DIRECTION('center_axis',(1.,6.57909940518611E-16,0.));
#8717=DIRECTION('ref_axis',(6.57909940518611E-16,-1.,0.));
#8718=DIRECTION('',(0.,0.,1.));
#8719=DIRECTION('center_axis',(0.,0.,-1.));
#8720=DIRECTION('ref_axis',(-1.,-8.88178419700128E-16,0.));
#8721=DIRECTION('center_axis',(0.,0.,-1.));
#8722=DIRECTION('ref_axis',(0.,-1.,0.));
#8723=DIRECTION('',(0.,0.,-1.));
#8724=DIRECTION('center_axis',(0.,-1.,0.));
#8725=DIRECTION('ref_axis',(-1.,0.,0.));
#8726=DIRECTION('center_axis',(0.,0.,-1.));
#8727=DIRECTION('ref_axis',(1.,8.88178419700126E-16,0.));
#8728=DIRECTION('',(0.,0.,1.));
#8729=DIRECTION('',(1.,0.,0.));
#8730=DIRECTION('',(0.,0.,1.));
#8731=DIRECTION('',(1.,0.,0.));
#8732=CARTESIAN_POINT('',(0.,0.,0.));
#8733=CARTESIAN_POINT('',(0.,0.,0.));
#8734=CARTESIAN_POINT('Origin',(-49.3,0.,-9.00000013411045));
#8735=CARTESIAN_POINT('',(-49.3,1.75,-9.00000013411045));
#8736=CARTESIAN_POINT('Origin',(-49.3,0.,-9.00000013411045));
#8737=CARTESIAN_POINT('',(-49.3,1.1,-9.00000013411045));
#8738=CARTESIAN_POINT('Origin',(-49.3,0.,-9.00000013411045));
#8739=CARTESIAN_POINT('Origin',(-49.9,0.,-9.00000013411045));
#8740=CARTESIAN_POINT('',(-50.5,1.75,-9.00000013411045));
#8741=CARTESIAN_POINT('Origin',(-50.5,0.,-9.00000013411045));
#8742=CARTESIAN_POINT('',(-49.9,1.75,-9.00000013411045));
#8743=CARTESIAN_POINT('Origin',(-46.5,0.,-9.00000013411045));
#8744=CARTESIAN_POINT('',(-49.,1.1,-9.00000013411045));
#8745=CARTESIAN_POINT('',(-46.5,1.1,-9.00000013411045));
#8746=CARTESIAN_POINT('Origin',(-49.,0.,-9.00000013411045));
#8747=CARTESIAN_POINT('Origin',(71.4999999999999,0.,-9.00000013411045));
#8748=CARTESIAN_POINT('',(71.4999999999999,-1.75,-9.00000013411045));
#8749=CARTESIAN_POINT('Origin',(71.4999999999999,0.,-9.00000013411045));
#8750=CARTESIAN_POINT('',(71.4999999999999,-1.1,-9.00000013411045));
#8751=CARTESIAN_POINT('Origin',(71.4999999999999,0.,-9.00000013411045));
#8752=CARTESIAN_POINT('Origin',(71.9999999999999,0.,-9.00000013411045));
#8753=CARTESIAN_POINT('',(72.4999999999999,-1.75,-9.00000013411045));
#8754=CARTESIAN_POINT('Origin',(72.4999999999999,0.,-9.00000013411045));
#8755=CARTESIAN_POINT('',(71.9999999999999,-1.75,-9.00000013411045));
#8756=CARTESIAN_POINT('Origin',(68.4999999999999,0.,-9.00000013411045));
#8757=CARTESIAN_POINT('',(70.9999999999999,-1.1,-9.00000013411045));
#8758=CARTESIAN_POINT('',(68.4999999999999,-1.1,-9.00000013411045));
#8759=CARTESIAN_POINT('Origin',(70.9999999999999,0.,-9.00000013411045));
#8760=CARTESIAN_POINT('Origin',(62.4999999999999,22.5,4.5));
#8761=CARTESIAN_POINT('',(71.4999999999999,22.5,5.));
#8762=CARTESIAN_POINT('',(72.4999999999999,22.5,4.));
#8763=CARTESIAN_POINT('',(71.4999999999999,22.5,5.));
#8764=CARTESIAN_POINT('',(62.4999999999999,32.5,4.));
#8765=CARTESIAN_POINT('Origin',(62.4999999999999,22.5,4.));
#8766=CARTESIAN_POINT('',(62.4999999999999,31.5,5.));
#8767=CARTESIAN_POINT('',(62.4999999999999,32.5,4.));
#8768=CARTESIAN_POINT('Origin',(62.4999999999999,22.5,5.));
#8769=CARTESIAN_POINT('Origin',(71.9999999999999,-16.25,4.5));
#8770=CARTESIAN_POINT('',(71.4999999999999,-22.5,5.));
#8771=CARTESIAN_POINT('',(71.4999999999999,-16.25,5.));
#8772=CARTESIAN_POINT('',(72.4999999999999,-22.5,4.));
#8773=CARTESIAN_POINT('',(71.4999999999999,-22.5,5.));
#8774=CARTESIAN_POINT('',(72.4999999999999,-16.25,4.));
#8775=CARTESIAN_POINT('Origin',(62.4999999999999,-22.5,4.5));
#8776=CARTESIAN_POINT('',(62.4999999999999,-31.5,5.));
#8777=CARTESIAN_POINT('',(62.4999999999999,-32.5,4.));
#8778=CARTESIAN_POINT('',(62.4999999999999,-31.5,5.));
#8779=CARTESIAN_POINT('Origin',(62.4999999999999,-22.5,4.));
#8780=CARTESIAN_POINT('Origin',(62.4999999999999,-22.5,5.));
#8781=CARTESIAN_POINT('Origin',(-19.7500000000001,-32.,4.5));
#8782=CARTESIAN_POINT('',(-40.5000000000001,-31.5,5.));
#8783=CARTESIAN_POINT('',(-19.7500000000001,-31.5,5.));
#8784=CARTESIAN_POINT('',(-40.5000000000001,-32.5,4.));
#8785=CARTESIAN_POINT('',(-40.5000000000001,-31.5,5.));
#8786=CARTESIAN_POINT('',(-19.7500000000001,-32.5,4.));
#8787=CARTESIAN_POINT('Origin',(-40.5000000000001,-22.5,4.5));
#8788=CARTESIAN_POINT('',(-49.5000000000001,-22.5,5.));
#8789=CARTESIAN_POINT('',(-50.5,-22.5,4.));
#8790=CARTESIAN_POINT('',(-49.5000000000001,-22.5,5.));
#8791=CARTESIAN_POINT('Origin',(-40.5000000000001,-22.5,4.));
#8792=CARTESIAN_POINT('Origin',(-40.5000000000001,-22.5,5.));
#8793=CARTESIAN_POINT('Origin',(-50.0000000000001,16.25,4.5));
#8794=CARTESIAN_POINT('',(-49.5000000000001,22.5,5.));
#8795=CARTESIAN_POINT('',(-49.5000000000001,16.25,5.));
#8796=CARTESIAN_POINT('',(-50.5,22.5,4.));
#8797=CARTESIAN_POINT('',(-49.5000000000001,22.5,5.));
#8798=CARTESIAN_POINT('',(-50.5,16.25,4.));
#8799=CARTESIAN_POINT('Origin',(-40.5000000000001,22.5,4.5));
#8800=CARTESIAN_POINT('',(-40.5000000000001,31.5,5.));
#8801=CARTESIAN_POINT('',(-40.5000000000001,32.5,4.));
#8802=CARTESIAN_POINT('',(-40.5000000000001,31.5,5.));
#8803=CARTESIAN_POINT('Origin',(-40.5000000000001,22.5,4.));
#8804=CARTESIAN_POINT('Origin',(-40.5000000000001,22.5,5.));
#8805=CARTESIAN_POINT('Origin',(41.7499999999999,32.,4.5));
#8806=CARTESIAN_POINT('',(41.7499999999999,31.5,5.));
#8807=CARTESIAN_POINT('',(41.7499999999999,32.5,4.));
#8808=CARTESIAN_POINT('Origin',(-50.5,32.5,0.));
#8809=CARTESIAN_POINT('',(-50.5,22.5,-2.));
#8810=CARTESIAN_POINT('',(-50.5,22.5,0.));
#8811=CARTESIAN_POINT('',(-50.5,9.00000000000002,-2.));
#8812=CARTESIAN_POINT('',(-50.5,-22.5,-2.));
#8813=CARTESIAN_POINT('',(-50.5,4.00000000000006,-12.));
#8814=CARTESIAN_POINT('',(-50.5,4.00000000000006,-12.));
#8815=CARTESIAN_POINT('',(-50.5,-3.99999999999995,-12.));
#8816=CARTESIAN_POINT('',(-50.5,5.45153515046989E-14,-12.));
#8817=CARTESIAN_POINT('',(-50.5,-8.99999999999997,-2.));
#8818=CARTESIAN_POINT('',(-50.5,-3.99999999999995,-12.));
#8819=CARTESIAN_POINT('',(-50.5,-22.5,-2.));
#8820=CARTESIAN_POINT('',(-50.5,-22.5,-2.));
#8821=CARTESIAN_POINT('',(-50.5,-22.5,0.));
#8822=CARTESIAN_POINT('Origin',(-40.5000000000001,22.5,0.));
#8823=CARTESIAN_POINT('',(-40.5000000000001,32.5,-2.));
#8824=CARTESIAN_POINT('',(-40.5000000000001,32.5,0.));
#8825=CARTESIAN_POINT('Origin',(-40.5000000000001,22.5,-2.));
#8826=CARTESIAN_POINT('Origin',(72.4999999999999,32.5,0.));
#8827=CARTESIAN_POINT('',(62.4999999999999,32.5,-2.));
#8828=CARTESIAN_POINT('',(62.4999999999999,32.5,0.));
#8829=CARTESIAN_POINT('',(-40.5000000000001,32.5,-2.));
#8830=CARTESIAN_POINT('Origin',(62.4999999999999,22.5,0.));
#8831=CARTESIAN_POINT('',(72.4999999999999,22.5,-2.));
#8832=CARTESIAN_POINT('',(72.4999999999999,22.5,0.));
#8833=CARTESIAN_POINT('Origin',(62.4999999999999,22.5,-2.));
#8834=CARTESIAN_POINT('Origin',(10.9999999999999,2.66453525910038E-14,5.));
#8835=CARTESIAN_POINT('',(-28.9260455671484,22.845475026963,5.));
#8836=CARTESIAN_POINT('',(-28.9260455671484,-23.354524973037,5.));
#8837=CARTESIAN_POINT('',(-28.9260455671484,11.1227375134815,5.));
#8838=CARTESIAN_POINT('',(31.2739544328516,22.8454750269629,5.));
#8839=CARTESIAN_POINT('',(20.8369772164258,22.8454750269629,5.));
#8840=CARTESIAN_POINT('',(31.2739544328516,-23.3545249730371,5.));
#8841=CARTESIAN_POINT('',(31.2739544328516,-11.3772624865185,5.));
#8842=CARTESIAN_POINT('',(-8.66302278357425,-23.3545249730371,5.));
#8843=CARTESIAN_POINT('',(64.8999999999999,13.5,5.));
#8844=CARTESIAN_POINT('Origin',(54.9999999999999,13.5,5.));
#8845=CARTESIAN_POINT('',(64.8999999999999,-13.5,5.));
#8846=CARTESIAN_POINT('Origin',(54.9999999999999,-13.5,5.));
#8847=CARTESIAN_POINT('',(36.7239544104998,13.7454750269629,5.));
#8848=CARTESIAN_POINT('Origin',(38.1739544104998,13.7454750269629,5.));
#8849=CARTESIAN_POINT('Origin',(-28.6260455671484,11.1227375134815,4.7));
#8850=CARTESIAN_POINT('',(-28.3260455671484,-22.754524973037,4.4));
#8851=CARTESIAN_POINT('',(-28.3260455671484,22.245475026963,4.4));
#8852=CARTESIAN_POINT('',(-28.3260455671484,11.1227375134815,4.4));
#8853=CARTESIAN_POINT('',(-28.3260455671484,22.245475026963,4.4));
#8854=CARTESIAN_POINT('',(-28.9260455671484,-23.354524973037,5.));
#8855=CARTESIAN_POINT('Origin',(20.8369772164258,22.5454750269629,4.7));
#8856=CARTESIAN_POINT('',(30.6739544328516,22.2454750269629,4.4));
#8857=CARTESIAN_POINT('',(20.8369772164258,22.2454750269629,4.4));
#8858=CARTESIAN_POINT('',(30.6739544328516,22.2454750269629,4.4));
#8859=CARTESIAN_POINT('Origin',(30.9739544328516,-11.3772624865185,4.7));
#8860=CARTESIAN_POINT('',(30.6739544328516,-22.7545249730371,4.4));
#8861=CARTESIAN_POINT('',(30.6739544328516,-11.3772624865185,4.4));
#8862=CARTESIAN_POINT('',(30.6739544328516,-22.7545249730371,4.4));
#8863=CARTESIAN_POINT('Origin',(-8.66302278357425,-23.054524973037,4.7));
#8864=CARTESIAN_POINT('',(-8.66302278357425,-22.754524973037,4.4));
#8865=CARTESIAN_POINT('Origin',(30.6739544328516,22.2454750269629,3.5));
#8866=CARTESIAN_POINT('',(-28.3260455671484,22.245475026963,4.));
#8867=CARTESIAN_POINT('',(-28.3260455671484,22.245475026963,3.5));
#8868=CARTESIAN_POINT('',(30.6739544328516,22.2454750269629,4.));
#8869=CARTESIAN_POINT('',(14.6739544328516,22.2454750269629,4.));
#8870=CARTESIAN_POINT('',(30.6739544328516,22.2454750269629,3.5));
#8871=CARTESIAN_POINT('Origin',(-28.3260455671484,22.245475026963,3.5));
#8872=CARTESIAN_POINT('',(-28.3260455671484,-22.754524973037,4.));
#8873=CARTESIAN_POINT('',(-28.3260455671484,-22.754524973037,3.5));
#8874=CARTESIAN_POINT('',(-28.3260455671484,10.995475026963,4.));
#8875=CARTESIAN_POINT('Origin',(38.1739544104998,13.7454750269629,4.9));
#8876=CARTESIAN_POINT('',(36.9239544104998,13.7454750269629,4.8));
#8877=CARTESIAN_POINT('',(36.8239544104998,13.7454750269629,4.9));
#8878=CARTESIAN_POINT('Origin',(38.1739544104998,13.7454750269629,4.8));
#8879=CARTESIAN_POINT('Origin',(38.1739544104998,13.7454750269629,0.5));
#8880=CARTESIAN_POINT('',(36.9239544104998,13.7454750269629,1.9));
#8881=CARTESIAN_POINT('Origin',(38.1739544104998,13.7454750269629,1.9));
#8882=CARTESIAN_POINT('',(36.9239544104998,13.7454750269629,0.5));
#8883=CARTESIAN_POINT('Origin',(-49.2000000000001,11.25,-1.8));
#8884=CARTESIAN_POINT('',(-49.,-8.75278640450002,-1.6));
#8885=CARTESIAN_POINT('',(-49.,-22.5,-1.6));
#8886=CARTESIAN_POINT('',(-49.,11.25,-1.6));
#8887=CARTESIAN_POINT('',(-49.4,-22.5,-2.));
#8888=CARTESIAN_POINT('',(-49.,-22.5,-1.6));
#8889=CARTESIAN_POINT('',(-49.4,-8.99999999999998,-2.));
#8890=CARTESIAN_POINT('',(-49.4,11.25,-2.));
#8891=CARTESIAN_POINT('',(-49.4,-8.99999999999998,-2.));
#8892=CARTESIAN_POINT('Origin',(-49.2000000000001,-6.07111456179997,-7.41055728090003));
#8893=CARTESIAN_POINT('',(-49.4,-3.99999999999995,-12.));
#8894=CARTESIAN_POINT('',(-49.4,-6.24999999999995,-7.50000000000002));
#8895=CARTESIAN_POINT('',(-49.,-3.75278640449999,-11.6));
#8896=CARTESIAN_POINT('',(-49.4,-3.99999999999995,-12.));
#8897=CARTESIAN_POINT('',(-49.,-5.89222912359999,-7.32111456180004));
#8898=CARTESIAN_POINT('Origin',(71.1999999999999,-8.07111456179999,-3.41055728090001));
#8899=CARTESIAN_POINT('',(70.9999999999999,-8.75278640450002,-1.6));
#8900=CARTESIAN_POINT('',(70.9999999999999,-3.75278640449999,-11.6));
#8901=CARTESIAN_POINT('',(70.9999999999999,-7.8922291236,-3.32111456180002));
#8902=CARTESIAN_POINT('',(71.3999999999999,-3.99999999999995,-12.));
#8903=CARTESIAN_POINT('',(70.9999999999999,-3.75278640449999,-11.6));
#8904=CARTESIAN_POINT('',(71.3999999999999,-8.99999999999998,-2.));
#8905=CARTESIAN_POINT('',(71.3999999999999,-8.24999999999997,-3.5));
#8906=CARTESIAN_POINT('',(70.9999999999999,-8.75278640450002,-1.6));
#8907=CARTESIAN_POINT('Origin',(71.1999999999999,-9.24999999999996,-11.8));
#8908=CARTESIAN_POINT('',(70.9999999999999,3.7527864045001,-11.6));
#8909=CARTESIAN_POINT('',(70.9999999999999,-9.24999999999996,-11.6));
#8910=CARTESIAN_POINT('',(71.3999999999999,4.00000000000006,-12.));
#8911=CARTESIAN_POINT('',(70.9999999999999,3.7527864045001,-11.6));
#8912=CARTESIAN_POINT('',(71.3999999999999,-9.24999999999996,-12.));
#8913=CARTESIAN_POINT('Origin',(71.1999999999999,-11.25,-1.8));
#8914=CARTESIAN_POINT('',(70.9999999999999,8.75278640450007,-1.6));
#8915=CARTESIAN_POINT('',(70.9999999999999,22.5,-1.6));
#8916=CARTESIAN_POINT('',(70.9999999999999,-11.25,-1.6));
#8917=CARTESIAN_POINT('',(71.3999999999999,22.5,-2.));
#8918=CARTESIAN_POINT('',(70.9999999999999,22.5,-1.6));
#8919=CARTESIAN_POINT('',(71.3999999999999,9.00000000000002,-2.));
#8920=CARTESIAN_POINT('',(71.3999999999999,-11.25,-2.));
#8921=CARTESIAN_POINT('',(71.3999999999999,9.00000000000002,-2.));
#8922=CARTESIAN_POINT('Origin',(62.4999999999999,22.5,-1.8));
#8923=CARTESIAN_POINT('',(62.4999999999999,31.,-1.6));
#8924=CARTESIAN_POINT('',(62.4999999999999,31.4,-2.));
#8925=CARTESIAN_POINT('',(62.4999999999999,31.,-1.6));
#8926=CARTESIAN_POINT('Origin',(62.4999999999999,22.5,-2.));
#8927=CARTESIAN_POINT('Origin',(62.4999999999999,22.5,-1.6));
#8928=CARTESIAN_POINT('Origin',(36.75,31.2,-1.8));
#8929=CARTESIAN_POINT('',(-40.5000000000001,31.,-1.6));
#8930=CARTESIAN_POINT('',(-40.5000000000001,31.4,-2.));
#8931=CARTESIAN_POINT('',(-40.5000000000001,31.,-1.6));
#8932=CARTESIAN_POINT('',(36.75,31.4,-2.));
#8933=CARTESIAN_POINT('',(36.75,31.,-1.6));
#8934=CARTESIAN_POINT('Origin',(-40.5000000000001,22.5,-1.8));
#8935=CARTESIAN_POINT('',(-49.,22.5,-1.6));
#8936=CARTESIAN_POINT('',(-49.4,22.5,-2.));
#8937=CARTESIAN_POINT('',(-49.,22.5,-1.6));
#8938=CARTESIAN_POINT('Origin',(-40.5000000000001,22.5,-2.));
#8939=CARTESIAN_POINT('Origin',(-40.5000000000001,22.5,-1.6));
#8940=CARTESIAN_POINT('Origin',(-49.2000000000001,11.25,-1.8));
#8941=CARTESIAN_POINT('',(-49.4,9.00000000000002,-2.));
#8942=CARTESIAN_POINT('',(-49.4,11.25,-2.));
#8943=CARTESIAN_POINT('',(-49.,8.75278640450007,-1.6));
#8944=CARTESIAN_POINT('',(-49.,11.25,-1.6));
#8945=CARTESIAN_POINT('',(-49.,8.75278640450007,-1.6));
#8946=CARTESIAN_POINT('Origin',(71.1999999999999,6.07111456180008,-7.41055728089998));
#8947=CARTESIAN_POINT('',(70.9999999999999,5.8922291236001,-7.32111456179999));
#8948=CARTESIAN_POINT('',(71.3999999999999,6.25000000000006,-7.49999999999997));
#8949=CARTESIAN_POINT('Origin',(-49.2000000000001,8.07111456180004,-3.41055728090003));
#8950=CARTESIAN_POINT('',(-49.4,4.00000000000006,-12.));
#8951=CARTESIAN_POINT('',(-49.4,8.25000000000002,-3.50000000000002));
#8952=CARTESIAN_POINT('',(-49.,3.7527864045001,-11.6));
#8953=CARTESIAN_POINT('',(-49.,7.89222912360006,-3.32111456180003));
#8954=CARTESIAN_POINT('',(-49.,3.7527864045001,-11.6));
#8955=CARTESIAN_POINT('Origin',(-49.2000000000001,9.25000000000005,-11.8));
#8956=CARTESIAN_POINT('',(-49.4,9.25000000000006,-12.));
#8957=CARTESIAN_POINT('',(-49.,9.25000000000005,-11.6));
#8958=CARTESIAN_POINT('Origin',(-40.5000000000001,-22.5,-1.8));
#8959=CARTESIAN_POINT('',(-40.5000000000001,-31.,-1.6));
#8960=CARTESIAN_POINT('',(-40.5000000000001,-31.4,-2.));
#8961=CARTESIAN_POINT('',(-40.5000000000001,-31.,-1.6));
#8962=CARTESIAN_POINT('Origin',(-40.5000000000001,-22.5,-2.));
#8963=CARTESIAN_POINT('Origin',(-40.5000000000001,-22.5,-1.6));
#8964=CARTESIAN_POINT('Origin',(-14.7500000000001,-31.2,-1.8));
#8965=CARTESIAN_POINT('',(62.4999999999999,-31.,-1.6));
#8966=CARTESIAN_POINT('',(62.4999999999999,-31.4,-2.));
#8967=CARTESIAN_POINT('',(62.4999999999999,-31.,-1.6));
#8968=CARTESIAN_POINT('',(-14.7500000000001,-31.4,-2.));
#8969=CARTESIAN_POINT('',(-14.7500000000001,-31.,-1.6));
#8970=CARTESIAN_POINT('Origin',(62.5,-22.5,-1.8));
#8971=CARTESIAN_POINT('',(70.9999999999999,-22.5,-1.6));
#8972=CARTESIAN_POINT('',(71.3999999999999,-22.5,-2.));
#8973=CARTESIAN_POINT('',(70.9999999999999,-22.5,-1.6));
#8974=CARTESIAN_POINT('Origin',(62.5,-22.5,-2.));
#8975=CARTESIAN_POINT('Origin',(62.5,-22.5,-1.6));
#8976=CARTESIAN_POINT('Origin',(71.1999999999999,-11.25,-1.8));
#8977=CARTESIAN_POINT('',(71.3999999999999,-11.25,-2.));
#8978=CARTESIAN_POINT('',(70.9999999999999,-11.25,-1.6));
#8979=CARTESIAN_POINT('Origin',(11.,2.66453525910038E-14,-2.));
#8980=CARTESIAN_POINT('',(72.4999999999999,-8.99999999999997,-2.));
#8981=CARTESIAN_POINT('',(41.75,-8.99999999999998,-2.));
#8982=CARTESIAN_POINT('',(72.4999999999999,-22.5,-2.));
#8983=CARTESIAN_POINT('',(72.4999999999999,22.5,-2.));
#8984=CARTESIAN_POINT('',(62.4999999999999,-32.5,-2.));
#8985=CARTESIAN_POINT('Origin',(62.5,-22.5,-2.));
#8986=CARTESIAN_POINT('',(-40.5000000000001,-32.5,-2.));
#8987=CARTESIAN_POINT('',(62.4999999999999,-32.5,-2.));
#8988=CARTESIAN_POINT('Origin',(-40.5000000000001,-22.5,-2.));
#8989=CARTESIAN_POINT('',(-19.75,-8.99999999999998,-2.));
#8990=CARTESIAN_POINT('Origin',(72.4999999999999,-3.99999999999995,-12.));
#8991=CARTESIAN_POINT('',(72.4999999999999,-3.99999999999995,-12.));
#8992=CARTESIAN_POINT('',(72.4999999999999,-3.99999999999995,-12.));
#8993=CARTESIAN_POINT('',(72.4999999999999,-3.99999999999995,-12.));
#8994=CARTESIAN_POINT('Origin',(72.4999999999999,4.00000000000006,-12.));
#8995=CARTESIAN_POINT('',(72.4999999999999,4.00000000000006,-12.));
#8996=CARTESIAN_POINT('',(72.4999999999999,4.00000000000006,-12.));
#8997=CARTESIAN_POINT('',(72.4999999999999,4.00000000000006,-12.));
#8998=CARTESIAN_POINT('Origin',(72.4999999999999,9.00000000000002,-2.));
#8999=CARTESIAN_POINT('',(72.4999999999999,9.00000000000002,-2.));
#9000=CARTESIAN_POINT('',(41.75,9.00000000000002,-2.));
#9001=CARTESIAN_POINT('',(72.4999999999999,9.00000000000002,-2.));
#9002=CARTESIAN_POINT('Origin',(-49.,22.5,0.));
#9003=CARTESIAN_POINT('',(-49.,22.5,0.));
#9004=CARTESIAN_POINT('',(-49.,22.5,0.));
#9005=CARTESIAN_POINT('',(-49.,-22.5,0.));
#9006=CARTESIAN_POINT('',(-49.,11.25,0.));
#9007=CARTESIAN_POINT('',(-49.,-22.5,0.));
#9008=CARTESIAN_POINT('Origin',(-40.5000000000001,22.5,0.));
#9009=CARTESIAN_POINT('',(-40.5000000000001,31.,0.));
#9010=CARTESIAN_POINT('',(-40.5000000000001,31.,0.));
#9011=CARTESIAN_POINT('Origin',(-40.5000000000001,22.5,0.));
#9012=CARTESIAN_POINT('Origin',(62.4999999999999,31.,0.));
#9013=CARTESIAN_POINT('',(62.4999999999999,31.,0.));
#9014=CARTESIAN_POINT('',(62.4999999999999,31.,0.));
#9015=CARTESIAN_POINT('',(36.7499999999999,31.,0.));
#9016=CARTESIAN_POINT('Origin',(62.4999999999999,22.5,0.));
#9017=CARTESIAN_POINT('',(70.9999999999999,22.5,0.));
#9018=CARTESIAN_POINT('',(70.9999999999999,22.5,0.));
#9019=CARTESIAN_POINT('Origin',(62.4999999999999,22.5,0.));
#9020=CARTESIAN_POINT('Origin',(54.9999999999999,13.5,2.2));
#9021=CARTESIAN_POINT('',(45.4999999999999,13.5,2.4));
#9022=CARTESIAN_POINT('',(64.4999999999999,13.5,2.4));
#9023=CARTESIAN_POINT('Origin',(54.9999999999999,13.5,2.4));
#9024=CARTESIAN_POINT('Origin',(54.9999999999999,13.5,2.4));
#9025=CARTESIAN_POINT('',(45.0999999999999,13.5,2.));
#9026=CARTESIAN_POINT('',(45.2999999999999,13.5,2.2));
#9027=CARTESIAN_POINT('Origin',(54.9999999999999,13.5,2.));
#9028=CARTESIAN_POINT('Origin',(54.9999999999999,13.5,5.));
#9029=CARTESIAN_POINT('',(64.4999999999999,13.5,4.6));
#9030=CARTESIAN_POINT('Origin',(54.9999999999999,13.5,4.6));
#9031=CARTESIAN_POINT('',(64.4999999999999,13.5,5.));
#9032=CARTESIAN_POINT('Origin',(54.9999999999999,2.66453525910038E-14,2.));
#9033=CARTESIAN_POINT('',(67.3488662576166,19.2583709054585,2.));
#9034=CARTESIAN_POINT('',(56.187537640268,27.0736173397617,2.));
#9035=CARTESIAN_POINT('',(56.187537640268,27.0736173397617,2.));
#9036=CARTESIAN_POINT('',(66.1613286173485,5.68475356569676,2.));
#9037=CARTESIAN_POINT('',(67.3488662576166,19.2583709054585,2.));
#9038=CARTESIAN_POINT('',(55.7268557805759,0.819078973099417,2.));
#9039=CARTESIAN_POINT('',(66.1613286173485,5.68475356569676,2.));
#9040=CARTESIAN_POINT('',(55.6919934834768,0.420601093862722,2.));
#9041=CARTESIAN_POINT('',(55.6798216704043,0.28147663382509,2.));
#9042=CARTESIAN_POINT('',(67.3488662576166,-7.7416290945415,2.));
#9043=CARTESIAN_POINT('',(55.3643326657612,0.650031668403142,2.));
#9044=CARTESIAN_POINT('',(66.1613286173485,-21.3152464343032,2.));
#9045=CARTESIAN_POINT('',(67.3488662576166,-7.7416290945415,2.));
#9046=CARTESIAN_POINT('',(53.8124623597319,-27.0736173397617,2.));
#9047=CARTESIAN_POINT('',(66.1613286173485,-21.3152464343032,2.));
#9048=CARTESIAN_POINT('',(42.6511337423833,-19.2583709054584,2.));
#9049=CARTESIAN_POINT('',(53.8124623597319,-27.0736173397617,2.));
#9050=CARTESIAN_POINT('',(43.8386713826514,-5.68475356569674,2.));
#9051=CARTESIAN_POINT('',(42.6511337423833,-19.2583709054584,2.));
#9052=CARTESIAN_POINT('',(54.273144219424,-0.819078973099374,2.));
#9053=CARTESIAN_POINT('',(43.8386713826514,-5.68475356569674,2.));
#9054=CARTESIAN_POINT('',(54.3080065165231,-0.420601093862674,2.));
#9055=CARTESIAN_POINT('',(54.3201783295955,-0.281476633825039,2.));
#9056=CARTESIAN_POINT('',(42.6511337423833,7.74162909454158,2.));
#9057=CARTESIAN_POINT('',(54.6356673342387,-0.650031668403095,2.));
#9058=CARTESIAN_POINT('',(43.8386713826514,21.3152464343033,2.));
#9059=CARTESIAN_POINT('',(42.6511337423833,7.74162909454158,2.));
#9060=CARTESIAN_POINT('',(43.8386713826514,21.3152464343033,2.));
#9061=CARTESIAN_POINT('',(45.0999999999999,-13.5,2.));
#9062=CARTESIAN_POINT('Origin',(54.9999999999999,-13.5,2.));
#9063=CARTESIAN_POINT('Origin',(54.9999999999999,13.5,4.8));
#9064=CARTESIAN_POINT('',(64.7,13.5,4.8));
#9065=CARTESIAN_POINT('Origin',(54.9999999999999,-13.5,4.8));
#9066=CARTESIAN_POINT('',(64.4999999999999,-13.5,4.6));
#9067=CARTESIAN_POINT('',(64.7,-13.5,4.8));
#9068=CARTESIAN_POINT('Origin',(54.9999999999999,-13.5,4.6));
#9069=CARTESIAN_POINT('Origin',(54.9999999999999,-13.5,5.));
#9070=CARTESIAN_POINT('',(64.4999999999999,-13.5,2.4));
#9071=CARTESIAN_POINT('',(64.4999999999999,-13.5,5.));
#9072=CARTESIAN_POINT('',(45.4999999999999,-13.5,2.4));
#9073=CARTESIAN_POINT('Origin',(54.9999999999999,-13.5,2.4));
#9074=CARTESIAN_POINT('Origin',(54.9999999999999,-13.5,2.4));
#9075=CARTESIAN_POINT('Origin',(54.9999999999999,-13.5,2.2));
#9076=CARTESIAN_POINT('',(45.2999999999999,-13.5,2.2));
#9077=CARTESIAN_POINT('Origin',(56.1612884242346,0.580307074205012,0.));
#9078=CARTESIAN_POINT('',(55.7268557805759,0.819078973099421,0.4));
#9079=CARTESIAN_POINT('',(55.6919934834768,0.420601093862722,0.4));
#9080=CARTESIAN_POINT('',(55.7268557805759,0.819078973099417,0.4));
#9081=CARTESIAN_POINT('',(56.1612884242346,0.580307074205011,0.));
#9082=CARTESIAN_POINT('',(56.1612884242346,0.580307074205012,0.));
#9083=CARTESIAN_POINT('',(55.6919934834768,0.420601093862722,0.4));
#9084=CARTESIAN_POINT('Origin',(46.7395652188149,6.93331376781298,0.2));
#9085=CARTESIAN_POINT('',(67.3488662576166,-7.7416290945415,0.4));
#9086=CARTESIAN_POINT('',(46.6248499315447,6.76948335895518,0.4));
#9087=CARTESIAN_POINT('',(67.767471893468,-7.54643008079714,0.));
#9088=CARTESIAN_POINT('',(46.8542805060851,7.09714417667078,0.));
#9089=CARTESIAN_POINT('',(67.767471893468,-7.54643008079714,0.));
#9090=CARTESIAN_POINT('Origin',(67.0763998497941,-13.1506770358324,0.2));
#9091=CARTESIAN_POINT('',(66.5396787399705,-21.5801700422457,0.));
#9092=CARTESIAN_POINT('',(67.2756387894124,-13.1681081843819,0.));
#9093=CARTESIAN_POINT('',(66.1613286173485,-21.3152464343032,0.4));
#9094=CARTESIAN_POINT('',(66.5396787399705,-21.5801700422457,0.));
#9095=CARTESIAN_POINT('',(66.8771609101757,-13.1332458872828,0.4));
#9096=CARTESIAN_POINT('Origin',(41.4989388654588,-33.0361832278052,0.2));
#9097=CARTESIAN_POINT('',(53.7722068465025,-27.5337399614485,0.));
#9098=CARTESIAN_POINT('',(41.5834625178069,-33.2174447852125,0.));
#9099=CARTESIAN_POINT('',(53.8124623597319,-27.0736173397617,0.4));
#9100=CARTESIAN_POINT('',(53.7722068465025,-27.5337399614485,0.));
#9101=CARTESIAN_POINT('',(41.4144152131106,-32.8549216703979,0.4));
#9102=CARTESIAN_POINT('Origin',(65.9042746505422,0.451870631335157,0.2));
#9103=CARTESIAN_POINT('',(66.1613286173485,5.68475356569676,0.4));
#9104=CARTESIAN_POINT('',(67.3488662576166,19.2583709054585,0.4));
#9105=CARTESIAN_POINT('',(65.7050357109239,0.469301779884689,0.4));
#9106=CARTESIAN_POINT('',(67.767471893468,19.4535699192028,0.));
#9107=CARTESIAN_POINT('',(67.3488662576166,19.2583709054585,0.4));
#9108=CARTESIAN_POINT('',(66.5396787399705,5.41982995775428,0.));
#9109=CARTESIAN_POINT('',(66.1035135901606,0.434439482785625,0.));
#9110=CARTESIAN_POINT('',(66.5396787399705,5.41982995775428,0.));
#9111=CARTESIAN_POINT('Origin',(27.3930664377155,-8.81871207797117,0.2));
#9112=CARTESIAN_POINT('',(42.2325281065319,-19.4535699192028,0.));
#9113=CARTESIAN_POINT('',(27.2783511504453,-8.98254248682897,0.));
#9114=CARTESIAN_POINT('',(42.6511337423833,-19.2583709054584,0.4));
#9115=CARTESIAN_POINT('',(42.2325281065319,-19.4535699192028,0.));
#9116=CARTESIAN_POINT('',(27.5077817249857,-8.65488166911337,0.4));
#9117=CARTESIAN_POINT('Origin',(43.7614959157262,-4.27213054000769,0.2));
#9118=CARTESIAN_POINT('',(43.4603212600294,-5.41982995775426,0.));
#9119=CARTESIAN_POINT('',(43.5622569761079,-4.25469939145816,0.));
#9120=CARTESIAN_POINT('',(43.8386713826514,-5.68475356569674,0.4));
#9121=CARTESIAN_POINT('',(43.4603212600294,-5.41982995775426,0.));
#9122=CARTESIAN_POINT('',(43.9607348553446,-4.28956168855722,0.4));
#9123=CARTESIAN_POINT('Origin',(53.8387115757653,-0.580307074204963,0.));
#9124=CARTESIAN_POINT('',(54.273144219424,-0.819078973099372,0.4));
#9125=CARTESIAN_POINT('',(54.3080065165231,-0.420601093862676,0.4));
#9126=CARTESIAN_POINT('',(54.273144219424,-0.819078973099372,0.4));
#9127=CARTESIAN_POINT('',(53.8387115757653,-0.580307074204969,0.));
#9128=CARTESIAN_POINT('',(53.8387115757653,-0.580307074204963,0.));
#9129=CARTESIAN_POINT('',(54.3080065165231,-0.42060109386268,0.4));
#9130=CARTESIAN_POINT('Origin',(36.7545985594756,-8.76743539027879,0.2));
#9131=CARTESIAN_POINT('',(36.6700749071275,-8.58617383287146,0.));
#9132=CARTESIAN_POINT('',(36.8391222118238,-8.94869694768612,0.4));
#9133=CARTESIAN_POINT('Origin',(33.7359916280204,13.7399238894771,0.2));
#9134=CARTESIAN_POINT('',(42.6511337423833,7.74162909454158,0.4));
#9135=CARTESIAN_POINT('',(33.8507069152906,13.9037542983349,0.4));
#9136=CARTESIAN_POINT('',(42.2325281065319,7.54643008079722,0.));
#9137=CARTESIAN_POINT('',(33.6212763407502,13.5760934806193,0.));
#9138=CARTESIAN_POINT('',(42.2325281065319,7.54643008079722,0.));
#9139=CARTESIAN_POINT('Origin',(42.5893707164744,9.33041712715989,0.2));
#9140=CARTESIAN_POINT('',(43.8386713826514,21.3152464343033,0.4));
#9141=CARTESIAN_POINT('',(42.7886096560928,9.31298597861036,0.4));
#9142=CARTESIAN_POINT('',(43.4603212600294,21.5801700422458,0.));
#9143=CARTESIAN_POINT('',(42.3901317768561,9.34784827570942,0.));
#9144=CARTESIAN_POINT('',(43.4603212600294,21.5801700422458,0.));
#9145=CARTESIAN_POINT('Origin',(54.2905753679735,-0.619840033481024,0.));
#9146=CARTESIAN_POINT('',(54.273144219424,-0.819078973099372,0.));
#9147=CARTESIAN_POINT('',(54.3080065165231,-0.420601093862676,0.));
#9148=CARTESIAN_POINT('Origin',(32.3597337214372,16.1832054791878,0.2));
#9149=CARTESIAN_POINT('',(56.187537640268,27.0736173397617,0.4));
#9150=CARTESIAN_POINT('',(32.4442573737854,16.0019439217805,0.4));
#9151=CARTESIAN_POINT('',(56.2277931534975,27.5337399614486,0.));
#9152=CARTESIAN_POINT('',(32.2752100690891,16.3644670365952,0.));
#9153=CARTESIAN_POINT('',(56.2277931534975,27.5337399614486,0.));
#9154=CARTESIAN_POINT('Origin',(53.0824904091198,29.4919497352612,0.2));
#9155=CARTESIAN_POINT('',(52.9677751218496,29.3281193264034,0.4));
#9156=CARTESIAN_POINT('',(53.19720569639,29.655780144119,0.));
#9157=CARTESIAN_POINT('Origin',(37.1040740274203,-8.08554235833862,0.2));
#9158=CARTESIAN_POINT('',(37.1885976797684,-8.26680391574595,0.));
#9159=CARTESIAN_POINT('',(37.0195503750722,-7.90428080093128,0.4));
#9160=CARTESIAN_POINT('Origin',(55.7094246320263,0.61984003348107,0.));
#9161=CARTESIAN_POINT('',(55.7268557805759,0.819078973099417,0.));
#9162=CARTESIAN_POINT('',(55.6919934834768,0.420601093862722,0.));
#9163=CARTESIAN_POINT('Origin',(42.6511337423833,7.74162909454158,0.));
#9164=CARTESIAN_POINT('',(42.6511337423833,7.74162909454158,0.));
#9165=CARTESIAN_POINT('Origin',(43.8386713826514,21.3152464343033,0.));
#9166=CARTESIAN_POINT('',(43.8386713826514,21.3152464343033,0.));
#9167=CARTESIAN_POINT('Origin',(56.187537640268,27.0736173397617,0.));
#9168=CARTESIAN_POINT('',(56.187537640268,27.0736173397617,0.));
#9169=CARTESIAN_POINT('Origin',(67.3488662576166,19.2583709054585,0.));
#9170=CARTESIAN_POINT('',(67.3488662576166,19.2583709054585,0.));
#9171=CARTESIAN_POINT('Origin',(66.1613286173485,5.68475356569676,0.));
#9172=CARTESIAN_POINT('',(66.1613286173485,5.68475356569676,0.));
#9173=CARTESIAN_POINT('Origin',(55.3643326657612,0.650031668403142,0.));
#9174=CARTESIAN_POINT('Origin',(10.9999999999999,2.66453525910038E-14,0.));
#9175=CARTESIAN_POINT('',(70.9999999999999,-22.5,0.));
#9176=CARTESIAN_POINT('',(70.9999999999999,-11.25,0.));
#9177=CARTESIAN_POINT('',(62.4999999999999,-31.,0.));
#9178=CARTESIAN_POINT('Origin',(62.5,-22.5,0.));
#9179=CARTESIAN_POINT('',(-40.5000000000001,-31.,0.));
#9180=CARTESIAN_POINT('',(-14.7500000000001,-31.,0.));
#9181=CARTESIAN_POINT('Origin',(-40.5000000000001,-22.5,0.));
#9182=CARTESIAN_POINT('',(36.1739544328516,20.7454750269629,0.));
#9183=CARTESIAN_POINT('Origin',(37.6739544328516,20.7454750269629,0.));
#9184=CARTESIAN_POINT('',(36.1739544328516,-21.2545249730371,0.));
#9185=CARTESIAN_POINT('Origin',(37.6739544328516,-21.2545249730371,0.));
#9186=CARTESIAN_POINT('',(-41.8260455671485,-21.254524973037,0.));
#9187=CARTESIAN_POINT('Origin',(-40.3260455671485,-21.254524973037,0.));
#9188=CARTESIAN_POINT('',(-41.8260455671485,20.745475026963,0.));
#9189=CARTESIAN_POINT('Origin',(-40.3260455671485,20.745475026963,0.));
#9190=CARTESIAN_POINT('',(-37.7260455671484,-27.154524973037,0.));
#9191=CARTESIAN_POINT('',(-37.7260455671484,26.645475026963,0.));
#9192=CARTESIAN_POINT('',(-37.7260455671484,12.3727375134815,0.));
#9193=CARTESIAN_POINT('',(35.0739544328516,-27.1545249730371,0.));
#9194=CARTESIAN_POINT('',(-14.6630227835743,-27.154524973037,0.));
#9195=CARTESIAN_POINT('',(35.0739544328516,26.6454750269629,0.));
#9196=CARTESIAN_POINT('',(35.0739544328516,-12.6272624865185,0.));
#9197=CARTESIAN_POINT('',(24.3369772164258,26.6454750269629,0.));
#9198=CARTESIAN_POINT('',(40.6739544328516,17.7454750269629,0.));
#9199=CARTESIAN_POINT('',(40.6739544328516,9.74547502696294,0.));
#9200=CARTESIAN_POINT('',(40.6739544328516,5.37273751348148,0.));
#9201=CARTESIAN_POINT('',(35.6739543881481,17.7454750269629,0.));
#9202=CARTESIAN_POINT('',(25.3369772164258,17.7454750269629,0.));
#9203=CARTESIAN_POINT('',(35.6739543881481,9.74547502696294,0.));
#9204=CARTESIAN_POINT('',(35.6739543881481,8.37273751348148,0.));
#9205=CARTESIAN_POINT('',(23.836977194074,9.74547502696294,0.));
#9206=CARTESIAN_POINT('Origin',(37.6739544328516,20.7454750269629,0.2));
#9207=CARTESIAN_POINT('',(36.5739544328516,20.7454750269629,0.4));
#9208=CARTESIAN_POINT('',(36.3739544328516,20.7454750269629,0.2));
#9209=CARTESIAN_POINT('Origin',(37.6739544328516,20.7454750269629,0.4));
#9210=CARTESIAN_POINT('Origin',(37.6739544328516,20.7454750269629,0.));
#9211=CARTESIAN_POINT('',(36.5739544328516,20.7454750269629,3.5));
#9212=CARTESIAN_POINT('',(36.5739544328516,20.7454750269629,0.));
#9213=CARTESIAN_POINT('Origin',(37.6739544328516,20.7454750269629,3.5));
#9214=CARTESIAN_POINT('Origin',(38.1739544104998,13.7454750269629,1.7));
#9215=CARTESIAN_POINT('',(36.5239544104998,13.7454750269629,1.5));
#9216=CARTESIAN_POINT('Origin',(38.1739544104998,13.7454750269629,1.5));
#9217=CARTESIAN_POINT('',(36.7239544104998,13.7454750269629,1.7));
#9218=CARTESIAN_POINT('Origin',(38.1739544104998,13.7454750269629,1.5));
#9219=CARTESIAN_POINT('',(40.2739544328516,17.3454750269629,1.5));
#9220=CARTESIAN_POINT('',(36.0739543881481,17.3454750269629,1.5));
#9221=CARTESIAN_POINT('',(38.9239544216757,17.3454750269629,1.5));
#9222=CARTESIAN_POINT('',(40.2739544328516,10.1454750269629,1.5));
#9223=CARTESIAN_POINT('',(40.2739544328516,12.2454750269629,1.5));
#9224=CARTESIAN_POINT('',(36.0739543881481,10.1454750269629,1.5));
#9225=CARTESIAN_POINT('',(37.423954399324,10.1454750269629,1.5));
#9226=CARTESIAN_POINT('',(36.0739543881481,15.2454750269629,1.5));
#9227=CARTESIAN_POINT('Origin',(40.4739544328516,5.37273751348148,0.2));
#9228=CARTESIAN_POINT('',(40.2739544328516,10.1454750269629,0.4));
#9229=CARTESIAN_POINT('',(40.6739544328516,9.74547502696294,0.));
#9230=CARTESIAN_POINT('',(40.2739544328516,17.3454750269629,0.4));
#9231=CARTESIAN_POINT('',(40.2739544328516,5.37273751348148,0.4));
#9232=CARTESIAN_POINT('',(40.2739544328516,17.3454750269629,0.4));
#9233=CARTESIAN_POINT('Origin',(23.836977194074,9.94547502696294,0.2));
#9234=CARTESIAN_POINT('',(36.0739543881481,10.1454750269629,0.4));
#9235=CARTESIAN_POINT('',(35.6739543881481,9.74547502696294,0.));
#9236=CARTESIAN_POINT('',(23.836977194074,10.1454750269629,0.4));
#9237=CARTESIAN_POINT('Origin',(35.8739543881481,8.37273751348148,0.2));
#9238=CARTESIAN_POINT('',(36.0739543881481,17.3454750269629,0.4));
#9239=CARTESIAN_POINT('',(36.0739543881481,8.37273751348148,0.4));
#9240=CARTESIAN_POINT('',(35.6739543881481,17.7454750269629,0.));
#9241=CARTESIAN_POINT('Origin',(25.3369772164258,17.5454750269629,0.2));
#9242=CARTESIAN_POINT('',(25.3369772164258,17.3454750269629,0.4));
#9243=CARTESIAN_POINT('Origin',(39.6739544328516,17.3454750269629,0.));
#9244=CARTESIAN_POINT('',(40.2739544328516,17.3454750269629,0.));
#9245=CARTESIAN_POINT('',(36.0739543881481,17.3454750269629,0.));
#9246=CARTESIAN_POINT('Origin',(40.2739544328516,10.7454750269629,0.));
#9247=CARTESIAN_POINT('',(40.2739544328516,10.1454750269629,0.));
#9248=CARTESIAN_POINT('Origin',(37.6739544328516,-21.2545249730371,0.2));
#9249=CARTESIAN_POINT('',(36.5739544328516,-21.2545249730371,0.4));
#9250=CARTESIAN_POINT('',(36.3739544328516,-21.2545249730371,0.2));
#9251=CARTESIAN_POINT('Origin',(37.6739544328516,-21.2545249730371,0.4));
#9252=CARTESIAN_POINT('Origin',(37.6739544328516,-21.2545249730371,0.));
#9253=CARTESIAN_POINT('',(36.5739544328516,-21.2545249730371,3.5));
#9254=CARTESIAN_POINT('',(36.5739544328516,-21.2545249730371,0.));
#9255=CARTESIAN_POINT('Origin',(37.6739544328516,-21.2545249730371,3.5));
#9256=CARTESIAN_POINT('Origin',(34.8739544328516,-12.6272624865185,0.2));
#9257=CARTESIAN_POINT('',(34.6739544328516,-26.7545249730371,0.4));
#9258=CARTESIAN_POINT('',(35.0739544328516,-27.1545249730371,0.));
#9259=CARTESIAN_POINT('',(34.6739544328516,26.2454750269629,0.4));
#9260=CARTESIAN_POINT('',(34.6739544328516,-12.6272624865185,0.4));
#9261=CARTESIAN_POINT('',(34.6739544328516,26.2454750269629,0.4));
#9262=CARTESIAN_POINT('Origin',(-37.5260455671484,12.3727375134815,0.2));
#9263=CARTESIAN_POINT('',(-37.3260455671484,26.245475026963,0.4));
#9264=CARTESIAN_POINT('',(-37.7260455671484,26.645475026963,0.));
#9265=CARTESIAN_POINT('',(-37.3260455671484,-26.754524973037,0.4));
#9266=CARTESIAN_POINT('',(-37.3260455671484,12.3727375134815,0.4));
#9267=CARTESIAN_POINT('',(-37.3260455671484,-26.754524973037,0.4));
#9268=CARTESIAN_POINT('Origin',(24.3369772164258,26.4454750269629,0.2));
#9269=CARTESIAN_POINT('',(24.3369772164258,26.2454750269629,0.4));
#9270=CARTESIAN_POINT('Origin',(-14.6630227835743,-26.954524973037,0.2));
#9271=CARTESIAN_POINT('',(-14.6630227835743,-26.754524973037,0.4));
#9272=CARTESIAN_POINT('Origin',(-40.3260455671484,-26.754524973037,-1.5));
#9273=CARTESIAN_POINT('',(-37.3260455671484,-26.754524973037,4.));
#9274=CARTESIAN_POINT('',(-37.3260455671484,-26.754524973037,-0.75));
#9275=CARTESIAN_POINT('',(34.6739544328516,-26.7545249730371,4.));
#9276=CARTESIAN_POINT('',(-20.8260455671484,-26.754524973037,4.));
#9277=CARTESIAN_POINT('',(34.6739544328516,-26.7545249730371,-0.75));
#9278=CARTESIAN_POINT('Origin',(-37.3260455671484,24.745475026963,0.));
#9279=CARTESIAN_POINT('',(-37.3260455671484,26.245475026963,4.));
#9280=CARTESIAN_POINT('',(-37.3260455671484,26.245475026963,-0.75));
#9281=CARTESIAN_POINT('',(-37.3260455671484,12.245475026963,4.));
#9282=CARTESIAN_POINT('Origin',(-40.3260455671485,-21.254524973037,0.2));
#9283=CARTESIAN_POINT('',(-41.4260455671485,-21.254524973037,0.4));
#9284=CARTESIAN_POINT('',(-41.6260455671485,-21.254524973037,0.2));
#9285=CARTESIAN_POINT('Origin',(-40.3260455671485,-21.254524973037,0.4));
#9286=CARTESIAN_POINT('Origin',(-40.3260455671485,-21.254524973037,0.));
#9287=CARTESIAN_POINT('',(-41.4260455671485,-21.254524973037,3.5));
#9288=CARTESIAN_POINT('',(-41.4260455671485,-21.254524973037,0.));
#9289=CARTESIAN_POINT('Origin',(-40.3260455671485,-21.254524973037,3.5));
#9290=CARTESIAN_POINT('Origin',(-40.3260455671485,20.745475026963,0.2));
#9291=CARTESIAN_POINT('',(-41.4260455671485,20.745475026963,0.4));
#9292=CARTESIAN_POINT('',(-41.6260455671485,20.745475026963,0.2));
#9293=CARTESIAN_POINT('Origin',(-40.3260455671485,20.745475026963,0.4));
#9294=CARTESIAN_POINT('Origin',(-40.3260455671485,20.745475026963,0.));
#9295=CARTESIAN_POINT('',(-41.4260455671485,20.745475026963,3.5));
#9296=CARTESIAN_POINT('',(-41.4260455671485,20.745475026963,0.));
#9297=CARTESIAN_POINT('Origin',(-40.3260455671485,20.745475026963,3.5));
#9298=CARTESIAN_POINT('Origin',(11.,2.66453525910038E-14,-2.));
#9299=CARTESIAN_POINT('',(-19.75,9.00000000000002,-2.));
#9300=CARTESIAN_POINT('',(72.4999999999999,22.5,-2.));
#9301=CARTESIAN_POINT('Origin',(-50.5,4.00000000000006,-12.));
#9302=CARTESIAN_POINT('',(-50.5,4.00000000000006,-12.));
#9303=CARTESIAN_POINT('Origin',(-50.5,-3.99999999999995,-12.));
#9304=CARTESIAN_POINT('',(-50.5,-3.99999999999995,-12.));
#9305=CARTESIAN_POINT('Origin',(-50.5,-8.99999999999997,-2.));
#9306=CARTESIAN_POINT('Origin',(70.9999999999999,-22.5,0.));
#9307=CARTESIAN_POINT('',(70.9999999999999,-22.5,0.));
#9308=CARTESIAN_POINT('Origin',(62.5,-22.5,0.));
#9309=CARTESIAN_POINT('',(62.4999999999999,-31.,0.));
#9310=CARTESIAN_POINT('Origin',(-40.5000000000001,-31.,0.));
#9311=CARTESIAN_POINT('',(-40.5000000000001,-31.,0.));
#9312=CARTESIAN_POINT('Origin',(-40.5000000000001,-22.5,0.));
#9313=CARTESIAN_POINT('Origin',(67.3488662576166,-7.7416290945415,0.));
#9314=CARTESIAN_POINT('',(67.3488662576166,-7.7416290945415,0.));
#9315=CARTESIAN_POINT('Origin',(66.1613286173485,-21.3152464343032,0.));
#9316=CARTESIAN_POINT('',(66.1613286173485,-21.3152464343032,0.));
#9317=CARTESIAN_POINT('Origin',(53.8124623597319,-27.0736173397617,0.));
#9318=CARTESIAN_POINT('',(53.8124623597319,-27.0736173397617,0.));
#9319=CARTESIAN_POINT('Origin',(42.6511337423833,-19.2583709054584,0.));
#9320=CARTESIAN_POINT('',(42.6511337423833,-19.2583709054584,0.));
#9321=CARTESIAN_POINT('Origin',(43.8386713826514,-5.68475356569675,0.));
#9322=CARTESIAN_POINT('',(43.8386713826514,-5.68475356569674,0.));
#9323=CARTESIAN_POINT('Origin',(54.6356673342387,-0.650031668403095,0.));
#9324=CARTESIAN_POINT('Origin',(-40.3260455671485,20.745475026963,3.5));
#9325=CARTESIAN_POINT('Origin',(-40.3260455671485,-21.254524973037,3.5));
#9326=CARTESIAN_POINT('Origin',(37.6739544328516,20.7454750269629,3.5));
#9327=CARTESIAN_POINT('Origin',(37.6739544328516,-21.2545249730371,3.5));
#9328=CARTESIAN_POINT('Origin',(37.6739544328516,26.2454750269629,-1.5));
#9329=CARTESIAN_POINT('',(34.6739544328516,26.2454750269629,4.));
#9330=CARTESIAN_POINT('',(34.6739544328516,26.2454750269629,-0.75));
#9331=CARTESIAN_POINT('',(18.1739544328516,26.2454750269629,4.));
#9332=CARTESIAN_POINT('Origin',(30.6739544328516,-22.7545249730371,3.5));
#9333=CARTESIAN_POINT('',(30.6739544328516,-22.7545249730371,4.));
#9334=CARTESIAN_POINT('',(30.6739544328516,-11.5045249730371,4.));
#9335=CARTESIAN_POINT('',(30.6739544328516,-22.7545249730371,3.5));
#9336=CARTESIAN_POINT('Origin',(-28.3260455671484,-22.754524973037,3.5));
#9337=CARTESIAN_POINT('',(-14.8260455671484,-22.754524973037,4.));
#9338=CARTESIAN_POINT('Origin',(36.6739543881481,10.1454750269629,0.));
#9339=CARTESIAN_POINT('',(36.0739543881481,10.1454750269629,0.));
#9340=CARTESIAN_POINT('Origin',(36.0739543881481,16.7454750269629,0.));
#9341=CARTESIAN_POINT('Origin',(34.6739544328516,-25.2545249730371,0.));
#9342=CARTESIAN_POINT('',(34.6739544328516,-12.7545249730371,4.));
#9343=CARTESIAN_POINT('Origin',(-1.32604556714842,-0.254524973037045,4.));
#9344=CARTESIAN_POINT('Origin',(-40.5000000000001,-22.5,0.));
#9345=CARTESIAN_POINT('',(-40.5000000000001,-32.5,0.));
#9346=CARTESIAN_POINT('Origin',(62.4999999999999,-22.5,0.));
#9347=CARTESIAN_POINT('',(62.4999999999999,-32.5,0.));
#9348=CARTESIAN_POINT('',(72.4999999999999,-22.5,0.));
#9349=CARTESIAN_POINT('Origin',(72.4999999999999,-32.5,0.));
#9350=CARTESIAN_POINT('Origin',(-50.5000000000001,-32.5,0.));
#9351=CARTESIAN_POINT('',(0.,0.,0.));
#9352=CARTESIAN_POINT('Origin',(-45.1000000000001,-15.1948442174672,-22.));
#9353=CARTESIAN_POINT('',(-47.5000000000001,-15.1948442174672,-22.));
#9354=CARTESIAN_POINT('',(-47.5000000000001,-15.1948442174672,-7.4));
#9355=CARTESIAN_POINT('',(-47.5000000000001,-15.1948442174672,-22.));
#9356=CARTESIAN_POINT('',(-45.1000000000001,-17.5948442174672,-22.));
#9357=CARTESIAN_POINT('Origin',(-45.1000000000001,-15.1948442174672,-22.));
#9358=CARTESIAN_POINT('',(-45.1000000000001,-17.5948442174672,-7.4));
#9359=CARTESIAN_POINT('',(-45.1000000000001,-17.5948442174672,-22.));
#9360=CARTESIAN_POINT('Origin',(-45.1000000000001,-15.1948442174672,-7.4));
#9361=CARTESIAN_POINT('Origin',(-43.4889152897334,-16.3948442174672,-7.2));
#9362=CARTESIAN_POINT('',(-43.6889152897334,-13.1948442174672,-7.));
#9363=CARTESIAN_POINT('',(-43.6889152897334,-17.1948442174672,-7.));
#9364=CARTESIAN_POINT('',(-43.6889152897334,-16.3948442174672,-7.));
#9365=CARTESIAN_POINT('',(-43.2889152897334,-17.5948442174672,-7.4));
#9366=CARTESIAN_POINT('',(-43.6889152897334,-17.1948442174672,-7.));
#9367=CARTESIAN_POINT('',(-43.2889152897334,-12.7948442174672,-7.4));
#9368=CARTESIAN_POINT('',(-43.2889152897334,-4.49484421746718,-7.4));
#9369=CARTESIAN_POINT('',(-43.6889152897334,-13.1948442174672,-7.));
#9370=CARTESIAN_POINT('Origin',(-44.3416864673001,-12.9948442174672,-7.2));
#9371=CARTESIAN_POINT('',(-45.1000000000001,-12.7948442174672,-7.4));
#9372=CARTESIAN_POINT('',(-44.3416864673001,-12.7948442174672,-7.4));
#9373=CARTESIAN_POINT('',(-45.1000000000001,-13.1948442174672,-7.));
#9374=CARTESIAN_POINT('',(-45.1000000000001,-12.7948442174672,-7.4));
#9375=CARTESIAN_POINT('',(-44.3416864673001,-13.1948442174672,-7.));
#9376=CARTESIAN_POINT('Origin',(-45.1000000000001,-15.1948442174672,-7.2));
#9377=CARTESIAN_POINT('',(-45.1000000000001,-17.1948442174672,-7.));
#9378=CARTESIAN_POINT('',(-45.1000000000001,-17.5948442174672,-7.4));
#9379=CARTESIAN_POINT('Origin',(-45.1000000000001,-15.1948442174672,-7.));
#9380=CARTESIAN_POINT('Origin',(-45.1000000000001,-15.1948442174672,-7.4));
#9381=CARTESIAN_POINT('Origin',(-45.2472288224334,-17.3948442174672,-7.2));
#9382=CARTESIAN_POINT('',(-45.2472288224334,-17.1948442174672,-7.));
#9383=CARTESIAN_POINT('',(-45.2472288224334,-17.5948442174672,-7.4));
#9384=CARTESIAN_POINT('Origin',(-43.2889152897334,-12.7948442174672,-22.));
#9385=CARTESIAN_POINT('',(-43.2889152897334,-12.7948442174672,-22.));
#9386=CARTESIAN_POINT('',(-43.2889152897334,-12.7948442174672,-22.));
#9387=CARTESIAN_POINT('',(-45.1000000000001,-12.7948442174672,-22.));
#9388=CARTESIAN_POINT('',(-16.1444576448667,-12.7948442174671,-22.));
#9389=CARTESIAN_POINT('',(-45.1000000000001,-12.7948442174672,-22.));
#9390=CARTESIAN_POINT('Origin',(-45.3944576448667,-15.1948442174672,-7.));
#9391=CARTESIAN_POINT('',(-43.8000000000001,-15.1948442174672,-7.));
#9392=CARTESIAN_POINT('Origin',(-45.1000000000001,-15.1948442174672,-7.));
#9393=CARTESIAN_POINT('Origin',(-45.1000000000001,-15.1948442174672,-7.2));
#9394=CARTESIAN_POINT('',(-44.2000000000001,-15.1948442174672,-7.4));
#9395=CARTESIAN_POINT('',(-44.,-15.1948442174672,-7.2));
#9396=CARTESIAN_POINT('',(-46.,-15.1948442174672,-7.4));
#9397=CARTESIAN_POINT('Origin',(-45.1000000000001,-15.1948442174672,-7.4));
#9398=CARTESIAN_POINT('Origin',(-45.1000000000001,-15.1948442174672,-7.4));
#9399=CARTESIAN_POINT('Origin',(-45.1000000000001,-15.1948442174672,-11.));
#9400=CARTESIAN_POINT('',(-46.,-15.1948442174672,-15.));
#9401=CARTESIAN_POINT('',(-46.,-15.1948442174672,-11.));
#9402=CARTESIAN_POINT('Origin',(-45.1000000000001,-15.1948442174672,-15.));
#9403=CARTESIAN_POINT('Origin',(-45.1000000000001,-15.1948442174672,-15.2703872785624));
#9404=CARTESIAN_POINT('',(-45.1000000000001,-15.1948442174672,-15.5407745571248));
#9405=CARTESIAN_POINT('',(-45.5500000000001,-15.1948442174672,-15.2703872785624));
#9406=CARTESIAN_POINT('Origin',(-45.1000000000001,-15.1948442174672,-22.));
#9407=CARTESIAN_POINT('Origin',(-45.1000000000001,-15.1948442174672,-22.));
#9408=CARTESIAN_POINT('Origin',(17.9610847102666,2.60515578253282,-7.2));
#9409=CARTESIAN_POINT('',(16.7110847102666,2.40515578253282,-7.4));
#9410=CARTESIAN_POINT('',(19.2110847102666,2.40515578253282,-7.4));
#9411=CARTESIAN_POINT('',(17.9610847102666,2.40515578253282,-7.4));
#9412=CARTESIAN_POINT('',(19.2110847102666,2.80515578253282,-7.));
#9413=CARTESIAN_POINT('',(19.2110847102666,2.40515578253282,-7.4));
#9414=CARTESIAN_POINT('',(17.1110847102666,2.80515578253282,-7.));
#9415=CARTESIAN_POINT('',(17.9610847102666,2.80515578253282,-7.));
#9416=CARTESIAN_POINT('',(17.1110847102666,2.80515578253282,-7.));
#9417=CARTESIAN_POINT('Origin',(16.9110847102666,6.15515578253282,-7.2));
#9418=CARTESIAN_POINT('',(16.7110847102666,7.40515578253282,-7.4));
#9419=CARTESIAN_POINT('',(16.7110847102666,-5.71984421746718,-7.4));
#9420=CARTESIAN_POINT('',(17.1110847102666,7.00515578253282,-7.));
#9421=CARTESIAN_POINT('',(17.1110847102666,6.15515578253282,-7.));
#9422=CARTESIAN_POINT('',(17.1110847102666,7.00515578253282,-7.));
#9423=CARTESIAN_POINT('Origin',(19.2110847102666,4.90515578253282,-7.2));
#9424=CARTESIAN_POINT('',(19.2110847102666,7.40515578253282,-7.4));
#9425=CARTESIAN_POINT('',(19.2110847102666,7.00515578253282,-7.));
#9426=CARTESIAN_POINT('',(19.2110847102666,7.40515578253282,-7.4));
#9427=CARTESIAN_POINT('Origin',(19.2110847102666,4.90515578253282,-7.));
#9428=CARTESIAN_POINT('Origin',(19.2110847102666,4.90515578253282,-7.4));
#9429=CARTESIAN_POINT('Origin',(19.2110847102666,7.20515578253282,-7.2));
#9430=CARTESIAN_POINT('',(19.2110847102666,7.00515578253282,-7.));
#9431=CARTESIAN_POINT('',(19.2110847102666,7.40515578253282,-7.4));
#9432=CARTESIAN_POINT('Origin',(19.2110847102666,4.90515578253282,-22.));
#9433=CARTESIAN_POINT('',(19.2110847102666,2.40515578253282,-22.));
#9434=CARTESIAN_POINT('',(19.2110847102666,2.40515578253282,-22.));
#9435=CARTESIAN_POINT('',(19.2110847102666,7.40515578253282,-22.));
#9436=CARTESIAN_POINT('Origin',(19.2110847102666,4.90515578253282,-22.));
#9437=CARTESIAN_POINT('',(19.2110847102666,7.40515578253282,-22.));
#9438=CARTESIAN_POINT('Origin',(16.7110847102666,2.40515578253282,-22.));
#9439=CARTESIAN_POINT('',(16.7110847102666,2.40515578253282,-22.));
#9440=CARTESIAN_POINT('',(16.7110847102666,2.40515578253282,-22.));
#9441=CARTESIAN_POINT('',(13.8555423551333,2.40515578253282,-22.));
#9442=CARTESIAN_POINT('Origin',(19.2110847102666,4.90515578253282,-7.));
#9443=CARTESIAN_POINT('',(20.5110847102666,4.90515578253282,-7.));
#9444=CARTESIAN_POINT('Origin',(19.2110847102666,4.90515578253282,-7.));
#9445=CARTESIAN_POINT('Origin',(19.2110847102666,4.90515578253282,-7.2));
#9446=CARTESIAN_POINT('',(20.1110847102666,4.90515578253282,-7.4));
#9447=CARTESIAN_POINT('',(20.3110847102666,4.90515578253282,-7.2));
#9448=CARTESIAN_POINT('',(18.3110847102666,4.90515578253282,-7.4));
#9449=CARTESIAN_POINT('Origin',(19.2110847102666,4.90515578253282,-7.4));
#9450=CARTESIAN_POINT('Origin',(19.2110847102666,4.90515578253282,-7.4));
#9451=CARTESIAN_POINT('Origin',(19.2110847102666,4.90515578253282,-11.));
#9452=CARTESIAN_POINT('',(18.3110847102666,4.90515578253282,-15.));
#9453=CARTESIAN_POINT('',(18.3110847102666,4.90515578253282,-11.));
#9454=CARTESIAN_POINT('Origin',(19.2110847102666,4.90515578253282,-15.));
#9455=CARTESIAN_POINT('Origin',(19.2110847102666,4.90515578253282,-15.2703872785624));
#9456=CARTESIAN_POINT('',(19.2110847102666,4.90515578253282,-15.5407745571248));
#9457=CARTESIAN_POINT('',(18.7610847102666,4.90515578253282,-15.2703872785624));
#9458=CARTESIAN_POINT('Origin',(-48.7000000000001,7.89229792630408E-14,
-9.00000013411045));
#9459=CARTESIAN_POINT('',(-48.8000000000001,1.10000000000008,-9.00000013411045));
#9460=CARTESIAN_POINT('Origin',(-48.8000000000001,7.89229792630408E-14,
-9.00000013411045));
#9461=CARTESIAN_POINT('',(-48.6000000000001,0.900000000000079,-9.00000013411045));
#9462=CARTESIAN_POINT('',(-48.7000000000001,1.00000000000008,-9.00000013411045));
#9463=CARTESIAN_POINT('Origin',(-48.6000000000001,7.89229792630408E-14,
-9.00000013411045));
#9464=CARTESIAN_POINT('Origin',(-47.5,7.8159700933611E-14,-9.00000013411045));
#9465=CARTESIAN_POINT('',(-45.7,0.900000000000077,-9.00000013411045));
#9466=CARTESIAN_POINT('Origin',(-45.7,7.69107000309077E-14,-9.00000013411045));
#9467=CARTESIAN_POINT('',(-47.5,0.900000000000078,-9.00000013411045));
#9468=CARTESIAN_POINT('Origin',(-48.8000000000001,22.5,0.));
#9469=CARTESIAN_POINT('',(-48.8000000000001,22.5,-0.9));
#9470=CARTESIAN_POINT('',(-48.8000000000001,-22.5,-0.9));
#9471=CARTESIAN_POINT('',(-48.8000000000001,11.25,-0.9));
#9472=CARTESIAN_POINT('',(-48.8000000000001,22.5,-2.));
#9473=CARTESIAN_POINT('',(-48.8000000000001,22.5,0.));
#9474=CARTESIAN_POINT('',(-48.8000000000001,9.11180339887501,-2.));
#9475=CARTESIAN_POINT('',(-48.8000000000001,11.25,-2.));
#9476=CARTESIAN_POINT('',(-48.8,4.06180339887505,-12.1));
#9477=CARTESIAN_POINT('',(-48.8000000000001,8.33944271910002,-3.54472135955001));
#9478=CARTESIAN_POINT('',(-48.8,-4.06180339887493,-12.1));
#9479=CARTESIAN_POINT('',(-48.8000000000001,9.25000000000005,-12.1));
#9480=CARTESIAN_POINT('',(-48.8000000000001,-9.11180339887496,-2.));
#9481=CARTESIAN_POINT('',(-48.8000000000001,-6.33944271909995,-7.54472135955001));
#9482=CARTESIAN_POINT('',(-48.8000000000001,-22.5,-2.));
#9483=CARTESIAN_POINT('',(-48.8000000000001,11.25,-2.));
#9484=CARTESIAN_POINT('',(-48.8000000000001,-22.5,0.));
#9485=CARTESIAN_POINT('Origin',(-46.6,7.75675819871443E-14,-9.00000013411045));
#9486=CARTESIAN_POINT('',(-47.5,3.00000000000008,-9.00000013411045));
#9487=CARTESIAN_POINT('Origin',(-47.5,7.8159700933611E-14,-9.00000013411045));
#9488=CARTESIAN_POINT('',(-45.7,1.20000000000008,-9.00000013411045));
#9489=CARTESIAN_POINT('',(-46.6,2.10000000000008,-9.00000013411045));
#9490=CARTESIAN_POINT('Origin',(-45.7,7.69754630406775E-14,-9.00000013411045));
#9491=CARTESIAN_POINT('Origin',(-45.7,7.66722076774697E-14,-9.00000013411045));
#9492=CARTESIAN_POINT('Origin',(-47.5000000000001,-22.5,-2.));
#9493=CARTESIAN_POINT('',(-47.5000000000001,-22.5,-0.9));
#9494=CARTESIAN_POINT('',(-47.5,22.5,-0.9));
#9495=CARTESIAN_POINT('',(-47.5000000000001,-11.25,-0.9));
#9496=CARTESIAN_POINT('',(-47.5000000000001,-22.5,-22.));
#9497=CARTESIAN_POINT('',(-47.5000000000001,-22.5,-2.));
#9498=CARTESIAN_POINT('',(-47.5000000000001,-11.25,-22.));
#9499=CARTESIAN_POINT('',(-47.5000000000001,-15.1948442174672,-22.));
#9500=CARTESIAN_POINT('',(-47.5,22.5,-22.));
#9501=CARTESIAN_POINT('',(-47.5000000000001,-11.25,-22.));
#9502=CARTESIAN_POINT('',(-47.5,22.5,-2.));
#9503=CARTESIAN_POINT('Origin',(70.6999999999999,7.89427165612564E-14,-9.00000013411045));
#9504=CARTESIAN_POINT('',(70.8,1.10000000000008,-9.00000013411045));
#9505=CARTESIAN_POINT('Origin',(70.8,7.89624538594719E-14,-9.00000013411045));
#9506=CARTESIAN_POINT('',(70.5999999999999,0.900000000000079,-9.00000013411045));
#9507=CARTESIAN_POINT('',(70.6999999999999,1.00000000000008,-9.00000013411045));
#9508=CARTESIAN_POINT('Origin',(70.5999999999999,7.89229792630408E-14,-9.00000013411045));
#9509=CARTESIAN_POINT('Origin',(69.4999999999999,7.8159700933611E-14,-9.00000013411045));
#9510=CARTESIAN_POINT('',(67.6999999999999,0.900000000000077,-9.00000013411045));
#9511=CARTESIAN_POINT('Origin',(67.6999999999999,7.69107000309077E-14,-9.00000013411045));
#9512=CARTESIAN_POINT('',(69.4999999999999,0.900000000000078,-9.00000013411045));
#9513=CARTESIAN_POINT('Origin',(70.8,-22.5,0.));
#9514=CARTESIAN_POINT('',(70.8,-22.5,-0.9));
#9515=CARTESIAN_POINT('',(70.8,22.5,-0.9));
#9516=CARTESIAN_POINT('',(70.8,-11.25,-0.9));
#9517=CARTESIAN_POINT('',(70.8,-22.5,-2.));
#9518=CARTESIAN_POINT('',(70.8,-22.5,0.));
#9519=CARTESIAN_POINT('',(70.7999999999999,-9.11180339887496,-2.));
#9520=CARTESIAN_POINT('',(70.7999999999999,-11.25,-2.));
#9521=CARTESIAN_POINT('',(70.8,-4.06180339887493,-12.1));
#9522=CARTESIAN_POINT('',(70.8,-8.33944271909996,-3.54472135955));
#9523=CARTESIAN_POINT('',(70.7999999999999,4.06180339887504,-12.1));
#9524=CARTESIAN_POINT('',(70.8,-9.24999999999996,-12.1));
#9525=CARTESIAN_POINT('',(70.7999999999999,9.11180339887501,-2.));
#9526=CARTESIAN_POINT('',(70.7999999999999,6.33944271910005,-7.54472135954996));
#9527=CARTESIAN_POINT('',(70.8,22.5,-2.));
#9528=CARTESIAN_POINT('',(70.7999999999999,-11.25,-2.));
#9529=CARTESIAN_POINT('',(70.8,22.5,0.));
#9530=CARTESIAN_POINT('Origin',(68.6,7.75675819871443E-14,-9.00000013411045));
#9531=CARTESIAN_POINT('',(67.6999999999999,1.20000000000008,-9.00000013411045));
#9532=CARTESIAN_POINT('Origin',(67.6999999999999,7.69754630406775E-14,-9.00000013411045));
#9533=CARTESIAN_POINT('',(69.4999999999999,3.00000000000008,-9.00000013411045));
#9534=CARTESIAN_POINT('',(68.6,2.10000000000008,-9.00000013411045));
#9535=CARTESIAN_POINT('Origin',(69.5,7.8159700933611E-14,-9.00000013411045));
#9536=CARTESIAN_POINT('Origin',(67.6999999999999,7.66722076774697E-14,-9.00000013411045));
#9537=CARTESIAN_POINT('Origin',(69.4999999999999,22.5,-2.));
#9538=CARTESIAN_POINT('',(69.4999999999999,22.5,-0.9));
#9539=CARTESIAN_POINT('',(69.4999999999999,-22.5,-0.9));
#9540=CARTESIAN_POINT('',(69.4999999999999,11.25,-0.9));
#9541=CARTESIAN_POINT('',(69.4999999999999,22.5,-22.));
#9542=CARTESIAN_POINT('',(69.4999999999999,22.5,-2.));
#9543=CARTESIAN_POINT('',(69.4999999999999,-22.5,-22.));
#9544=CARTESIAN_POINT('',(69.5,11.25,-22.));
#9545=CARTESIAN_POINT('',(69.4999999999999,-22.5,-2.));
#9546=CARTESIAN_POINT('Origin',(-48.6000000000001,11.25,-0.7));
#9547=CARTESIAN_POINT('',(-48.4,-22.5,-0.5));
#9548=CARTESIAN_POINT('',(-48.8000000000001,-22.5,-0.9));
#9549=CARTESIAN_POINT('',(-48.4,22.5,-0.5));
#9550=CARTESIAN_POINT('',(-48.4,11.25,-0.5));
#9551=CARTESIAN_POINT('',(-48.4,22.5,-0.5));
#9552=CARTESIAN_POINT('Origin',(-40.5000000000001,-22.5,-0.7));
#9553=CARTESIAN_POINT('',(-40.5000000000001,-30.8,-0.9));
#9554=CARTESIAN_POINT('',(-40.5000000000001,-30.4,-0.5));
#9555=CARTESIAN_POINT('',(-40.5000000000001,-30.8,-0.9));
#9556=CARTESIAN_POINT('Origin',(-40.5000000000001,-22.5,-0.5));
#9557=CARTESIAN_POINT('Origin',(-40.5000000000001,-22.5,-0.9));
#9558=CARTESIAN_POINT('Origin',(-14.7500000000001,-30.6,-0.7));
#9559=CARTESIAN_POINT('',(62.4999999999999,-30.8,-0.9));
#9560=CARTESIAN_POINT('',(62.4999999999999,-30.4,-0.5));
#9561=CARTESIAN_POINT('',(62.4999999999999,-30.8,-0.9));
#9562=CARTESIAN_POINT('',(-14.7500000000001,-30.4,-0.5));
#9563=CARTESIAN_POINT('',(-14.7500000000001,-30.8,-0.9));
#9564=CARTESIAN_POINT('Origin',(62.5,-22.5,-0.7));
#9565=CARTESIAN_POINT('',(70.3999999999999,-22.5,-0.5));
#9566=CARTESIAN_POINT('',(70.8,-22.5,-0.9));
#9567=CARTESIAN_POINT('Origin',(62.5,-22.5,-0.5));
#9568=CARTESIAN_POINT('Origin',(62.5,-22.5,-0.9));
#9569=CARTESIAN_POINT('Origin',(70.5999999999999,-11.25,-0.7));
#9570=CARTESIAN_POINT('',(70.3999999999999,22.5,-0.5));
#9571=CARTESIAN_POINT('',(70.8,22.5,-0.9));
#9572=CARTESIAN_POINT('',(70.3999999999999,-11.25,-0.5));
#9573=CARTESIAN_POINT('Origin',(62.4999999999999,22.5,-0.7));
#9574=CARTESIAN_POINT('',(62.4999999999999,30.8,-0.9));
#9575=CARTESIAN_POINT('',(62.4999999999999,30.4,-0.5));
#9576=CARTESIAN_POINT('',(62.4999999999999,30.8,-0.9));
#9577=CARTESIAN_POINT('Origin',(62.4999999999999,22.5,-0.5));
#9578=CARTESIAN_POINT('Origin',(62.4999999999999,22.5,-0.9));
#9579=CARTESIAN_POINT('Origin',(36.75,30.6,-0.7));
#9580=CARTESIAN_POINT('',(-40.5000000000001,30.8,-0.9));
#9581=CARTESIAN_POINT('',(-40.5000000000001,30.4,-0.5));
#9582=CARTESIAN_POINT('',(-40.5000000000001,30.8,-0.9));
#9583=CARTESIAN_POINT('',(36.75,30.4,-0.5));
#9584=CARTESIAN_POINT('',(36.75,30.8,-0.9));
#9585=CARTESIAN_POINT('Origin',(-40.5000000000001,22.5,-0.7));
#9586=CARTESIAN_POINT('Origin',(-40.5000000000001,22.5,-0.5));
#9587=CARTESIAN_POINT('Origin',(-40.5000000000001,22.5,-0.9));
#9588=CARTESIAN_POINT('Origin',(62.5,-22.5,0.));
#9589=CARTESIAN_POINT('',(62.4999999999999,-30.8,-2.));
#9590=CARTESIAN_POINT('',(62.4999999999999,-30.8,0.));
#9591=CARTESIAN_POINT('Origin',(62.5,-22.5,-2.));
#9592=CARTESIAN_POINT('Origin',(-40.5000000000001,-30.8,0.));
#9593=CARTESIAN_POINT('',(-40.5000000000001,-30.8,-2.));
#9594=CARTESIAN_POINT('',(-40.5000000000001,-30.8,0.));
#9595=CARTESIAN_POINT('',(-14.7500000000001,-30.8,-2.));
#9596=CARTESIAN_POINT('Origin',(-40.5000000000001,-22.5,0.));
#9597=CARTESIAN_POINT('Origin',(-40.5000000000001,-22.5,-2.));
#9598=CARTESIAN_POINT('Origin',(11.,2.66453525910038E-14,-0.5));
#9599=CARTESIAN_POINT('',(62.4999999999999,29.9,-0.5));
#9600=CARTESIAN_POINT('',(-40.5000000000001,29.9,-0.5));
#9601=CARTESIAN_POINT('',(-14.7500000000001,29.9,-0.5));
#9602=CARTESIAN_POINT('',(69.8999999999999,22.5,-0.5));
#9603=CARTESIAN_POINT('Origin',(62.4999999999999,22.5,-0.5));
#9604=CARTESIAN_POINT('',(69.9,-22.5,-0.5));
#9605=CARTESIAN_POINT('',(69.9,11.25,-0.5));
#9606=CARTESIAN_POINT('',(62.4999999999999,-29.9,-0.5));
#9607=CARTESIAN_POINT('Origin',(62.5,-22.5,-0.5));
#9608=CARTESIAN_POINT('',(-40.5000000000001,-29.9,-0.5));
#9609=CARTESIAN_POINT('',(36.75,-29.9,-0.5));
#9610=CARTESIAN_POINT('',(-47.9000000000001,-22.5,-0.5));
#9611=CARTESIAN_POINT('Origin',(-40.5000000000001,-22.5,-0.5));
#9612=CARTESIAN_POINT('',(-47.9000000000001,22.5,-0.5));
#9613=CARTESIAN_POINT('',(-47.9000000000001,-11.25,-0.5));
#9614=CARTESIAN_POINT('Origin',(-40.5000000000001,22.5,-0.5));
#9615=CARTESIAN_POINT('Origin',(36.75,-32.3,-23.8));
#9616=CARTESIAN_POINT('',(-40.5000000000001,-32.5,-23.6));
#9617=CARTESIAN_POINT('',(-40.5000000000001,-32.1,-24.));
#9618=CARTESIAN_POINT('',(-40.5000000000001,-32.5,-23.6));
#9619=CARTESIAN_POINT('',(62.4999999999999,-32.1,-24.));
#9620=CARTESIAN_POINT('',(36.75,-32.1,-24.));
#9621=CARTESIAN_POINT('',(62.4999999999999,-32.5,-23.6));
#9622=CARTESIAN_POINT('',(62.4999999999999,-32.1,-24.));
#9623=CARTESIAN_POINT('',(36.75,-32.5,-23.6));
#9624=CARTESIAN_POINT('Origin',(-40.5000000000001,-22.5,-23.8));
#9625=CARTESIAN_POINT('',(-50.5,-22.5,-23.6));
#9626=CARTESIAN_POINT('',(-50.1000000000001,-22.5,-24.));
#9627=CARTESIAN_POINT('',(-50.5,-22.5,-23.6));
#9628=CARTESIAN_POINT('Origin',(-40.5000000000001,-22.5,-24.));
#9629=CARTESIAN_POINT('Origin',(-40.5000000000001,-22.5,-23.6));
#9630=CARTESIAN_POINT('Origin',(-50.3,-11.25,-23.8));
#9631=CARTESIAN_POINT('',(-50.5,22.5,-23.6));
#9632=CARTESIAN_POINT('',(-50.1000000000001,22.5,-24.));
#9633=CARTESIAN_POINT('',(-50.5,22.5,-23.6));
#9634=CARTESIAN_POINT('',(-50.1000000000001,-11.25,-24.));
#9635=CARTESIAN_POINT('',(-50.5,-11.25,-23.6));
#9636=CARTESIAN_POINT('Origin',(-40.5000000000001,22.5,-23.8));
#9637=CARTESIAN_POINT('',(-40.5000000000001,32.5,-23.6));
#9638=CARTESIAN_POINT('',(-40.5000000000001,32.1,-24.));
#9639=CARTESIAN_POINT('',(-40.5000000000001,32.5,-23.6));
#9640=CARTESIAN_POINT('Origin',(-40.5000000000001,22.5,-24.));
#9641=CARTESIAN_POINT('Origin',(-40.5000000000001,22.5,-23.6));
#9642=CARTESIAN_POINT('Origin',(-14.7500000000001,32.3,-23.8));
#9643=CARTESIAN_POINT('',(62.4999999999999,32.5,-23.6));
#9644=CARTESIAN_POINT('',(62.4999999999999,32.1,-24.));
#9645=CARTESIAN_POINT('',(62.4999999999999,32.5,-23.6));
#9646=CARTESIAN_POINT('',(-14.7500000000001,32.1,-24.));
#9647=CARTESIAN_POINT('',(-14.7500000000001,32.5,-23.6));
#9648=CARTESIAN_POINT('Origin',(62.4999999999999,22.5,-23.8));
#9649=CARTESIAN_POINT('',(72.4999999999999,22.5,-23.6));
#9650=CARTESIAN_POINT('',(72.0999999999999,22.5,-24.));
#9651=CARTESIAN_POINT('',(72.4999999999999,22.5,-23.6));
#9652=CARTESIAN_POINT('Origin',(62.4999999999999,22.5,-24.));
#9653=CARTESIAN_POINT('Origin',(62.4999999999999,22.5,-23.6));
#9654=CARTESIAN_POINT('Origin',(72.3,11.25,-23.8));
#9655=CARTESIAN_POINT('',(72.4999999999999,-22.5,-23.6));
#9656=CARTESIAN_POINT('',(72.1,-22.5,-24.));
#9657=CARTESIAN_POINT('',(72.4999999999999,-22.5,-23.6));
#9658=CARTESIAN_POINT('',(72.1,11.25,-24.));
#9659=CARTESIAN_POINT('',(72.4999999999999,11.25,-23.6));
#9660=CARTESIAN_POINT('Origin',(62.5,-22.5,-23.8));
#9661=CARTESIAN_POINT('Origin',(62.5,-22.5,-24.));
#9662=CARTESIAN_POINT('Origin',(62.5,-22.5,-23.6));
#9663=CARTESIAN_POINT('Origin',(-40.5000000000001,22.5,-2.));
#9664=CARTESIAN_POINT('',(-50.5,22.5,-2.));
#9665=CARTESIAN_POINT('',(-50.5,22.5,-2.));
#9666=CARTESIAN_POINT('',(-40.5000000000001,32.5,-2.));
#9667=CARTESIAN_POINT('Origin',(-40.5000000000001,22.5,-2.));
#9668=CARTESIAN_POINT('',(-40.5000000000001,32.5,-2.));
#9669=CARTESIAN_POINT('Origin',(-50.5,-22.5,-2.));
#9670=CARTESIAN_POINT('',(-50.5,-22.5,-2.));
#9671=CARTESIAN_POINT('',(-50.5,-22.5,-2.));
#9672=CARTESIAN_POINT('',(-50.5,-9.11180339887496,-2.));
#9673=CARTESIAN_POINT('',(-50.5,-11.25,-2.));
#9674=CARTESIAN_POINT('',(-50.5,-4.06180339887493,-12.1));
#9675=CARTESIAN_POINT('',(-50.5,-10.4394427191,0.655278640450012));
#9676=CARTESIAN_POINT('',(-50.5,4.06180339887505,-12.1));
#9677=CARTESIAN_POINT('',(-50.5,-13.2499999999999,-12.1));
#9678=CARTESIAN_POINT('',(-50.5,9.11180339887501,-2.));
#9679=CARTESIAN_POINT('',(-50.5,3.43944271910007,-13.34472135955));
#9680=CARTESIAN_POINT('',(-50.5,-11.25,-2.));
#9681=CARTESIAN_POINT('Origin',(-40.5000000000001,-22.5,-2.));
#9682=CARTESIAN_POINT('',(-40.5000000000001,-32.5,-2.));
#9683=CARTESIAN_POINT('',(-40.5000000000001,-32.5,-2.));
#9684=CARTESIAN_POINT('Origin',(-40.5000000000001,-22.5,-2.));
#9685=CARTESIAN_POINT('Origin',(62.4999999999999,-32.5,-2.));
#9686=CARTESIAN_POINT('',(62.4999999999999,-32.5,-2.));
#9687=CARTESIAN_POINT('',(62.4999999999999,-32.5,-2.));
#9688=CARTESIAN_POINT('',(36.75,-32.5,-2.));
#9689=CARTESIAN_POINT('Origin',(11.,2.66453525910038E-14,-24.));
#9690=CARTESIAN_POINT('',(-38.1000000000001,-22.5,-24.));
#9691=CARTESIAN_POINT('Origin',(-40.5,-22.5,-24.));
#9692=CARTESIAN_POINT('',(64.8999999999999,22.5,-24.));
#9693=CARTESIAN_POINT('Origin',(62.4999999999999,22.5,-24.));
#9694=CARTESIAN_POINT('',(31.9999999999999,-18.1474221087336,-24.));
#9695=CARTESIAN_POINT('',(31.9999999999999,-28.9474221087336,-24.));
#9696=CARTESIAN_POINT('Origin',(31.9999999999999,-23.5474221087336,-24.));
#9697=CARTESIAN_POINT('',(21.9999999999999,-18.1474221087336,-24.));
#9698=CARTESIAN_POINT('',(16.4999999999999,-18.1474221087336,-24.));
#9699=CARTESIAN_POINT('',(21.9999999999999,-28.9474221087336,-24.));
#9700=CARTESIAN_POINT('Origin',(21.9999999999999,-23.5474221087336,-24.));
#9701=CARTESIAN_POINT('',(21.4999999999999,-28.9474221087336,-24.));
#9702=CARTESIAN_POINT('',(64.8999999999999,-22.5,-24.));
#9703=CARTESIAN_POINT('Origin',(62.4999999999999,-22.5,-24.));
#9704=CARTESIAN_POINT('',(-38.1000000000001,22.5,-24.));
#9705=CARTESIAN_POINT('Origin',(-40.5000000000001,22.5,-24.));
#9706=CARTESIAN_POINT('Origin',(-19.0889152897334,-15.7948442174672,-22.));
#9707=CARTESIAN_POINT('',(-18.8889152897334,-15.5948442174672,-19.));
#9708=CARTESIAN_POINT('',(-18.8889152897334,-15.5948442174672,-20.8));
#9709=CARTESIAN_POINT('',(-18.8889152897334,-15.5948442174672,-22.));
#9710=CARTESIAN_POINT('',(-19.2889152897334,-15.9948442174672,-20.8));
#9711=CARTESIAN_POINT('',(-18.3639152897334,-15.0698442174672,-20.8));
#9712=CARTESIAN_POINT('',(-19.2889152897334,-15.9948442174672,-18.8343145750508));
#9713=CARTESIAN_POINT('',(-19.2889152897334,-15.9948442174672,-22.));
#9714=CARTESIAN_POINT('',(-19.2889152897334,-15.9948442174672,-18.8343145750508));
#9715=CARTESIAN_POINT('Origin',(-19.0889152897334,-16.4862655737045,-19.6085786437627));
#9716=CARTESIAN_POINT('',(-19.2889152897334,-15.2210141791395,-18.0604845367231));
#9717=CARTESIAN_POINT('',(-19.2889152897334,-16.6276869299418,-19.4671572875254));
#9718=CARTESIAN_POINT('',(-18.8889152897334,-14.7948442174672,-18.2));
#9719=CARTESIAN_POINT('',(-19.2889152897334,-15.2210141791395,-18.0604845367231));
#9720=CARTESIAN_POINT('',(-18.8889152897334,-16.3448442174672,-19.75));
#9721=CARTESIAN_POINT('Origin',(-18.8889152897334,-17.5948442174672,-6.4));
#9722=CARTESIAN_POINT('',(-19.2889152897334,-17.1948442174672,-6.4));
#9723=CARTESIAN_POINT('',(-18.8889152897334,-17.1948442174672,-6.));
#9724=CARTESIAN_POINT('',(-19.2889152897334,-17.1948442174672,-6.4));
#9725=CARTESIAN_POINT('',(-18.8889152897334,-17.5948442174672,-6.4));
#9726=CARTESIAN_POINT('',(-18.8889152897334,-17.5948442174672,-6.4));
#9727=CARTESIAN_POINT('',(-18.8889152897334,-17.1948442174672,-6.));
#9728=CARTESIAN_POINT('Origin',(-19.0889152897334,-17.3948442174672,-22.));
#9729=CARTESIAN_POINT('',(-19.2889152897334,-17.1948442174672,-22.));
#9730=CARTESIAN_POINT('',(-18.8889152897334,-17.5948442174672,-22.));
#9731=CARTESIAN_POINT('',(-15.9153975216669,-20.5683619855337,-22.));
#9732=CARTESIAN_POINT('',(-18.8889152897334,-17.5948442174672,-22.));
#9733=CARTESIAN_POINT('',(-19.2889152897334,-17.1948442174672,-22.));
#9734=CARTESIAN_POINT('Origin',(-19.2889152897334,-15.9948442174672,-6.4));
#9735=CARTESIAN_POINT('',(-18.8889152897334,-15.5948442174672,-6.4));
#9736=CARTESIAN_POINT('',(-18.8889152897334,-15.9948442174672,-6.));
#9737=CARTESIAN_POINT('',(-18.8889152897334,-15.5948442174672,-6.4));
#9738=CARTESIAN_POINT('',(-19.2889152897334,-15.9948442174672,-6.4));
#9739=CARTESIAN_POINT('',(-19.2889152897334,-15.9948442174672,-6.4));
#9740=CARTESIAN_POINT('',(-18.8889152897334,-15.9948442174672,-6.));
#9741=CARTESIAN_POINT('Origin',(-19.0889152897334,-15.7948442174672,-22.));
#9742=CARTESIAN_POINT('',(-19.2889152897334,-15.9948442174672,-13.0305892875932));
#9743=CARTESIAN_POINT('',(-19.2889152897334,-15.9948442174672,-22.));
#9744=CARTESIAN_POINT('',(-18.8889152897334,-15.5948442174672,-13.));
#9745=CARTESIAN_POINT('',(-18.8889152897334,-15.5948442174672,-22.));
#9746=CARTESIAN_POINT('',(-18.8889152897334,-15.5948442174672,-13.));
#9747=CARTESIAN_POINT('Origin',(-19.0889152897334,-16.0948442174672,-6.2));
#9748=CARTESIAN_POINT('',(-18.8889152897334,-16.0948442174672,-6.));
#9749=CARTESIAN_POINT('',(-19.2889152897334,-16.0948442174672,-6.4));
#9750=CARTESIAN_POINT('Origin',(8.31108471026658,-15.5948442174672,-6.4));
#9751=CARTESIAN_POINT('',(8.71108471026658,-15.9948442174672,-6.4));
#9752=CARTESIAN_POINT('',(8.31108471026658,-15.9948442174672,-6.));
#9753=CARTESIAN_POINT('',(8.71108471026658,-15.9948442174672,-6.4));
#9754=CARTESIAN_POINT('',(8.31108471026658,-15.5948442174672,-6.4));
#9755=CARTESIAN_POINT('',(8.31108471026658,-15.5948442174672,-6.4));
#9756=CARTESIAN_POINT('',(8.31108471026658,-15.9948442174672,-6.));
#9757=CARTESIAN_POINT('Origin',(8.51108471026658,-15.7948442174672,-22.));
#9758=CARTESIAN_POINT('',(8.71108471026658,-15.9948442174672,-22.));
#9759=CARTESIAN_POINT('',(8.31108471026658,-15.5948442174672,-22.));
#9760=CARTESIAN_POINT('',(5.18460247833312,-12.4683619855337,-22.));
#9761=CARTESIAN_POINT('',(8.31108471026658,-15.5948442174672,-22.));
#9762=CARTESIAN_POINT('',(8.71108471026658,-15.9948442174672,-22.));
#9763=CARTESIAN_POINT('Origin',(1.71108471026658,-15.7948442174672,-6.2));
#9764=CARTESIAN_POINT('',(1.71108471026658,-15.9948442174672,-6.));
#9765=CARTESIAN_POINT('',(1.71108471026658,-15.5948442174672,-6.4));
#9766=CARTESIAN_POINT('Origin',(8.51108471026658,-17.0948442174672,-6.2));
#9767=CARTESIAN_POINT('',(8.71108471026658,-17.5948442174672,-6.4));
#9768=CARTESIAN_POINT('',(8.71108471026658,-17.0948442174672,-6.4));
#9769=CARTESIAN_POINT('',(8.31108471026658,-17.1948442174672,-6.));
#9770=CARTESIAN_POINT('',(8.31108471026658,-17.0948442174672,-6.));
#9771=CARTESIAN_POINT('',(8.31108471026658,-17.1948442174672,-6.));
#9772=CARTESIAN_POINT('Origin',(-12.2889152897334,-17.3948442174672,-6.2));
#9773=CARTESIAN_POINT('',(-12.2889152897334,-17.1948442174672,-6.));
#9774=CARTESIAN_POINT('',(-12.2889152897334,-17.5948442174672,-6.4));
#9775=CARTESIAN_POINT('Origin',(-19.0889152897334,-14.7162179789626,-20.0263651940762));
#9776=CARTESIAN_POINT('',(-19.2889152897334,-14.9138923184927,-20.056776630927));
#9777=CARTESIAN_POINT('',(-18.8889152897334,-14.5185436394325,-19.9959537572255));
#9778=CARTESIAN_POINT('Origin',(-19.2889152897334,-15.5948442174672,-22.));
#9779=CARTESIAN_POINT('',(-19.2889152897334,-15.1948442174672,-20.8));
#9780=CARTESIAN_POINT('',(-19.2889152897334,-15.1448442174672,-20.8));
#9781=CARTESIAN_POINT('',(-19.2889152897334,-15.5948442174672,-21.2));
#9782=CARTESIAN_POINT('',(-19.2889152897334,-15.6948442174672,-21.3));
#9783=CARTESIAN_POINT('',(-19.2889152897334,-15.5948442174672,-22.));
#9784=CARTESIAN_POINT('',(-19.2889152897334,-15.5948442174672,-22.));
#9785=CARTESIAN_POINT('',(-19.2889152897334,-7.79742210873358,-22.));
#9786=CARTESIAN_POINT('Origin',(-19.2889152897334,-15.5948442174672,-19.));
#9787=CARTESIAN_POINT('',(-14.2889152897334,-14.7948442174672,-18.2));
#9788=CARTESIAN_POINT('',(-19.2889152897334,-14.7948442174672,-18.2));
#9789=CARTESIAN_POINT('',(-14.2889152897334,-15.5948442174672,-19.));
#9790=CARTESIAN_POINT('',(-14.2889152897334,-15.5948442174672,-19.));
#9791=CARTESIAN_POINT('',(-5.28891528973342,-15.5948442174672,-19.));
#9792=CARTESIAN_POINT('Origin',(-19.2889152897334,-14.7948442174672,-18.2));
#9793=CARTESIAN_POINT('',(-14.2889152897334,-15.5948442174672,-13.));
#9794=CARTESIAN_POINT('',(-5.28891528973342,-15.5948442174672,-13.));
#9795=CARTESIAN_POINT('',(-14.2889152897334,-14.7948442174672,-18.2));
#9796=CARTESIAN_POINT('Origin',(8.71108471026658,-15.5948442174672,-22.));
#9797=CARTESIAN_POINT('',(-14.2889152897334,-15.5948442174672,-19.));
#9798=CARTESIAN_POINT('',(6.71108471026658,-15.5948442174672,-22.));
#9799=CARTESIAN_POINT('',(9.85554235513327,-15.5948442174672,-22.));
#9800=CARTESIAN_POINT('',(6.71108471026658,-15.5948442174672,-21.2));
#9801=CARTESIAN_POINT('',(6.71108471026658,-15.5948442174672,-22.));
#9802=CARTESIAN_POINT('',(6.31108471026658,-15.5948442174672,-20.8));
#9803=CARTESIAN_POINT('',(7.31108471026658,-15.5948442174672,-21.8));
#9804=CARTESIAN_POINT('',(-4.28891528973342,-15.5948442174672,-20.8));
#9805=CARTESIAN_POINT('',(3.51108471026658,-15.5948442174672,-7.50000011175871));
#9806=CARTESIAN_POINT('',(3.51108471026658,-15.5948442174672,-15.5000001117587));
#9807=CARTESIAN_POINT('',(3.51108471026658,-15.5948442174672,-18.7500000558794));
#9808=CARTESIAN_POINT('',(5.11108471026658,-15.5948442174672,-15.5000001117587));
#9809=CARTESIAN_POINT('',(6.91108471026658,-15.5948442174672,-15.5000001117587));
#9810=CARTESIAN_POINT('',(5.11108471026658,-15.5948442174672,-7.50000011175871));
#9811=CARTESIAN_POINT('',(5.11108471026658,-15.5948442174672,-14.7500000558794));
#9812=CARTESIAN_POINT('',(6.11108471026658,-15.5948442174672,-7.50000011175871));
#9813=CARTESIAN_POINT('',(-5.38891528973342,-15.5948442174672,-15.5000001117587));
#9814=CARTESIAN_POINT('',(-5.38891528973342,-15.5948442174672,-7.50000011175871));
#9815=CARTESIAN_POINT('',(-5.38891528973342,-15.5948442174672,-14.7500000558794));
#9816=CARTESIAN_POINT('',(-6.98891528973342,-15.5948442174672,-7.50000011175871));
#9817=CARTESIAN_POINT('',(0.86108471026658,-15.5948442174672,-7.50000011175871));
#9818=CARTESIAN_POINT('',(-6.98891528973342,-15.5948442174672,-15.5000001117587));
#9819=CARTESIAN_POINT('',(-6.98891528973342,-15.5948442174672,-18.7500000558794));
#9820=CARTESIAN_POINT('',(1.66108471026658,-15.5948442174672,-15.5000001117587));
#9821=CARTESIAN_POINT('',(2.48608471026658,-15.5948442174672,-15.5000001117587));
#9822=CARTESIAN_POINT('',(2.48608471026658,-15.5948442174672,-7.50000011175871));
#9823=CARTESIAN_POINT('',(2.48608471026658,-15.5948442174672,-14.7500000558794));
#9824=CARTESIAN_POINT('',(0.886084710266579,-15.5948442174672,-7.50000011175871));
#9825=CARTESIAN_POINT('',(4.79858471026658,-15.5948442174672,-7.50000011175871));
#9826=CARTESIAN_POINT('',(0.886084710266579,-15.5948442174672,-15.5000001117587));
#9827=CARTESIAN_POINT('',(0.886084710266579,-15.5948442174672,-18.7500000558794));
#9828=CARTESIAN_POINT('',(5.59858471026658,-15.5948442174672,-15.5000001117587));
#9829=CARTESIAN_POINT('',(-2.76391528973342,-15.5948442174672,-15.5000001117587));
#9830=CARTESIAN_POINT('',(-2.76391528973342,-15.5948442174672,-7.50000011175871));
#9831=CARTESIAN_POINT('',(-2.76391528973342,-15.5948442174672,-14.7500000558794));
#9832=CARTESIAN_POINT('',(-4.36391528973342,-15.5948442174672,-7.50000011175871));
#9833=CARTESIAN_POINT('',(2.17358471026658,-15.5948442174672,-7.50000011175871));
#9834=CARTESIAN_POINT('',(-4.36391528973342,-15.5948442174672,-15.5000001117587));
#9835=CARTESIAN_POINT('',(-4.36391528973342,-15.5948442174672,-18.7500000558794));
#9836=CARTESIAN_POINT('',(2.97358471026658,-15.5948442174672,-15.5000001117587));
#9837=CARTESIAN_POINT('',(-0.138915289733422,-15.5948442174672,-15.5000001117587));
#9838=CARTESIAN_POINT('',(-0.138915289733422,-15.5948442174672,-7.50000011175871));
#9839=CARTESIAN_POINT('',(-0.138915289733422,-15.5948442174672,-14.7500000558794));
#9840=CARTESIAN_POINT('',(-1.73891528973342,-15.5948442174672,-7.50000011175871));
#9841=CARTESIAN_POINT('',(3.48608471026658,-15.5948442174672,-7.50000011175871));
#9842=CARTESIAN_POINT('',(-1.73891528973342,-15.5948442174672,-15.5000001117587));
#9843=CARTESIAN_POINT('',(-1.73891528973342,-15.5948442174672,-18.7500000558794));
#9844=CARTESIAN_POINT('',(4.28608471026658,-15.5948442174672,-15.5000001117587));
#9845=CARTESIAN_POINT('Origin',(-5.28891528973342,-16.5948442174672,-6.));
#9846=CARTESIAN_POINT('Origin',(-31.4889152897334,-16.5862655737045,-19.7085786437627));
#9847=CARTESIAN_POINT('',(-31.6889152897334,-15.5948442174672,-19.));
#9848=CARTESIAN_POINT('',(-31.6889152897334,-14.7948442174672,-18.2));
#9849=CARTESIAN_POINT('',(-31.6889152897334,-16.4448442174672,-19.85));
#9850=CARTESIAN_POINT('',(-31.2889152897334,-15.2210141791395,-18.0604845367231));
#9851=CARTESIAN_POINT('',(-31.6889152897334,-14.7948442174672,-18.2));
#9852=CARTESIAN_POINT('',(-31.2889152897334,-15.9948442174672,-18.8343145750508));
#9853=CARTESIAN_POINT('',(-31.2889152897334,-16.7276869299418,-19.5671572875254));
#9854=CARTESIAN_POINT('',(-31.2889152897334,-15.9948442174672,-18.8343145750508));
#9855=CARTESIAN_POINT('Origin',(-31.2889152897334,-17.1948442174672,-6.4));
#9856=CARTESIAN_POINT('',(-31.6889152897334,-17.5948442174672,-6.4));
#9857=CARTESIAN_POINT('',(-31.6889152897334,-17.1948442174672,-6.));
#9858=CARTESIAN_POINT('',(-31.6889152897334,-17.5948442174672,-6.4));
#9859=CARTESIAN_POINT('',(-31.2889152897334,-17.1948442174672,-6.4));
#9860=CARTESIAN_POINT('',(-31.2889152897334,-17.1948442174672,-6.4));
#9861=CARTESIAN_POINT('',(-31.6889152897334,-17.1948442174672,-6.));
#9862=CARTESIAN_POINT('Origin',(-31.4889152897334,-17.3948442174672,-22.));
#9863=CARTESIAN_POINT('',(-31.6889152897334,-17.5948442174672,-22.));
#9864=CARTESIAN_POINT('',(-31.2889152897334,-17.1948442174672,-22.));
#9865=CARTESIAN_POINT('',(-16.5179754129333,-2.42390434066703,-22.));
#9866=CARTESIAN_POINT('',(-31.2889152897334,-17.1948442174672,-22.));
#9867=CARTESIAN_POINT('',(-31.6889152897334,-17.5948442174672,-22.));
#9868=CARTESIAN_POINT('Origin',(-31.6889152897334,-15.5948442174672,-6.4));
#9869=CARTESIAN_POINT('',(-31.2889152897334,-15.9948442174672,-6.4));
#9870=CARTESIAN_POINT('',(-31.6889152897334,-15.9948442174672,-6.));
#9871=CARTESIAN_POINT('',(-31.2889152897334,-15.9948442174672,-6.4));
#9872=CARTESIAN_POINT('',(-31.6889152897334,-15.5948442174672,-6.4));
#9873=CARTESIAN_POINT('',(-31.6889152897334,-15.5948442174672,-6.4));
#9874=CARTESIAN_POINT('',(-31.6889152897334,-15.9948442174672,-6.));
#9875=CARTESIAN_POINT('Origin',(-31.4889152897334,-15.7948442174672,-22.));
#9876=CARTESIAN_POINT('',(-31.6889152897334,-15.5948442174672,-13.));
#9877=CARTESIAN_POINT('',(-31.6889152897334,-15.5948442174672,-22.));
#9878=CARTESIAN_POINT('',(-31.2889152897334,-15.9948442174672,-13.0305892875932));
#9879=CARTESIAN_POINT('',(-31.2889152897334,-15.9948442174672,-22.));
#9880=CARTESIAN_POINT('',(-31.2889152897334,-15.9948442174672,-13.0305892875932));
#9881=CARTESIAN_POINT('Origin',(-28.2889152897334,-17.3948442174672,-6.2));
#9882=CARTESIAN_POINT('',(-43.2889152897334,-17.5948442174672,-6.4));
#9883=CARTESIAN_POINT('',(-28.2889152897334,-17.5948442174672,-6.4));
#9884=CARTESIAN_POINT('',(-42.8889152897334,-17.1948442174672,-6.));
#9885=CARTESIAN_POINT('',(-28.2889152897334,-17.1948442174672,-6.));
#9886=CARTESIAN_POINT('',(-42.8889152897334,-17.1948442174672,-6.));
#9887=CARTESIAN_POINT('Origin',(-43.0889152897334,1.15515578253282,-6.2));
#9888=CARTESIAN_POINT('',(-42.8889152897334,7.00515578253282,-6.));
#9889=CARTESIAN_POINT('',(-42.8889152897334,1.15515578253282,-6.));
#9890=CARTESIAN_POINT('',(-43.2889152897334,7.40515578253282,-6.4));
#9891=CARTESIAN_POINT('',(-42.8889152897334,7.00515578253282,-6.));
#9892=CARTESIAN_POINT('',(-43.2889152897334,1.15515578253282,-6.4));
#9893=CARTESIAN_POINT('Origin',(1.71108471026658,7.20515578253282,-6.2));
#9894=CARTESIAN_POINT('',(16.3110847102666,7.00515578253282,-6.));
#9895=CARTESIAN_POINT('',(1.71108471026658,7.00515578253282,-6.));
#9896=CARTESIAN_POINT('',(16.7110847102666,7.40515578253282,-6.4));
#9897=CARTESIAN_POINT('',(16.3110847102666,7.00515578253282,-6.));
#9898=CARTESIAN_POINT('',(1.71108471026658,7.40515578253282,-6.4));
#9899=CARTESIAN_POINT('Origin',(16.5110847102666,-11.3448442174672,-6.2));
#9900=CARTESIAN_POINT('',(16.3110847102666,-17.1948442174672,-6.));
#9901=CARTESIAN_POINT('',(16.3110847102666,-11.3448442174672,-6.));
#9902=CARTESIAN_POINT('',(16.7110847102666,-17.5948442174672,-6.4));
#9903=CARTESIAN_POINT('',(16.3110847102666,-17.1948442174672,-6.));
#9904=CARTESIAN_POINT('',(16.7110847102666,-11.3448442174672,-6.4));
#9905=CARTESIAN_POINT('Origin',(-1.03891528973342,-17.3948442174672,-6.2));
#9906=CARTESIAN_POINT('',(11.6110847102666,-17.1948442174672,-6.));
#9907=CARTESIAN_POINT('',(-1.03891528973342,-17.1948442174672,-6.));
#9908=CARTESIAN_POINT('',(11.2110847102666,-17.5948442174672,-6.4));
#9909=CARTESIAN_POINT('',(11.6110847102666,-17.1948442174672,-6.));
#9910=CARTESIAN_POINT('',(-1.03891528973342,-17.5948442174672,-6.4));
#9911=CARTESIAN_POINT('Origin',(11.2110847102666,-15.9948442174672,-6.4));
#9912=CARTESIAN_POINT('',(11.6110847102666,-15.5948442174672,-6.4));
#9913=CARTESIAN_POINT('',(11.6110847102666,-15.9948442174672,-6.));
#9914=CARTESIAN_POINT('',(11.6110847102666,-15.5948442174672,-6.4));
#9915=CARTESIAN_POINT('',(11.2110847102666,-15.9948442174672,-6.4));
#9916=CARTESIAN_POINT('',(11.2110847102666,-15.9948442174672,-6.4));
#9917=CARTESIAN_POINT('',(11.6110847102666,-15.9948442174672,-6.));
#9918=CARTESIAN_POINT('Origin',(11.4110847102666,-15.7948442174672,-22.));
#9919=CARTESIAN_POINT('',(11.6110847102666,-15.5948442174672,-22.));
#9920=CARTESIAN_POINT('',(11.2110847102666,-15.9948442174672,-22.));
#9921=CARTESIAN_POINT('',(15.2570245870667,-11.948904340667,-22.));
#9922=CARTESIAN_POINT('',(11.2110847102666,-15.9948442174672,-22.));
#9923=CARTESIAN_POINT('',(11.6110847102666,-15.5948442174672,-22.));
#9924=CARTESIAN_POINT('Origin',(11.4110847102666,-10.3448442174672,-6.2));
#9925=CARTESIAN_POINT('',(11.6110847102666,-10.3448442174672,-6.));
#9926=CARTESIAN_POINT('',(11.2110847102666,-10.3448442174672,-6.4));
#9927=CARTESIAN_POINT('Origin',(0.711084710266578,-15.7948442174672,-6.2));
#9928=CARTESIAN_POINT('',(14.7110847102666,-15.5948442174672,-6.4));
#9929=CARTESIAN_POINT('',(0.711084710266578,-15.5948442174672,-6.4));
#9930=CARTESIAN_POINT('',(15.1110847102666,-15.9948442174672,-6.));
#9931=CARTESIAN_POINT('',(0.711084710266578,-15.9948442174672,-6.));
#9932=CARTESIAN_POINT('',(15.1110847102666,-15.9948442174672,-6.));
#9933=CARTESIAN_POINT('Origin',(14.9110847102666,0.155155782532822,-6.2));
#9934=CARTESIAN_POINT('',(14.7110847102666,5.40515578253282,-6.4));
#9935=CARTESIAN_POINT('',(14.7110847102666,0.155155782532822,-6.4));
#9936=CARTESIAN_POINT('',(15.1110847102666,5.80515578253282,-6.));
#9937=CARTESIAN_POINT('',(15.1110847102666,0.155155782532822,-6.));
#9938=CARTESIAN_POINT('',(15.1110847102666,5.80515578253282,-6.));
#9939=CARTESIAN_POINT('Origin',(-27.2889152897334,5.60515578253282,-6.2));
#9940=CARTESIAN_POINT('',(-41.2889152897334,5.40515578253282,-6.4));
#9941=CARTESIAN_POINT('',(-27.2889152897334,5.40515578253282,-6.4));
#9942=CARTESIAN_POINT('',(-41.6889152897334,5.80515578253282,-6.));
#9943=CARTESIAN_POINT('',(-27.2889152897334,5.80515578253282,-6.));
#9944=CARTESIAN_POINT('',(-41.6889152897334,5.80515578253282,-6.));
#9945=CARTESIAN_POINT('Origin',(-41.4889152897334,-10.3448442174672,-6.2));
#9946=CARTESIAN_POINT('',(-41.2889152897334,-15.5948442174672,-6.4));
#9947=CARTESIAN_POINT('',(-41.2889152897334,-10.3448442174672,-6.4));
#9948=CARTESIAN_POINT('',(-41.6889152897334,-15.9948442174672,-6.));
#9949=CARTESIAN_POINT('',(-41.6889152897334,-10.3448442174672,-6.));
#9950=CARTESIAN_POINT('',(-41.6889152897334,-15.9948442174672,-6.));
#9951=CARTESIAN_POINT('Origin',(-22.2889152897334,-15.7948442174672,-6.2));
#9952=CARTESIAN_POINT('',(-22.2889152897334,-15.9948442174672,-6.));
#9953=CARTESIAN_POINT('',(-22.2889152897334,-15.5948442174672,-6.4));
#9954=CARTESIAN_POINT('Origin',(-31.4889152897334,-11.3448442174672,-6.2));
#9955=CARTESIAN_POINT('',(-31.6889152897334,-11.3448442174672,-6.));
#9956=CARTESIAN_POINT('',(-31.2889152897334,-11.3448442174672,-6.4));
#9957=CARTESIAN_POINT('Origin',(-31.4889152897334,-15.1393393662459,-17.2760761767352));
#9958=CARTESIAN_POINT('',(-31.6889152897334,-14.9416650267157,-17.2456647398844));
#9959=CARTESIAN_POINT('',(-31.2889152897334,-15.337013705776,-17.306487613586));
#9960=CARTESIAN_POINT('Origin',(-31.4889152897334,-15.7948442174672,-22.));
#9961=CARTESIAN_POINT('',(-31.2889152897334,-15.9948442174672,-20.8));
#9962=CARTESIAN_POINT('',(-31.2889152897334,-15.9948442174672,-22.));
#9963=CARTESIAN_POINT('',(-31.6889152897334,-15.5948442174672,-20.8));
#9964=CARTESIAN_POINT('',(-28.2139152897334,-19.0698442174672,-20.8));
#9965=CARTESIAN_POINT('',(-31.6889152897334,-15.5948442174672,-22.));
#9966=CARTESIAN_POINT('Origin',(11.2110847102666,-15.5948442174672,-22.));
#9967=CARTESIAN_POINT('',(11.2110847102666,-17.5948442174672,-22.));
#9968=CARTESIAN_POINT('',(11.2110847102666,-7.79742210873358,-22.));
#9969=CARTESIAN_POINT('',(11.2110847102666,-17.5948442174672,-22.));
#9970=CARTESIAN_POINT('Origin',(14.7110847102666,-15.5948442174672,-22.));
#9971=CARTESIAN_POINT('',(14.7110847102666,-15.5948442174672,-22.));
#9972=CARTESIAN_POINT('',(14.7110847102666,-15.5948442174672,-22.));
#9973=CARTESIAN_POINT('',(12.8555423551333,-15.5948442174672,-22.));
#9974=CARTESIAN_POINT('Origin',(14.7110847102666,5.40515578253282,-22.));
#9975=CARTESIAN_POINT('',(14.7110847102666,5.40515578253282,-20.8));
#9976=CARTESIAN_POINT('',(14.7110847102666,5.40515578253282,-22.));
#9977=CARTESIAN_POINT('',(14.7110847102666,4.00515578253282,-20.8));
#9978=CARTESIAN_POINT('',(14.7110847102666,4.95515578253282,-20.8));
#9979=CARTESIAN_POINT('',(14.7110847102666,3.60515578253282,-21.2));
#9980=CARTESIAN_POINT('',(14.7110847102666,3.95515578253282,-20.85));
#9981=CARTESIAN_POINT('',(14.7110847102666,3.60515578253282,-23.));
#9982=CARTESIAN_POINT('',(14.7110847102666,3.60515578253282,-22.));
#9983=CARTESIAN_POINT('',(14.7110847102666,-13.7948442174672,-23.));
#9984=CARTESIAN_POINT('',(14.7110847102666,5.40515578253282,-23.));
#9985=CARTESIAN_POINT('',(14.7110847102666,-13.7948442174672,-22.4));
#9986=CARTESIAN_POINT('',(14.7110847102666,-13.7948442174672,-22.));
#9987=CARTESIAN_POINT('',(14.7110847102666,-14.1948442174672,-22.));
#9988=CARTESIAN_POINT('',(14.7110847102666,-9.19484421746718,-27.));
#9989=CARTESIAN_POINT('',(14.7110847102666,2.70257789126642,-22.));
#9990=CARTESIAN_POINT('Origin',(-41.2889152897334,5.40515578253282,-22.));
#9991=CARTESIAN_POINT('',(-41.2889152897334,5.40515578253282,-20.8));
#9992=CARTESIAN_POINT('',(-41.2889152897334,5.40515578253282,-22.));
#9993=CARTESIAN_POINT('',(-27.2889152897334,5.40515578253282,-20.8));
#9994=CARTESIAN_POINT('',(-26.7889152897334,5.40515578253282,-19.));
#9995=CARTESIAN_POINT('',(-26.7889152897334,5.40515578253282,-17.));
#9996=CARTESIAN_POINT('',(-26.7889152897334,5.40515578253282,-20.));
#9997=CARTESIAN_POINT('',(0.21108471026658,5.40515578253282,-17.));
#9998=CARTESIAN_POINT('',(-27.2889152897334,5.40515578253282,-17.));
#9999=CARTESIAN_POINT('',(0.21108471026658,5.40515578253282,-19.));
#10000=CARTESIAN_POINT('',(0.211084710266585,5.40515578253282,-20.));
#10001=CARTESIAN_POINT('',(-27.2889152897334,5.40515578253282,-19.));
#10002=CARTESIAN_POINT('',(3.51108471026658,5.40515578253282,-15.5000001117587));
#10003=CARTESIAN_POINT('',(3.51108471026658,5.40515578253282,-7.50000011175871));
#10004=CARTESIAN_POINT('',(3.51108471026658,5.40515578253282,-18.7500000558794));
#10005=CARTESIAN_POINT('',(5.11108471026658,5.40515578253282,-7.50000011175871));
#10006=CARTESIAN_POINT('',(-18.8889152897334,5.40515578253282,-7.50000011175871));
#10007=CARTESIAN_POINT('',(5.11108471026658,5.40515578253282,-15.5000001117587));
#10008=CARTESIAN_POINT('',(5.11108471026658,5.40515578253282,-14.7500000558794));
#10009=CARTESIAN_POINT('',(-18.0889152897334,5.40515578253282,-15.5000001117587));
#10010=CARTESIAN_POINT('',(-5.38891528973342,5.40515578253282,-7.50000011175871));
#10011=CARTESIAN_POINT('',(-5.38891528973342,5.40515578253282,-15.5000001117587));
#10012=CARTESIAN_POINT('',(-5.38891528973342,5.40515578253282,-14.7500000558794));
#10013=CARTESIAN_POINT('',(-6.98891528973342,5.40515578253282,-15.5000001117587));
#10014=CARTESIAN_POINT('',(-23.3389152897334,5.40515578253282,-15.5000001117587));
#10015=CARTESIAN_POINT('',(-6.98891528973342,5.40515578253282,-7.50000011175871));
#10016=CARTESIAN_POINT('',(-6.98891528973342,5.40515578253282,-18.7500000558794));
#10017=CARTESIAN_POINT('',(-24.1389152897334,5.40515578253282,-7.50000011175871));
#10018=CARTESIAN_POINT('',(2.48608471026658,5.40515578253282,-7.50000011175871));
#10019=CARTESIAN_POINT('',(2.48608471026658,5.40515578253282,-15.5000001117587));
#10020=CARTESIAN_POINT('',(2.48608471026658,5.40515578253282,-14.7500000558794));
#10021=CARTESIAN_POINT('',(0.886084710266579,5.40515578253282,-15.5000001117587));
#10022=CARTESIAN_POINT('',(-19.4014152897334,5.40515578253282,-15.5000001117587));
#10023=CARTESIAN_POINT('',(0.886084710266579,5.40515578253282,-7.50000011175871));
#10024=CARTESIAN_POINT('',(0.886084710266575,5.40515578253282,-18.7500000558794));
#10025=CARTESIAN_POINT('',(-20.2014152897334,5.40515578253282,-7.50000011175871));
#10026=CARTESIAN_POINT('',(-2.76391528973342,5.40515578253282,-7.50000011175871));
#10027=CARTESIAN_POINT('',(-2.76391528973342,5.40515578253282,-15.5000001117587));
#10028=CARTESIAN_POINT('',(-2.76391528973343,5.40515578253282,-14.7500000558794));
#10029=CARTESIAN_POINT('',(-4.36391528973342,5.40515578253282,-15.5000001117587));
#10030=CARTESIAN_POINT('',(-22.0264152897334,5.40515578253282,-15.5000001117587));
#10031=CARTESIAN_POINT('',(-4.36391528973342,5.40515578253282,-7.50000011175871));
#10032=CARTESIAN_POINT('',(-4.36391528973342,5.40515578253282,-18.7500000558794));
#10033=CARTESIAN_POINT('',(-22.8264152897334,5.40515578253282,-7.50000011175871));
#10034=CARTESIAN_POINT('',(-0.138915289733422,5.40515578253282,-7.50000011175871));
#10035=CARTESIAN_POINT('',(-0.138915289733422,5.40515578253282,-15.5000001117587));
#10036=CARTESIAN_POINT('',(-0.138915289733426,5.40515578253282,-14.7500000558794));
#10037=CARTESIAN_POINT('',(-1.73891528973342,5.40515578253282,-15.5000001117587));
#10038=CARTESIAN_POINT('',(-20.7139152897334,5.40515578253282,-15.5000001117587));
#10039=CARTESIAN_POINT('',(-1.73891528973342,5.40515578253282,-7.50000011175871));
#10040=CARTESIAN_POINT('',(-1.73891528973342,5.40515578253282,-18.7500000558794));
#10041=CARTESIAN_POINT('',(-21.5139152897334,5.40515578253282,-7.50000011175871));
#10042=CARTESIAN_POINT('Origin',(-41.2889152897334,-15.5948442174672,-22.));
#10043=CARTESIAN_POINT('',(-41.2889152897334,-15.5948442174672,-20.8));
#10044=CARTESIAN_POINT('',(-41.2889152897334,-15.5948442174672,-22.));
#10045=CARTESIAN_POINT('',(-41.2889152897334,-14.1948442174672,-20.8));
#10046=CARTESIAN_POINT('',(-41.2889152897334,-15.1448442174672,-20.8));
#10047=CARTESIAN_POINT('',(-41.2889152897334,-13.7948442174672,-21.2));
#10048=CARTESIAN_POINT('',(-41.2889152897334,-14.1448442174672,-20.85));
#10049=CARTESIAN_POINT('',(-41.2889152897334,-13.7948442174672,-23.));
#10050=CARTESIAN_POINT('',(-41.2889152897334,-13.7948442174672,-22.));
#10051=CARTESIAN_POINT('',(-41.2889152897334,3.60515578253282,-23.));
#10052=CARTESIAN_POINT('',(-41.2889152897334,-15.5948442174672,-23.));
#10053=CARTESIAN_POINT('',(-41.2889152897334,3.60515578253282,-21.2));
#10054=CARTESIAN_POINT('',(-41.2889152897334,3.60515578253282,-22.));
#10055=CARTESIAN_POINT('',(-41.2889152897334,4.00515578253282,-20.8));
#10056=CARTESIAN_POINT('',(-41.2889152897334,-1.29484421746718,-26.1));
#10057=CARTESIAN_POINT('',(-41.2889152897334,-5.54484421746718,-20.8));
#10058=CARTESIAN_POINT('Origin',(-31.2889152897334,-15.5948442174672,-13.));
#10059=CARTESIAN_POINT('',(-36.2889152897334,-14.7948442174672,-18.2));
#10060=CARTESIAN_POINT('',(-31.2889152897334,-14.7948442174672,-18.2));
#10061=CARTESIAN_POINT('',(-36.2889152897334,-15.5948442174672,-13.));
#10062=CARTESIAN_POINT('',(-36.2889152897334,-14.7948442174672,-18.2));
#10063=CARTESIAN_POINT('',(-31.2889152897334,-15.5948442174672,-13.));
#10064=CARTESIAN_POINT('Origin',(-31.2889152897334,-14.7948442174672,-18.2));
#10065=CARTESIAN_POINT('',(-36.2889152897334,-15.5948442174672,-19.));
#10066=CARTESIAN_POINT('',(-31.2889152897334,-15.5948442174672,-19.));
#10067=CARTESIAN_POINT('',(-36.2889152897334,-15.5948442174672,-19.));
#10068=CARTESIAN_POINT('Origin',(-31.2889152897334,-15.5948442174672,-22.));
#10069=CARTESIAN_POINT('',(-36.2889152897334,-15.5948442174672,-19.));
#10070=CARTESIAN_POINT('',(-24.2889152897334,-15.5948442174672,-20.8));
#10071=CARTESIAN_POINT('Origin',(-13.2889152897334,-5.09484421746718,-6.));
#10072=CARTESIAN_POINT('Origin',(-29.2889152897334,-15.3948442174672,-21.));
#10073=CARTESIAN_POINT('',(-31.2889152897334,-15.1948442174672,-20.8));
#10074=CARTESIAN_POINT('',(-29.2889152897334,-15.1948442174672,-20.8));
#10075=CARTESIAN_POINT('',(-31.2889152897334,-15.5948442174672,-21.2));
#10076=CARTESIAN_POINT('',(-31.2889152897334,-16.1948442174672,-21.8));
#10077=CARTESIAN_POINT('',(-29.2889152897334,-15.5948442174672,-21.2));
#10078=CARTESIAN_POINT('Origin',(-41.2889152897334,-15.5948442174672,-22.));
#10079=CARTESIAN_POINT('',(-31.2889152897334,-15.5948442174672,-22.));
#10080=CARTESIAN_POINT('',(-31.2889152897334,-15.5948442174672,-22.));
#10081=CARTESIAN_POINT('',(-15.1444576448667,-15.5948442174672,-22.));
#10082=CARTESIAN_POINT('Origin',(-40.5,-22.5,-23.8));
#10083=CARTESIAN_POINT('',(-38.5,-22.5,-23.6));
#10084=CARTESIAN_POINT('',(-38.3,-22.5,-23.8));
#10085=CARTESIAN_POINT('Origin',(-40.5,-22.5,-23.6));
#10086=CARTESIAN_POINT('Origin',(-40.5,-22.5,-22.));
#10087=CARTESIAN_POINT('',(-38.5,-22.5,-22.4));
#10088=CARTESIAN_POINT('Origin',(-40.5,-22.5,-22.4));
#10089=CARTESIAN_POINT('',(-38.5,-22.5,-22.));
#10090=CARTESIAN_POINT('Origin',(-40.5000000000001,22.5,-23.8));
#10091=CARTESIAN_POINT('',(-38.5000000000001,22.5,-23.6));
#10092=CARTESIAN_POINT('',(-38.3000000000001,22.5,-23.8));
#10093=CARTESIAN_POINT('Origin',(-40.5000000000001,22.5,-23.6));
#10094=CARTESIAN_POINT('Origin',(-40.5000000000001,22.5,-22.));
#10095=CARTESIAN_POINT('',(-38.5000000000001,22.5,-22.4));
#10096=CARTESIAN_POINT('Origin',(-40.5000000000001,22.5,-22.4));
#10097=CARTESIAN_POINT('',(-38.5000000000001,22.5,-22.));
#10098=CARTESIAN_POINT('Origin',(62.4999999999999,22.5,-23.8));
#10099=CARTESIAN_POINT('',(64.4999999999999,22.5,-23.6));
#10100=CARTESIAN_POINT('',(64.6999999999999,22.5,-23.8));
#10101=CARTESIAN_POINT('Origin',(62.4999999999999,22.5,-23.6));
#10102=CARTESIAN_POINT('Origin',(62.4999999999999,22.5,-22.));
#10103=CARTESIAN_POINT('',(64.4999999999999,22.5,-22.4));
#10104=CARTESIAN_POINT('Origin',(62.4999999999999,22.5,-22.4));
#10105=CARTESIAN_POINT('',(64.4999999999999,22.5,-22.));
#10106=CARTESIAN_POINT('Origin',(62.4999999999999,-22.5,-23.8));
#10107=CARTESIAN_POINT('',(64.4999999999999,-22.5,-23.6));
#10108=CARTESIAN_POINT('',(64.7,-22.5,-23.8));
#10109=CARTESIAN_POINT('Origin',(62.4999999999999,-22.5,-23.6));
#10110=CARTESIAN_POINT('Origin',(62.4999999999999,-22.5,-22.));
#10111=CARTESIAN_POINT('',(64.4999999999999,-22.5,-22.4));
#10112=CARTESIAN_POINT('Origin',(62.4999999999999,-22.5,-22.4));
#10113=CARTESIAN_POINT('',(64.4999999999999,-22.5,-22.));
#10114=CARTESIAN_POINT('Origin',(31.9999999999999,-23.5474221087336,-23.8));
#10115=CARTESIAN_POINT('',(31.9999999999999,-18.5474221087336,-23.6));
#10116=CARTESIAN_POINT('',(31.9999999999999,-18.5474221087336,-23.6));
#10117=CARTESIAN_POINT('',(31.9999999999999,-28.5474221087336,-23.6));
#10118=CARTESIAN_POINT('',(31.9999999999999,-28.9474221087336,-24.));
#10119=CARTESIAN_POINT('Origin',(31.9999999999999,-23.5474221087336,-23.6));
#10120=CARTESIAN_POINT('Origin',(16.4999999999999,-18.3474221087336,-23.8));
#10121=CARTESIAN_POINT('',(21.9999999999999,-18.5474221087336,-23.6));
#10122=CARTESIAN_POINT('',(21.9999999999999,-18.5474221087336,-23.6));
#10123=CARTESIAN_POINT('',(16.4999999999999,-18.5474221087336,-23.6));
#10124=CARTESIAN_POINT('Origin',(21.9999999999999,-23.5474221087336,-23.8));
#10125=CARTESIAN_POINT('',(21.9999999999999,-28.5474221087336,-23.6));
#10126=CARTESIAN_POINT('',(21.9999999999999,-28.5474221087336,-23.6));
#10127=CARTESIAN_POINT('Origin',(21.9999999999999,-23.5474221087336,-23.6));
#10128=CARTESIAN_POINT('Origin',(21.4999999999999,-28.7474221087336,-23.8));
#10129=CARTESIAN_POINT('',(21.4999999999999,-28.5474221087336,-23.6));
#10130=CARTESIAN_POINT('Origin',(21.9999999999999,-18.5474221087336,-22.));
#10131=CARTESIAN_POINT('',(31.9999999999999,-18.5474221087336,-22.4));
#10132=CARTESIAN_POINT('',(31.9999999999999,-18.5474221087336,-22.));
#10133=CARTESIAN_POINT('',(21.9999999999999,-18.5474221087336,-22.4));
#10134=CARTESIAN_POINT('',(16.4999999999999,-18.5474221087336,-22.4));
#10135=CARTESIAN_POINT('',(21.9999999999999,-18.5474221087336,-22.));
#10136=CARTESIAN_POINT('Origin',(31.9999999999999,-23.5474221087336,-22.));
#10137=CARTESIAN_POINT('',(31.9999999999999,-28.5474221087336,-22.4));
#10138=CARTESIAN_POINT('',(31.9999999999999,-28.5474221087336,-22.));
#10139=CARTESIAN_POINT('Origin',(31.9999999999999,-23.5474221087336,-22.4));
#10140=CARTESIAN_POINT('Origin',(62.4999999999999,-22.5,-22.2));
#10141=CARTESIAN_POINT('',(64.8999999999999,-22.5,-22.));
#10142=CARTESIAN_POINT('Origin',(62.4999999999999,-22.5,-22.));
#10143=CARTESIAN_POINT('',(64.7,-22.5,-22.2));
#10144=CARTESIAN_POINT('Origin',(11.,2.66453525910038E-14,-22.));
#10145=CARTESIAN_POINT('',(-43.2889152897334,7.40515578253282,-22.));
#10146=CARTESIAN_POINT('',(-43.2889152897334,3.70257789126642,-22.));
#10147=CARTESIAN_POINT('',(13.8555423551333,7.40515578253282,-22.));
#10148=CARTESIAN_POINT('',(16.7110847102666,-17.5948442174672,-22.));
#10149=CARTESIAN_POINT('',(16.7110847102666,-8.79742210873358,-22.));
#10150=CARTESIAN_POINT('',(11.1055423551333,-17.5948442174672,-22.));
#10151=CARTESIAN_POINT('',(6.71108471026658,-14.1948442174672,-22.));
#10152=CARTESIAN_POINT('',(8.85554235513327,-14.1948442174672,-22.));
#10153=CARTESIAN_POINT('',(6.71108471026658,-7.79742210873358,-22.));
#10154=CARTESIAN_POINT('',(8.71108471026658,-17.5948442174672,-22.));
#10155=CARTESIAN_POINT('',(8.71108471026658,-8.79742210873358,-22.));
#10156=CARTESIAN_POINT('',(19.7999995574355,-8.39999981224525,-22.));
#10157=CARTESIAN_POINT('Ctrl Pts',(8.71108471026658,-17.5948442174672,-22.));
#10158=CARTESIAN_POINT('Ctrl Pts',(8.75020941575255,-17.7959455954256,-22.));
#10159=CARTESIAN_POINT('Ctrl Pts',(8.85531473805668,-18.181113226931,-22.));
#10160=CARTESIAN_POINT('Ctrl Pts',(9.09353646029346,-18.7077598750917,-22.));
#10161=CARTESIAN_POINT('Ctrl Pts',(9.57349949204141,-19.306997931463,-22.));
#10162=CARTESIAN_POINT('Ctrl Pts',(10.4413261385646,-19.8791579077866,-22.));
#10163=CARTESIAN_POINT('Ctrl Pts',(11.5570112489178,-20.2663121485251,-22.));
#10164=CARTESIAN_POINT('Ctrl Pts',(12.8688621148991,-20.4586183814724,-22.));
#10165=CARTESIAN_POINT('Ctrl Pts',(14.2823270012032,-20.445695749226,-22.));
#10166=CARTESIAN_POINT('Ctrl Pts',(15.6832283834126,-20.2154141545414,-22.));
#10167=CARTESIAN_POINT('Ctrl Pts',(16.95783908927,-19.7534352801816,-22.));
#10168=CARTESIAN_POINT('Ctrl Pts',(18.012476082466,-19.0430878048045,-22.));
#10169=CARTESIAN_POINT('Ctrl Pts',(18.7975281683237,-18.0659471930291,-22.));
#10170=CARTESIAN_POINT('Ctrl Pts',(19.3204251791379,-16.8025526856566,-22.));
#10171=CARTESIAN_POINT('Ctrl Pts',(19.6225935574983,-15.2325221592324,-22.));
#10172=CARTESIAN_POINT('Ctrl Pts',(19.7645220313804,-13.3355722068552,-22.));
#10173=CARTESIAN_POINT('Ctrl Pts',(19.8001942467412,-11.5416863720478,-22.));
#10174=CARTESIAN_POINT('Ctrl Pts',(19.8057652923972,-10.0344862548449,-22.));
#10175=CARTESIAN_POINT('Ctrl Pts',(19.8030009765693,-8.95695123394013,-22.));
#10176=CARTESIAN_POINT('Ctrl Pts',(19.7999995574355,-8.39999981224537,-22.));
#10177=CARTESIAN_POINT('',(19.9999995529652,-8.39999981224537,-22.));
#10178=CARTESIAN_POINT('Origin',(19.8999995552,-8.96558732933825,-22.));
#10179=CARTESIAN_POINT('',(7.09683416839764,-17.5948442174672,-22.));
#10180=CARTESIAN_POINT('Ctrl Pts',(19.9999995529652,-8.39999981224537,-22.));
#10181=CARTESIAN_POINT('Ctrl Pts',(20.0125400327677,-8.93182253995688,-22.));
#10182=CARTESIAN_POINT('Ctrl Pts',(20.0235269317782,-9.44342418036552,-22.));
#10183=CARTESIAN_POINT('Ctrl Pts',(20.0325483687522,-9.93555100883627,-22.));
#10184=CARTESIAN_POINT('Ctrl Pts',(20.0823537525258,-12.6524757768048,-22.));
#10185=CARTESIAN_POINT('Ctrl Pts',(20.1119136478351,-14.7656161859507,-22.));
#10186=CARTESIAN_POINT('Ctrl Pts',(19.7199871234146,-16.5153148073302,-22.));
#10187=CARTESIAN_POINT('Ctrl Pts',(19.4449809377621,-17.7430396841255,-22.));
#10188=CARTESIAN_POINT('Ctrl Pts',(18.9049628838012,-18.8117515884248,-22.));
#10189=CARTESIAN_POINT('Ctrl Pts',(18.0580515572475,-19.5875143470015,-22.));
#10190=CARTESIAN_POINT('Ctrl Pts',(16.9806109919143,-20.5744397061965,-22.));
#10191=CARTESIAN_POINT('Ctrl Pts',(15.5091432274158,-21.064163638983,-22.));
#10192=CARTESIAN_POINT('Ctrl Pts',(14.0296713751237,-21.2348717380986,-22.));
#10193=CARTESIAN_POINT('Ctrl Pts',(12.1729219364312,-21.4491118175717,-22.));
#10194=CARTESIAN_POINT('Ctrl Pts',(10.3167908971834,-21.1890108884124,-22.));
#10195=CARTESIAN_POINT('Ctrl Pts',(8.9774536039676,-20.3440596491178,-22.));
#10196=CARTESIAN_POINT('Ctrl Pts',(8.05647100886484,-19.7630369380782,-22.));
#10197=CARTESIAN_POINT('Ctrl Pts',(7.40004285652677,-18.8572088282018,-22.));
#10198=CARTESIAN_POINT('Ctrl Pts',(7.14713842387842,-17.8042785588118,-22.));
#10199=CARTESIAN_POINT('Ctrl Pts',(7.13037033871816,-17.7344671116969,-22.));
#10200=CARTESIAN_POINT('Ctrl Pts',(7.1136022535579,-17.664655664582,-22.));
#10201=CARTESIAN_POINT('Ctrl Pts',(7.09683416839764,-17.5948442174672,-22.));
#10202=CARTESIAN_POINT('',(-4.14445764486673,-17.5948442174672,-22.));
#10203=CARTESIAN_POINT('',(-31.2889152897334,-8.79742210873358,-22.));
#10204=CARTESIAN_POINT('',(-16.1444576448667,-17.5948442174672,-22.));
#10205=CARTESIAN_POINT('',(-40.5000000000001,-29.5,-22.));
#10206=CARTESIAN_POINT('Origin',(-40.5000000000001,-22.5,-22.));
#10207=CARTESIAN_POINT('',(62.4999999999999,-29.5,-22.));
#10208=CARTESIAN_POINT('',(36.75,-29.5,-22.));
#10209=CARTESIAN_POINT('Origin',(62.5,-22.5,-22.));
#10210=CARTESIAN_POINT('',(62.4999999999999,29.5,-22.));
#10211=CARTESIAN_POINT('Origin',(62.4999999999999,22.5,-22.));
#10212=CARTESIAN_POINT('',(-40.5000000000001,29.5,-22.));
#10213=CARTESIAN_POINT('',(-14.7500000000001,29.5,-22.));
#10214=CARTESIAN_POINT('Origin',(-40.5000000000001,22.5,-22.));
#10215=CARTESIAN_POINT('',(64.8999999999999,22.5,-22.));
#10216=CARTESIAN_POINT('Origin',(62.4999999999999,22.5,-22.));
#10217=CARTESIAN_POINT('',(-38.1000000000001,-22.5,-22.));
#10218=CARTESIAN_POINT('Origin',(-40.5,-22.5,-22.));
#10219=CARTESIAN_POINT('',(21.9999999999999,-18.1474221087336,-22.));
#10220=CARTESIAN_POINT('',(21.9999999999999,-28.9474221087336,-22.));
#10221=CARTESIAN_POINT('Origin',(21.9999999999999,-23.5474221087336,-22.));
#10222=CARTESIAN_POINT('',(31.9999999999999,-18.1474221087336,-22.));
#10223=CARTESIAN_POINT('',(16.4999999999999,-18.1474221087336,-22.));
#10224=CARTESIAN_POINT('',(31.9999999999999,-28.9474221087336,-22.));
#10225=CARTESIAN_POINT('Origin',(31.9999999999999,-23.5474221087336,-22.));
#10226=CARTESIAN_POINT('',(21.4999999999999,-28.9474221087336,-22.));
#10227=CARTESIAN_POINT('',(-38.1000000000001,22.5,-22.));
#10228=CARTESIAN_POINT('Origin',(-40.5000000000001,22.5,-22.));
#10229=CARTESIAN_POINT('Origin',(62.4999999999999,22.5,-22.2));
#10230=CARTESIAN_POINT('',(64.6999999999999,22.5,-22.2));
#10231=CARTESIAN_POINT('Origin',(-40.5000000000001,22.5,-22.2));
#10232=CARTESIAN_POINT('',(-38.3000000000001,22.5,-22.2));
#10233=CARTESIAN_POINT('Origin',(-40.5,-22.5,-22.2));
#10234=CARTESIAN_POINT('',(-38.3,-22.5,-22.2));
#10235=CARTESIAN_POINT('Origin',(21.9999999999999,-23.5474221087336,-22.2));
#10236=CARTESIAN_POINT('',(21.9999999999999,-18.5474221087336,-22.4));
#10237=CARTESIAN_POINT('',(21.9999999999999,-28.5474221087336,-22.4));
#10238=CARTESIAN_POINT('',(21.9999999999999,-28.9474221087336,-22.));
#10239=CARTESIAN_POINT('Origin',(21.9999999999999,-23.5474221087336,-22.4));
#10240=CARTESIAN_POINT('Origin',(16.4999999999999,-18.3474221087336,-22.2));
#10241=CARTESIAN_POINT('',(31.9999999999999,-18.5474221087336,-22.4));
#10242=CARTESIAN_POINT('Origin',(31.9999999999999,-23.5474221087336,-22.2));
#10243=CARTESIAN_POINT('',(31.9999999999999,-28.5474221087336,-22.4));
#10244=CARTESIAN_POINT('Origin',(21.4999999999999,-28.7474221087336,-22.2));
#10245=CARTESIAN_POINT('',(21.4999999999999,-28.5474221087336,-22.4));
#10246=CARTESIAN_POINT('Origin',(21.9999999999999,-23.5474221087336,-22.));
#10247=CARTESIAN_POINT('',(21.9999999999999,-28.5474221087336,-22.));
#10248=CARTESIAN_POINT('Origin',(8.85554235513327,-13.9948442174672,-22.2));
#10249=CARTESIAN_POINT('',(6.31108471026658,-13.7948442174672,-22.4));
#10250=CARTESIAN_POINT('',(8.85554235513327,-13.7948442174672,-22.4));
#10251=CARTESIAN_POINT('',(6.31108471026658,-13.7948442174672,-22.4));
#10252=CARTESIAN_POINT('Origin',(6.31108471026658,-13.7948442174672,-21.2));
#10253=CARTESIAN_POINT('',(6.71108471026658,-14.1948442174672,-21.2));
#10254=CARTESIAN_POINT('',(6.31108471026658,-14.1948442174672,-20.8));
#10255=CARTESIAN_POINT('',(6.71108471026658,-14.1948442174672,-21.2));
#10256=CARTESIAN_POINT('',(6.31108471026658,-13.7948442174672,-21.2));
#10257=CARTESIAN_POINT('',(6.31108471026658,-13.7948442174672,-21.2));
#10258=CARTESIAN_POINT('',(6.31108471026658,-14.1948442174672,-20.8));
#10259=CARTESIAN_POINT('Origin',(6.51108471026658,-13.9948442174672,-22.));
#10260=CARTESIAN_POINT('',(6.31108471026658,-13.7948442174672,-22.));
#10261=CARTESIAN_POINT('',(6.71108471026658,-14.1948442174672,-22.));
#10262=CARTESIAN_POINT('Origin',(-5.28891528973342,-13.9948442174672,-21.));
#10263=CARTESIAN_POINT('',(-5.28891528973342,-14.1948442174672,-20.8));
#10264=CARTESIAN_POINT('',(-5.28891528973342,-13.7948442174672,-21.2));
#10265=CARTESIAN_POINT('Origin',(6.51108471026658,-15.1448442174672,-21.));
#10266=CARTESIAN_POINT('',(6.71108471026658,-15.1448442174672,-21.2));
#10267=CARTESIAN_POINT('',(6.31108471026658,-15.1448442174672,-20.8));
#10268=CARTESIAN_POINT('Origin',(6.71108471026658,-13.7948442174672,-22.));
#10269=CARTESIAN_POINT('',(6.71108471026658,-13.7948442174672,-23.));
#10270=CARTESIAN_POINT('Origin',(6.71108471026658,-15.5948442174672,-22.));
#10271=CARTESIAN_POINT('Origin',(-27.2889152897334,3.80515578253282,-21.));
#10272=CARTESIAN_POINT('',(-27.2889152897334,3.60515578253282,-21.2));
#10273=CARTESIAN_POINT('',(-27.2889152897334,4.00515578253282,-20.8));
#10274=CARTESIAN_POINT('Origin',(-41.2889152897334,3.60515578253282,-22.));
#10275=CARTESIAN_POINT('',(-41.2889152897334,3.60515578253282,-23.));
#10276=CARTESIAN_POINT('Origin',(-14.7500000000001,29.7,-0.7));
#10277=CARTESIAN_POINT('',(62.4999999999999,29.5,-0.9));
#10278=CARTESIAN_POINT('',(62.4999999999999,29.5,-0.9));
#10279=CARTESIAN_POINT('',(-40.5000000000001,29.5,-0.9));
#10280=CARTESIAN_POINT('',(-40.5000000000001,29.9,-0.5));
#10281=CARTESIAN_POINT('',(-14.7500000000001,29.5,-0.9));
#10282=CARTESIAN_POINT('Origin',(62.4999999999999,22.5,-0.7));
#10283=CARTESIAN_POINT('',(69.4999999999999,22.5,-0.9));
#10284=CARTESIAN_POINT('Origin',(62.4999999999999,22.5,-0.9));
#10285=CARTESIAN_POINT('Origin',(69.7,11.25,-0.7));
#10286=CARTESIAN_POINT('',(69.4999999999999,-22.5,-0.9));
#10287=CARTESIAN_POINT('Origin',(62.5,-22.5,-0.7));
#10288=CARTESIAN_POINT('',(62.4999999999999,-29.5,-0.9));
#10289=CARTESIAN_POINT('',(62.4999999999999,-29.5,-0.9));
#10290=CARTESIAN_POINT('Origin',(62.5,-22.5,-0.9));
#10291=CARTESIAN_POINT('Origin',(36.75,-29.7,-0.7));
#10292=CARTESIAN_POINT('',(-40.5000000000001,-29.5,-0.9));
#10293=CARTESIAN_POINT('',(-40.5000000000001,-29.5,-0.9));
#10294=CARTESIAN_POINT('',(36.75,-29.5,-0.9));
#10295=CARTESIAN_POINT('Origin',(-40.5000000000001,-22.5,-0.7));
#10296=CARTESIAN_POINT('',(-47.5000000000001,-22.5,-0.9));
#10297=CARTESIAN_POINT('Origin',(-40.5000000000001,-22.5,-0.9));
#10298=CARTESIAN_POINT('Origin',(-47.7,-11.25,-0.7));
#10299=CARTESIAN_POINT('',(-47.5,22.5,-0.9));
#10300=CARTESIAN_POINT('Origin',(-40.5000000000001,22.5,-0.7));
#10301=CARTESIAN_POINT('Origin',(-40.5000000000001,22.5,-0.9));
#10302=CARTESIAN_POINT('Origin',(62.5,-22.5,-2.));
#10303=CARTESIAN_POINT('',(62.4999999999999,-29.5,-2.));
#10304=CARTESIAN_POINT('Origin',(62.4999999999999,22.5,-2.));
#10305=CARTESIAN_POINT('',(62.4999999999999,29.5,-2.));
#10306=CARTESIAN_POINT('Origin',(-40.5000000000001,29.5,-2.));
#10307=CARTESIAN_POINT('',(-40.5000000000001,29.5,-2.));
#10308=CARTESIAN_POINT('Origin',(-1.73891528973342,-17.5948442174672,-15.5000001117587));
#10309=CARTESIAN_POINT('',(-1.73891528973342,7.40515578253282,-15.5000001117587));
#10310=CARTESIAN_POINT('',(-1.73891528973342,-17.5948442174672,-15.5000001117587));
#10311=CARTESIAN_POINT('',(-1.73891528973342,7.40515578253282,-7.50000011175871));
#10312=CARTESIAN_POINT('',(-1.73891528973342,7.40515578253282,-18.7500000558794));
#10313=CARTESIAN_POINT('',(-1.73891528973342,-17.5948442174672,-7.50000011175871));
#10314=CARTESIAN_POINT('Origin',(-1.73891528973342,-17.5948442174672,-15.5000001117587));
#10315=CARTESIAN_POINT('',(-1.73891528973342,-17.5948442174672,-7.50000011175871));
#10316=CARTESIAN_POINT('',(-1.73891528973342,-17.5948442174672,-7.50000011175871));
#10317=CARTESIAN_POINT('',(-1.73891528973342,-17.5948442174672,-15.5000001117587));
#10318=CARTESIAN_POINT('',(-1.73891528973342,-17.5948442174672,-18.7500000558794));
#10319=CARTESIAN_POINT('',(-1.73891528973342,-17.5948442174672,-15.5000001117587));
#10320=CARTESIAN_POINT('Origin',(-0.138915289733422,-17.5948442174672,-15.5000001117587));
#10321=CARTESIAN_POINT('',(-0.138915289733422,7.40515578253282,-15.5000001117587));
#10322=CARTESIAN_POINT('',(-0.138915289733422,-17.5948442174672,-15.5000001117587));
#10323=CARTESIAN_POINT('',(8.28608471026658,7.40515578253282,-15.5000001117587));
#10324=CARTESIAN_POINT('Origin',(-0.138915289733422,-17.5948442174672,-15.5000001117587));
#10325=CARTESIAN_POINT('',(-0.138915289733422,-17.5948442174672,-15.5000001117587));
#10326=CARTESIAN_POINT('',(-9.71391528973342,-17.5948442174672,-15.5000001117587));
#10327=CARTESIAN_POINT('',(-0.138915289733422,-17.5948442174672,-15.5000001117587));
#10328=CARTESIAN_POINT('Origin',(-1.73891528973342,-17.5948442174672,-7.50000011175871));
#10329=CARTESIAN_POINT('',(-0.138915289733422,7.40515578253282,-7.50000011175871));
#10330=CARTESIAN_POINT('',(7.48608471026658,7.40515578253282,-7.50000011175871));
#10331=CARTESIAN_POINT('',(-0.138915289733422,-17.5948442174672,-7.50000011175871));
#10332=CARTESIAN_POINT('Origin',(-0.138915289733422,-17.5948442174672,-7.50000011175871));
#10333=CARTESIAN_POINT('',(-0.138915289733423,7.40515578253282,-14.7500000558794));
#10334=CARTESIAN_POINT('Origin',(-0.138915289733422,-17.5948442174672,-7.50000011175871));
#10335=CARTESIAN_POINT('',(-0.138915289733422,-17.5948442174672,-7.50000011175871));
#10336=CARTESIAN_POINT('',(-0.138915289733421,-17.5948442174672,-14.7500000558794));
#10337=CARTESIAN_POINT('',(-0.138915289733422,-17.5948442174672,-7.50000011175871));
#10338=CARTESIAN_POINT('Origin',(-1.73891528973342,-17.5948442174672,-7.50000011175871));
#10339=CARTESIAN_POINT('',(-10.5139152897334,-17.5948442174672,-7.50000011175871));
#10340=CARTESIAN_POINT('Origin',(-4.36391528973342,-17.5948442174672,-15.5000001117587));
#10341=CARTESIAN_POINT('',(-4.36391528973342,7.40515578253282,-15.5000001117587));
#10342=CARTESIAN_POINT('',(-4.36391528973342,-17.5948442174672,-15.5000001117587));
#10343=CARTESIAN_POINT('',(-4.36391528973342,7.40515578253282,-7.50000011175871));
#10344=CARTESIAN_POINT('',(-4.36391528973342,7.40515578253282,-18.7500000558794));
#10345=CARTESIAN_POINT('',(-4.36391528973342,-17.5948442174672,-7.50000011175871));
#10346=CARTESIAN_POINT('Origin',(-4.36391528973342,-17.5948442174672,-15.5000001117587));
#10347=CARTESIAN_POINT('',(-4.36391528973342,-17.5948442174672,-7.50000011175871));
#10348=CARTESIAN_POINT('',(-4.36391528973342,-17.5948442174672,-7.50000011175871));
#10349=CARTESIAN_POINT('',(-4.36391528973342,-17.5948442174672,-15.5000001117587));
#10350=CARTESIAN_POINT('',(-4.36391528973342,-17.5948442174672,-18.7500000558794));
#10351=CARTESIAN_POINT('',(-4.36391528973342,-17.5948442174672,-15.5000001117587));
#10352=CARTESIAN_POINT('Origin',(-2.76391528973342,-17.5948442174672,-15.5000001117587));
#10353=CARTESIAN_POINT('',(-2.76391528973342,7.40515578253282,-15.5000001117587));
#10354=CARTESIAN_POINT('',(-2.76391528973342,-17.5948442174672,-15.5000001117587));
#10355=CARTESIAN_POINT('',(6.97358471026658,7.40515578253282,-15.5000001117587));
#10356=CARTESIAN_POINT('Origin',(-2.76391528973342,-17.5948442174672,-15.5000001117587));
#10357=CARTESIAN_POINT('',(-2.76391528973342,-17.5948442174672,-15.5000001117587));
#10358=CARTESIAN_POINT('',(-11.0264152897334,-17.5948442174672,-15.5000001117587));
#10359=CARTESIAN_POINT('',(-2.76391528973342,-17.5948442174672,-15.5000001117587));
#10360=CARTESIAN_POINT('Origin',(-4.36391528973342,-17.5948442174672,-7.50000011175871));
#10361=CARTESIAN_POINT('',(-2.76391528973342,7.40515578253282,-7.50000011175871));
#10362=CARTESIAN_POINT('',(6.17358471026658,7.40515578253282,-7.50000011175871));
#10363=CARTESIAN_POINT('',(-2.76391528973342,-17.5948442174672,-7.50000011175871));
#10364=CARTESIAN_POINT('Origin',(-2.76391528973342,-17.5948442174672,-7.50000011175871));
#10365=CARTESIAN_POINT('',(-2.76391528973342,7.40515578253282,-14.7500000558794));
#10366=CARTESIAN_POINT('Origin',(-2.76391528973342,-17.5948442174672,-7.50000011175871));
#10367=CARTESIAN_POINT('',(-2.76391528973342,-17.5948442174672,-7.50000011175871));
#10368=CARTESIAN_POINT('',(-2.76391528973342,-17.5948442174672,-14.7500000558794));
#10369=CARTESIAN_POINT('',(-2.76391528973342,-17.5948442174672,-7.50000011175871));
#10370=CARTESIAN_POINT('Origin',(-4.36391528973342,-17.5948442174672,-7.50000011175871));
#10371=CARTESIAN_POINT('',(-11.8264152897334,-17.5948442174672,-7.50000011175871));
#10372=CARTESIAN_POINT('Origin',(0.886084710266579,-17.5948442174672,-15.5000001117587));
#10373=CARTESIAN_POINT('',(0.886084710266579,7.40515578253282,-15.5000001117587));
#10374=CARTESIAN_POINT('',(0.886084710266579,-17.5948442174672,-15.5000001117587));
#10375=CARTESIAN_POINT('',(0.886084710266579,7.40515578253282,-7.50000011175871));
#10376=CARTESIAN_POINT('',(0.886084710266579,7.40515578253282,-18.7500000558794));
#10377=CARTESIAN_POINT('',(0.886084710266579,-17.5948442174672,-7.50000011175871));
#10378=CARTESIAN_POINT('Origin',(0.886084710266579,-17.5948442174672,-15.5000001117587));
#10379=CARTESIAN_POINT('',(0.886084710266579,-17.5948442174672,-7.50000011175871));
#10380=CARTESIAN_POINT('',(0.886084710266579,-17.5948442174672,-7.50000011175871));
#10381=CARTESIAN_POINT('',(0.886084710266579,-17.5948442174672,-15.5000001117587));
#10382=CARTESIAN_POINT('',(0.886084710266579,-17.5948442174672,-18.7500000558794));
#10383=CARTESIAN_POINT('',(0.886084710266579,-17.5948442174672,-15.5000001117587));
#10384=CARTESIAN_POINT('Origin',(2.48608471026658,-17.5948442174672,-15.5000001117587));
#10385=CARTESIAN_POINT('',(2.48608471026658,7.40515578253282,-15.5000001117587));
#10386=CARTESIAN_POINT('',(2.48608471026658,-17.5948442174672,-15.5000001117587));
#10387=CARTESIAN_POINT('',(9.59858471026658,7.40515578253282,-15.5000001117587));
#10388=CARTESIAN_POINT('Origin',(2.48608471026658,-17.5948442174672,-15.5000001117587));
#10389=CARTESIAN_POINT('',(2.48608471026658,-17.5948442174672,-15.5000001117587));
#10390=CARTESIAN_POINT('',(-8.40141528973342,-17.5948442174672,-15.5000001117587));
#10391=CARTESIAN_POINT('',(2.48608471026658,-17.5948442174672,-15.5000001117587));
#10392=CARTESIAN_POINT('Origin',(0.886084710266579,-17.5948442174672,-7.50000011175871));
#10393=CARTESIAN_POINT('',(2.48608471026658,7.40515578253282,-7.50000011175871));
#10394=CARTESIAN_POINT('',(8.79858471026658,7.40515578253282,-7.50000011175871));
#10395=CARTESIAN_POINT('',(2.48608471026658,-17.5948442174672,-7.50000011175871));
#10396=CARTESIAN_POINT('Origin',(2.48608471026658,-17.5948442174672,-7.50000011175871));
#10397=CARTESIAN_POINT('',(2.48608471026658,7.40515578253282,-14.7500000558794));
#10398=CARTESIAN_POINT('Origin',(2.48608471026658,-17.5948442174672,-7.50000011175871));
#10399=CARTESIAN_POINT('',(2.48608471026658,-17.5948442174672,-7.50000011175871));
#10400=CARTESIAN_POINT('',(2.48608471026658,-17.5948442174672,-14.7500000558794));
#10401=CARTESIAN_POINT('',(2.48608471026658,-17.5948442174672,-7.50000011175871));
#10402=CARTESIAN_POINT('Origin',(0.886084710266579,-17.5948442174672,-7.50000011175871));
#10403=CARTESIAN_POINT('',(-9.20141528973342,-17.5948442174672,-7.50000011175871));
#10404=CARTESIAN_POINT('Origin',(-6.98891528973342,-17.5948442174672,-15.5000001117587));
#10405=CARTESIAN_POINT('',(-6.98891528973342,7.40515578253282,-15.5000001117587));
#10406=CARTESIAN_POINT('',(-6.98891528973342,-17.5948442174672,-15.5000001117587));
#10407=CARTESIAN_POINT('',(-6.98891528973342,7.40515578253282,-7.50000011175871));
#10408=CARTESIAN_POINT('',(-6.98891528973342,7.40515578253282,-18.7500000558794));
#10409=CARTESIAN_POINT('',(-6.98891528973342,-17.5948442174672,-7.50000011175871));
#10410=CARTESIAN_POINT('Origin',(-6.98891528973342,-17.5948442174672,-15.5000001117587));
#10411=CARTESIAN_POINT('',(-6.98891528973342,-17.5948442174672,-7.50000011175871));
#10412=CARTESIAN_POINT('',(-6.98891528973342,-17.5948442174672,-7.50000011175871));
#10413=CARTESIAN_POINT('',(-6.98891528973342,-17.5948442174672,-15.5000001117587));
#10414=CARTESIAN_POINT('',(-6.98891528973342,-17.5948442174672,-18.7500000558794));
#10415=CARTESIAN_POINT('',(-6.98891528973342,-17.5948442174672,-15.5000001117587));
#10416=CARTESIAN_POINT('Origin',(-5.38891528973342,-17.5948442174672,-15.5000001117587));
#10417=CARTESIAN_POINT('',(-5.38891528973342,7.40515578253282,-15.5000001117587));
#10418=CARTESIAN_POINT('',(-5.38891528973342,-17.5948442174672,-15.5000001117587));
#10419=CARTESIAN_POINT('',(5.66108471026658,7.40515578253282,-15.5000001117587));
#10420=CARTESIAN_POINT('Origin',(-5.38891528973342,-17.5948442174672,-15.5000001117587));
#10421=CARTESIAN_POINT('',(-5.38891528973342,-17.5948442174672,-15.5000001117587));
#10422=CARTESIAN_POINT('',(-12.3389152897334,-17.5948442174672,-15.5000001117587));
#10423=CARTESIAN_POINT('',(-5.38891528973342,-17.5948442174672,-15.5000001117587));
#10424=CARTESIAN_POINT('Origin',(-6.98891528973342,-17.5948442174672,-7.50000011175871));
#10425=CARTESIAN_POINT('',(-5.38891528973342,7.40515578253282,-7.50000011175871));
#10426=CARTESIAN_POINT('',(4.86108471026658,7.40515578253282,-7.50000011175871));
#10427=CARTESIAN_POINT('',(-5.38891528973342,-17.5948442174672,-7.50000011175871));
#10428=CARTESIAN_POINT('Origin',(-5.38891528973342,-17.5948442174672,-7.50000011175871));
#10429=CARTESIAN_POINT('',(-5.38891528973342,7.40515578253282,-14.7500000558794));
#10430=CARTESIAN_POINT('Origin',(-5.38891528973342,-17.5948442174672,-7.50000011175871));
#10431=CARTESIAN_POINT('',(-5.38891528973342,-17.5948442174672,-7.50000011175871));
#10432=CARTESIAN_POINT('',(-5.38891528973342,-17.5948442174672,-14.7500000558794));
#10433=CARTESIAN_POINT('',(-5.38891528973342,-17.5948442174672,-7.50000011175871));
#10434=CARTESIAN_POINT('Origin',(-6.98891528973342,-17.5948442174672,-7.50000011175871));
#10435=CARTESIAN_POINT('',(-13.1389152897334,-17.5948442174672,-7.50000011175871));
#10436=CARTESIAN_POINT('Origin',(5.11108471026658,-17.5948442174672,-7.50000011175871));
#10437=CARTESIAN_POINT('',(5.11108471026658,7.40515578253282,-7.50000011175871));
#10438=CARTESIAN_POINT('',(5.11108471026658,-17.5948442174672,-7.50000011175871));
#10439=CARTESIAN_POINT('',(5.11108471026658,7.40515578253282,-15.5000001117587));
#10440=CARTESIAN_POINT('',(5.11108471026658,7.40515578253282,-14.7500000558794));
#10441=CARTESIAN_POINT('',(5.11108471026658,-17.5948442174672,-15.5000001117587));
#10442=CARTESIAN_POINT('Origin',(5.11108471026658,-17.5948442174672,-7.50000011175871));
#10443=CARTESIAN_POINT('',(5.11108471026658,-17.5948442174672,-15.5000001117587));
#10444=CARTESIAN_POINT('',(5.11108471026658,-17.5948442174672,-15.5000001117587));
#10445=CARTESIAN_POINT('',(5.11108471026658,-17.5948442174672,-7.50000011175871));
#10446=CARTESIAN_POINT('',(5.11108471026658,-17.5948442174672,-14.7500000558794));
#10447=CARTESIAN_POINT('',(5.11108471026658,-17.5948442174672,-7.50000011175871));
#10448=CARTESIAN_POINT('Origin',(3.51108471026658,-17.5948442174672,-7.50000011175871));
#10449=CARTESIAN_POINT('',(3.51108471026658,7.40515578253282,-7.50000011175871));
#10450=CARTESIAN_POINT('',(3.51108471026658,-17.5948442174672,-7.50000011175871));
#10451=CARTESIAN_POINT('',(10.1110847102666,7.40515578253282,-7.50000011175871));
#10452=CARTESIAN_POINT('Origin',(3.51108471026658,-17.5948442174672,-7.50000011175871));
#10453=CARTESIAN_POINT('',(3.51108471026658,-17.5948442174672,-7.50000011175871));
#10454=CARTESIAN_POINT('',(-7.88891528973342,-17.5948442174672,-7.50000011175871));
#10455=CARTESIAN_POINT('',(3.51108471026658,-17.5948442174672,-7.50000011175871));
#10456=CARTESIAN_POINT('Origin',(5.11108471026658,-17.5948442174672,-15.5000001117587));
#10457=CARTESIAN_POINT('',(3.51108471026658,7.40515578253282,-15.5000001117587));
#10458=CARTESIAN_POINT('',(10.9110847102666,7.40515578253282,-15.5000001117587));
#10459=CARTESIAN_POINT('',(3.51108471026658,-17.5948442174672,-15.5000001117587));
#10460=CARTESIAN_POINT('Origin',(3.51108471026658,-17.5948442174672,-15.5000001117587));
#10461=CARTESIAN_POINT('',(3.51108471026658,7.40515578253282,-18.7500000558794));
#10462=CARTESIAN_POINT('Origin',(3.51108471026658,-17.5948442174672,-15.5000001117587));
#10463=CARTESIAN_POINT('',(3.51108471026658,-17.5948442174672,-15.5000001117587));
#10464=CARTESIAN_POINT('',(3.51108471026658,-17.5948442174672,-18.7500000558794));
#10465=CARTESIAN_POINT('',(3.51108471026658,-17.5948442174672,-15.5000001117587));
#10466=CARTESIAN_POINT('Origin',(5.11108471026658,-17.5948442174672,-15.5000001117587));
#10467=CARTESIAN_POINT('',(-7.08891528973342,-17.5948442174672,-15.5000001117587));
#10468=CARTESIAN_POINT('Ctrl Pts',(19.7999995574355,-8.39999981224537,-22.));
#10469=CARTESIAN_POINT('Ctrl Pts',(19.7999995574355,-8.39999981224537,-12.));
#10470=CARTESIAN_POINT('Ctrl Pts',(19.8030009765693,-8.95695123394013,-22.));
#10471=CARTESIAN_POINT('Ctrl Pts',(19.8030009765693,-8.95695123394013,-12.));
#10472=CARTESIAN_POINT('Ctrl Pts',(19.8057652923972,-10.0344862548449,-22.));
#10473=CARTESIAN_POINT('Ctrl Pts',(19.8057652923972,-10.0344862548449,-12.));
#10474=CARTESIAN_POINT('Ctrl Pts',(19.8001942467412,-11.5416863720478,-22.));
#10475=CARTESIAN_POINT('Ctrl Pts',(19.8001942467412,-11.5416863720478,-12.));
#10476=CARTESIAN_POINT('Ctrl Pts',(19.7645220313804,-13.3355722068552,-22.));
#10477=CARTESIAN_POINT('Ctrl Pts',(19.7645220313804,-13.3355722068552,-12.));
#10478=CARTESIAN_POINT('Ctrl Pts',(19.6225935574983,-15.2325221592324,-22.));
#10479=CARTESIAN_POINT('Ctrl Pts',(19.6225935574983,-15.2325221592324,-12.));
#10480=CARTESIAN_POINT('Ctrl Pts',(19.3204251791379,-16.8025526856566,-22.));
#10481=CARTESIAN_POINT('Ctrl Pts',(19.3204251791379,-16.8025526856566,-12.));
#10482=CARTESIAN_POINT('Ctrl Pts',(18.7975281683237,-18.0659471930291,-22.));
#10483=CARTESIAN_POINT('Ctrl Pts',(18.7975281683237,-18.0659471930291,-12.));
#10484=CARTESIAN_POINT('Ctrl Pts',(18.012476082466,-19.0430878048045,-22.));
#10485=CARTESIAN_POINT('Ctrl Pts',(18.012476082466,-19.0430878048045,-12.));
#10486=CARTESIAN_POINT('Ctrl Pts',(16.95783908927,-19.7534352801816,-22.));
#10487=CARTESIAN_POINT('Ctrl Pts',(16.95783908927,-19.7534352801816,-12.));
#10488=CARTESIAN_POINT('Ctrl Pts',(15.6832283834126,-20.2154141545414,-22.));
#10489=CARTESIAN_POINT('Ctrl Pts',(15.6832283834126,-20.2154141545414,-12.));
#10490=CARTESIAN_POINT('Ctrl Pts',(14.2823270012032,-20.445695749226,-22.));
#10491=CARTESIAN_POINT('Ctrl Pts',(14.2823270012032,-20.445695749226,-12.));
#10492=CARTESIAN_POINT('Ctrl Pts',(12.8688621148991,-20.4586183814724,-22.));
#10493=CARTESIAN_POINT('Ctrl Pts',(12.8688621148991,-20.4586183814724,-12.));
#10494=CARTESIAN_POINT('Ctrl Pts',(11.5570112489178,-20.2663121485251,-22.));
#10495=CARTESIAN_POINT('Ctrl Pts',(11.5570112489178,-20.2663121485251,-12.));
#10496=CARTESIAN_POINT('Ctrl Pts',(10.4413261385646,-19.8791579077866,-22.));
#10497=CARTESIAN_POINT('Ctrl Pts',(10.4413261385646,-19.8791579077866,-12.));
#10498=CARTESIAN_POINT('Ctrl Pts',(9.57349949204141,-19.306997931463,-22.));
#10499=CARTESIAN_POINT('Ctrl Pts',(9.57349949204141,-19.306997931463,-12.));
#10500=CARTESIAN_POINT('Ctrl Pts',(9.09353646029346,-18.7077598750917,-22.));
#10501=CARTESIAN_POINT('Ctrl Pts',(9.09353646029346,-18.7077598750917,-12.));
#10502=CARTESIAN_POINT('Ctrl Pts',(8.85531473805668,-18.181113226931,-22.));
#10503=CARTESIAN_POINT('Ctrl Pts',(8.85531473805668,-18.181113226931,-12.));
#10504=CARTESIAN_POINT('Ctrl Pts',(8.75020941575255,-17.7959455954256,-22.));
#10505=CARTESIAN_POINT('Ctrl Pts',(8.75020941575255,-17.7959455954256,-12.));
#10506=CARTESIAN_POINT('Ctrl Pts',(8.71108471026658,-17.5948442174672,-22.));
#10507=CARTESIAN_POINT('Ctrl Pts',(8.71108471026658,-17.5948442174672,-12.));
#10508=CARTESIAN_POINT('',(8.71108471026658,-17.5948442174672,-12.));
#10509=CARTESIAN_POINT('',(8.71108471026658,-17.5948442174672,-22.));
#10510=CARTESIAN_POINT('',(19.7999995574355,-8.39999981224525,-12.));
#10511=CARTESIAN_POINT('Ctrl Pts',(19.7999995574355,-8.39999981224537,-12.));
#10512=CARTESIAN_POINT('Ctrl Pts',(19.8030009765693,-8.95695123394013,-12.));
#10513=CARTESIAN_POINT('Ctrl Pts',(19.8057652923972,-10.0344862548449,-12.));
#10514=CARTESIAN_POINT('Ctrl Pts',(19.8001942467412,-11.5416863720478,-12.));
#10515=CARTESIAN_POINT('Ctrl Pts',(19.7645220313804,-13.3355722068552,-12.));
#10516=CARTESIAN_POINT('Ctrl Pts',(19.6225935574983,-15.2325221592324,-12.));
#10517=CARTESIAN_POINT('Ctrl Pts',(19.3204251791379,-16.8025526856566,-12.));
#10518=CARTESIAN_POINT('Ctrl Pts',(18.7975281683237,-18.0659471930291,-12.));
#10519=CARTESIAN_POINT('Ctrl Pts',(18.012476082466,-19.0430878048045,-12.));
#10520=CARTESIAN_POINT('Ctrl Pts',(16.95783908927,-19.7534352801816,-12.));
#10521=CARTESIAN_POINT('Ctrl Pts',(15.6832283834126,-20.2154141545414,-12.));
#10522=CARTESIAN_POINT('Ctrl Pts',(14.2823270012032,-20.445695749226,-12.));
#10523=CARTESIAN_POINT('Ctrl Pts',(12.8688621148991,-20.4586183814724,-12.));
#10524=CARTESIAN_POINT('Ctrl Pts',(11.5570112489178,-20.2663121485251,-12.));
#10525=CARTESIAN_POINT('Ctrl Pts',(10.4413261385646,-19.8791579077866,-12.));
#10526=CARTESIAN_POINT('Ctrl Pts',(9.57349949204141,-19.306997931463,-12.));
#10527=CARTESIAN_POINT('Ctrl Pts',(9.09353646029346,-18.7077598750917,-12.));
#10528=CARTESIAN_POINT('Ctrl Pts',(8.85531473805668,-18.181113226931,-12.));
#10529=CARTESIAN_POINT('Ctrl Pts',(8.75020941575255,-17.7959455954256,-12.));
#10530=CARTESIAN_POINT('Ctrl Pts',(8.71108471026658,-17.5948442174672,-12.));
#10531=CARTESIAN_POINT('',(19.7999995574355,-8.39999981224525,-22.));
#10532=CARTESIAN_POINT('Origin',(19.8999995552,-8.96558732933825,-22.));
#10533=CARTESIAN_POINT('',(19.9999995529652,-8.39999981224537,-12.));
#10534=CARTESIAN_POINT('Origin',(19.8999995552,-8.96558732933825,-12.));
#10535=CARTESIAN_POINT('',(19.9999995529652,-8.39999981224537,-22.));
#10536=CARTESIAN_POINT('Ctrl Pts',(7.09683416839764,-17.5948442174672,-22.));
#10537=CARTESIAN_POINT('Ctrl Pts',(7.09683416839764,-17.5948442174672,-12.));
#10538=CARTESIAN_POINT('Ctrl Pts',(7.1136022535579,-17.664655664582,-22.));
#10539=CARTESIAN_POINT('Ctrl Pts',(7.1136022535579,-17.664655664582,-12.));
#10540=CARTESIAN_POINT('Ctrl Pts',(7.13037033871816,-17.7344671116969,-22.));
#10541=CARTESIAN_POINT('Ctrl Pts',(7.13037033871816,-17.7344671116969,-12.));
#10542=CARTESIAN_POINT('Ctrl Pts',(7.14713842387842,-17.8042785588118,-22.));
#10543=CARTESIAN_POINT('Ctrl Pts',(7.14713842387842,-17.8042785588118,-12.));
#10544=CARTESIAN_POINT('Ctrl Pts',(7.40004285652677,-18.8572088282018,-22.));
#10545=CARTESIAN_POINT('Ctrl Pts',(7.40004285652677,-18.8572088282018,-12.));
#10546=CARTESIAN_POINT('Ctrl Pts',(8.05647100886484,-19.7630369380782,-22.));
#10547=CARTESIAN_POINT('Ctrl Pts',(8.05647100886484,-19.7630369380782,-12.));
#10548=CARTESIAN_POINT('Ctrl Pts',(8.9774536039676,-20.3440596491178,-22.));
#10549=CARTESIAN_POINT('Ctrl Pts',(8.9774536039676,-20.3440596491178,-12.));
#10550=CARTESIAN_POINT('Ctrl Pts',(10.3167908971834,-21.1890108884124,-22.));
#10551=CARTESIAN_POINT('Ctrl Pts',(10.3167908971834,-21.1890108884124,-12.));
#10552=CARTESIAN_POINT('Ctrl Pts',(12.1729219364312,-21.4491118175717,-22.));
#10553=CARTESIAN_POINT('Ctrl Pts',(12.1729219364312,-21.4491118175717,-12.));
#10554=CARTESIAN_POINT('Ctrl Pts',(14.0296713751237,-21.2348717380986,-22.));
#10555=CARTESIAN_POINT('Ctrl Pts',(14.0296713751237,-21.2348717380986,-12.));
#10556=CARTESIAN_POINT('Ctrl Pts',(15.5091432274158,-21.064163638983,-22.));
#10557=CARTESIAN_POINT('Ctrl Pts',(15.5091432274158,-21.064163638983,-12.));
#10558=CARTESIAN_POINT('Ctrl Pts',(16.9806109919143,-20.5744397061965,-22.));
#10559=CARTESIAN_POINT('Ctrl Pts',(16.9806109919143,-20.5744397061965,-12.));
#10560=CARTESIAN_POINT('Ctrl Pts',(18.0580515572475,-19.5875143470015,-22.));
#10561=CARTESIAN_POINT('Ctrl Pts',(18.0580515572475,-19.5875143470015,-12.));
#10562=CARTESIAN_POINT('Ctrl Pts',(18.9049628838012,-18.8117515884248,-22.));
#10563=CARTESIAN_POINT('Ctrl Pts',(18.9049628838012,-18.8117515884248,-12.));
#10564=CARTESIAN_POINT('Ctrl Pts',(19.4449809377621,-17.7430396841255,-22.));
#10565=CARTESIAN_POINT('Ctrl Pts',(19.4449809377621,-17.7430396841255,-12.));
#10566=CARTESIAN_POINT('Ctrl Pts',(19.7199871234146,-16.5153148073302,-22.));
#10567=CARTESIAN_POINT('Ctrl Pts',(19.7199871234146,-16.5153148073302,-12.));
#10568=CARTESIAN_POINT('Ctrl Pts',(20.1119136478351,-14.7656161859507,-22.));
#10569=CARTESIAN_POINT('Ctrl Pts',(20.1119136478351,-14.7656161859507,-12.));
#10570=CARTESIAN_POINT('Ctrl Pts',(20.0823537525258,-12.6524757768048,-22.));
#10571=CARTESIAN_POINT('Ctrl Pts',(20.0823537525258,-12.6524757768048,-12.));
#10572=CARTESIAN_POINT('Ctrl Pts',(20.0325483687522,-9.93555100883627,-22.));
#10573=CARTESIAN_POINT('Ctrl Pts',(20.0325483687522,-9.93555100883627,-12.));
#10574=CARTESIAN_POINT('Ctrl Pts',(20.0235269317782,-9.44342418036552,-22.));
#10575=CARTESIAN_POINT('Ctrl Pts',(20.0235269317782,-9.44342418036552,-12.));
#10576=CARTESIAN_POINT('Ctrl Pts',(20.0125400327677,-8.93182253995688,-22.));
#10577=CARTESIAN_POINT('Ctrl Pts',(20.0125400327677,-8.93182253995688,-12.));
#10578=CARTESIAN_POINT('Ctrl Pts',(19.9999995529652,-8.39999981224537,-22.));
#10579=CARTESIAN_POINT('Ctrl Pts',(19.9999995529652,-8.39999981224537,-12.));
#10580=CARTESIAN_POINT('',(7.09683416839764,-17.5948442174672,-12.));
#10581=CARTESIAN_POINT('Ctrl Pts',(7.09683416839764,-17.5948442174672,-12.));
#10582=CARTESIAN_POINT('Ctrl Pts',(7.1136022535579,-17.664655664582,-12.));
#10583=CARTESIAN_POINT('Ctrl Pts',(7.13037033871816,-17.7344671116969,-12.));
#10584=CARTESIAN_POINT('Ctrl Pts',(7.14713842387842,-17.8042785588118,-12.));
#10585=CARTESIAN_POINT('Ctrl Pts',(7.40004285652677,-18.8572088282018,-12.));
#10586=CARTESIAN_POINT('Ctrl Pts',(8.05647100886484,-19.7630369380782,-12.));
#10587=CARTESIAN_POINT('Ctrl Pts',(8.9774536039676,-20.3440596491178,-12.));
#10588=CARTESIAN_POINT('Ctrl Pts',(10.3167908971834,-21.1890108884124,-12.));
#10589=CARTESIAN_POINT('Ctrl Pts',(12.1729219364312,-21.4491118175717,-12.));
#10590=CARTESIAN_POINT('Ctrl Pts',(14.0296713751237,-21.2348717380986,-12.));
#10591=CARTESIAN_POINT('Ctrl Pts',(15.5091432274158,-21.064163638983,-12.));
#10592=CARTESIAN_POINT('Ctrl Pts',(16.9806109919143,-20.5744397061965,-12.));
#10593=CARTESIAN_POINT('Ctrl Pts',(18.0580515572475,-19.5875143470015,-12.));
#10594=CARTESIAN_POINT('Ctrl Pts',(18.9049628838012,-18.8117515884248,-12.));
#10595=CARTESIAN_POINT('Ctrl Pts',(19.4449809377621,-17.7430396841255,-12.));
#10596=CARTESIAN_POINT('Ctrl Pts',(19.7199871234146,-16.5153148073302,-12.));
#10597=CARTESIAN_POINT('Ctrl Pts',(20.1119136478351,-14.7656161859507,-12.));
#10598=CARTESIAN_POINT('Ctrl Pts',(20.0823537525258,-12.6524757768048,-12.));
#10599=CARTESIAN_POINT('Ctrl Pts',(20.0325483687522,-9.93555100883627,-12.));
#10600=CARTESIAN_POINT('Ctrl Pts',(20.0235269317782,-9.44342418036552,-12.));
#10601=CARTESIAN_POINT('Ctrl Pts',(20.0125400327677,-8.93182253995688,-12.));
#10602=CARTESIAN_POINT('Ctrl Pts',(19.9999995529652,-8.39999981224537,-12.));
#10603=CARTESIAN_POINT('',(7.09683416839764,-17.5948442174672,-22.));
#10604=CARTESIAN_POINT('Origin',(13.6043739081164,-14.9201696476923,-12.));
#10605=CARTESIAN_POINT('',(-2.84227069080852,-17.5948442174672,-12.));
#10606=CARTESIAN_POINT('Origin',(-19.2889152897334,-17.5948442174672,-22.));
#10607=CARTESIAN_POINT('',(8.71108471026658,-17.5948442174672,-22.));
#10608=CARTESIAN_POINT('Origin',(-36.2889152897334,-15.1948442174672,-16.));
#10609=CARTESIAN_POINT('Origin',(-14.2889152897334,-15.1948442174672,-16.));
#10610=CARTESIAN_POINT('Origin',(-26.7889152897334,4.70515578253282,-18.));
#10611=CARTESIAN_POINT('',(-26.7889152897334,4.00515578253282,-17.6));
#10612=CARTESIAN_POINT('',(-26.7889152897334,5.40515578253282,-19.));
#10613=CARTESIAN_POINT('',(-26.7889152897334,4.00515578253282,-17.6));
#10614=CARTESIAN_POINT('Origin',(-13.2889152897334,4.00515578253282,-17.6));
#10615=CARTESIAN_POINT('',(0.21108471026658,4.00515578253282,-17.6));
#10616=CARTESIAN_POINT('',(0.21108471026658,5.40515578253282,-19.));
#10617=CARTESIAN_POINT('',(-13.2889152897334,4.00515578253282,-17.6));
#10618=CARTESIAN_POINT('Origin',(-13.2889152897334,5.40515578253282,-17.));
#10619=CARTESIAN_POINT('',(0.21108471026658,4.00515578253282,-17.6));
#10620=CARTESIAN_POINT('Origin',(0.21108471026658,4.70515578253282,-18.));
#10621=CARTESIAN_POINT('Origin',(-13.2889152897334,-5.09484421746718,-23.));
#10622=CARTESIAN_POINT('Origin',(-17.2889152897334,-14.6948442174672,-20.8));
#10623=CARTESIAN_POINT('',(-31.2889152897334,-16.1448442174672,-20.8));
#10624=CARTESIAN_POINT('Origin',(-13.2889152897334,4.50515578253282,-20.8));
#10625=CARTESIAN_POINT('Origin',(31.9999999999999,-28.5474221087336,-22.));
#10626=CARTESIAN_POINT('Origin',(8.71108471026658,-17.5948442174672,-22.));
#10627=CARTESIAN_POINT('Origin',(-31.2889152897334,-17.5948442174672,-22.));
#10628=CARTESIAN_POINT('Origin',(-43.2889152897334,-17.5948442174672,-22.));
#10629=CARTESIAN_POINT('',(-43.2889152897334,-17.5948442174672,-22.));
#10630=CARTESIAN_POINT('Origin',(-43.2889152897334,7.40515578253282,-22.));
#10631=CARTESIAN_POINT('',(-43.2889152897334,7.40515578253282,-22.));
#10632=CARTESIAN_POINT('Origin',(16.7110847102666,7.40515578253282,-22.));
#10633=CARTESIAN_POINT('',(16.7110847102666,7.40515578253282,-22.));
#10634=CARTESIAN_POINT('Origin',(16.7110847102666,-17.5948442174672,-22.));
#10635=CARTESIAN_POINT('',(16.7110847102666,-17.5948442174672,-22.));
#10636=CARTESIAN_POINT('Origin',(11.2110847102666,-17.5948442174672,-22.));
#10637=CARTESIAN_POINT('Origin',(72.4999999999999,9.08944271910002,-2.04472135955));
#10638=CARTESIAN_POINT('',(72.4999999999999,4.06180339887504,-12.1));
#10639=CARTESIAN_POINT('',(72.4999999999999,4.06180339887504,-12.1));
#10640=CARTESIAN_POINT('',(72.4999999999999,9.11180339887501,-2.));
#10641=CARTESIAN_POINT('',(72.4999999999999,10.4394427191,0.655278640449993));
#10642=CARTESIAN_POINT('',(41.75,9.11180339887501,-2.));
#10643=CARTESIAN_POINT('Origin',(72.4999999999999,-4.08944271909994,-12.04472135955));
#10644=CARTESIAN_POINT('',(72.5,-9.11180339887496,-2.));
#10645=CARTESIAN_POINT('',(41.75,-9.11180339887497,-2.));
#10646=CARTESIAN_POINT('',(72.4999999999999,-4.06180339887493,-12.1));
#10647=CARTESIAN_POINT('',(72.5,-3.43944271909993,-13.34472135955));
#10648=CARTESIAN_POINT('',(72.4999999999999,-4.06180339887494,-12.1));
#10649=CARTESIAN_POINT('Origin',(72.4999999999999,4.00000000000006,-12.1));
#10650=CARTESIAN_POINT('',(72.4999999999999,13.25,-12.1));
#10651=CARTESIAN_POINT('Origin',(11.,2.66453525910038E-14,-2.));
#10652=CARTESIAN_POINT('',(72.4999999999999,22.5,-2.));
#10653=CARTESIAN_POINT('',(72.4999999999999,11.25,-2.));
#10654=CARTESIAN_POINT('',(62.4999999999999,32.5,-2.));
#10655=CARTESIAN_POINT('Origin',(62.4999999999999,22.5,-2.));
#10656=CARTESIAN_POINT('',(-14.7500000000001,32.5,-2.));
#10657=CARTESIAN_POINT('',(-19.75,9.11180339887501,-2.));
#10658=CARTESIAN_POINT('',(-40.5000000000001,30.8,-2.));
#10659=CARTESIAN_POINT('Origin',(-40.5000000000001,22.5,-2.));
#10660=CARTESIAN_POINT('',(62.4999999999999,30.8,-2.));
#10661=CARTESIAN_POINT('',(36.75,30.8,-2.));
#10662=CARTESIAN_POINT('Origin',(62.4999999999999,22.5,-2.));
#10663=CARTESIAN_POINT('Origin',(11.,2.66453525910038E-14,-2.));
#10664=CARTESIAN_POINT('',(-19.75,-9.11180339887496,-2.));
#10665=CARTESIAN_POINT('',(72.4999999999999,-22.5,-2.));
#10666=CARTESIAN_POINT('Origin',(62.5,-22.5,-2.));
#10667=CARTESIAN_POINT('',(72.4999999999999,11.25,-2.));
#10668=CARTESIAN_POINT('Origin',(-50.5,4.08944271910005,-12.04472135955));
#10669=CARTESIAN_POINT('',(-50.5,4.06180339887505,-12.1));
#10670=CARTESIAN_POINT('Origin',(-50.5,-3.99999999999995,-12.1));
#10671=CARTESIAN_POINT('',(-50.5,-4.06180339887493,-12.1));
#10672=CARTESIAN_POINT('Origin',(-50.5,-9.08944271909997,-2.04472135955));
#10673=CARTESIAN_POINT('Origin',(-40.5000000000001,22.5,0.));
#10674=CARTESIAN_POINT('',(-40.5000000000001,30.8,0.));
#10675=CARTESIAN_POINT('Origin',(62.4999999999999,30.8,0.));
#10676=CARTESIAN_POINT('',(62.4999999999999,30.8,0.));
#10677=CARTESIAN_POINT('Origin',(62.4999999999999,22.5,0.));
#10678=CARTESIAN_POINT('Origin',(-40.5000000000001,32.5,-2.));
#10679=CARTESIAN_POINT('',(62.4999999999999,32.5,-2.));
#10680=CARTESIAN_POINT('Origin',(62.4999999999999,22.5,-2.));
#10681=CARTESIAN_POINT('',(72.4999999999999,22.5,-2.));
#10682=CARTESIAN_POINT('Origin',(72.4999999999999,22.5,-2.));
#10683=CARTESIAN_POINT('',(72.4999999999999,-22.5,-2.));
#10684=CARTESIAN_POINT('Origin',(-40.5000000000001,22.5,-2.));
#10685=CARTESIAN_POINT('Origin',(-40.5000000000001,-22.5,-2.));
#10686=CARTESIAN_POINT('',(-40.5000000000001,-29.5,-2.));
#10687=CARTESIAN_POINT('Origin',(62.4999999999999,-29.5,-2.));
#10688=CARTESIAN_POINT('Origin',(62.5,-22.5,-2.));
#10689=CARTESIAN_POINT('',(0.,0.,0.));
#10690=CARTESIAN_POINT('',(0.,0.,0.));
#10691=UNCERTAINTY_MEASURE_WITH_UNIT(LENGTH_MEASURE(0.01),#10699,
'DISTANCE_ACCURACY_VALUE',
'Maximum model space distance between geometric entities at asserted c
onnectivities');
#10692=UNCERTAINTY_MEASURE_WITH_UNIT(LENGTH_MEASURE(0.01),#10699,
'DISTANCE_ACCURACY_VALUE',
'Maximum model space distance between geometric entities at asserted c
onnectivities');
#10693=UNCERTAINTY_MEASURE_WITH_UNIT(LENGTH_MEASURE(0.01),#10699,
'DISTANCE_ACCURACY_VALUE',
'Maximum model space distance between geometric entities at asserted c
onnectivities');
#10694=UNCERTAINTY_MEASURE_WITH_UNIT(LENGTH_MEASURE(0.01),#10699,
'DISTANCE_ACCURACY_VALUE',
'Maximum model space distance between geometric entities at asserted c
onnectivities');
#10695=(
GEOMETRIC_REPRESENTATION_CONTEXT(3)
GLOBAL_UNCERTAINTY_ASSIGNED_CONTEXT((#10691))
GLOBAL_UNIT_ASSIGNED_CONTEXT((#10699,#10701,#10702))
REPRESENTATION_CONTEXT('','3D')
);
#10696=(
GEOMETRIC_REPRESENTATION_CONTEXT(3)
GLOBAL_UNCERTAINTY_ASSIGNED_CONTEXT((#10692))
GLOBAL_UNIT_ASSIGNED_CONTEXT((#10699,#10701,#10702))
REPRESENTATION_CONTEXT('','3D')
);
#10697=(
GEOMETRIC_REPRESENTATION_CONTEXT(3)
GLOBAL_UNCERTAINTY_ASSIGNED_CONTEXT((#10693))
GLOBAL_UNIT_ASSIGNED_CONTEXT((#10699,#10701,#10702))
REPRESENTATION_CONTEXT('','3D')
);
#10698=(
GEOMETRIC_REPRESENTATION_CONTEXT(3)
GLOBAL_UNCERTAINTY_ASSIGNED_CONTEXT((#10694))
GLOBAL_UNIT_ASSIGNED_CONTEXT((#10699,#10701,#10702))
REPRESENTATION_CONTEXT('','3D')
);
#10699=(
LENGTH_UNIT()
NAMED_UNIT(*)
SI_UNIT(.MILLI.,.METRE.)
);
#10700=(
LENGTH_UNIT()
NAMED_UNIT(*)
SI_UNIT($,.METRE.)
);
#10701=(
NAMED_UNIT(*)
PLANE_ANGLE_UNIT()
SI_UNIT($,.RADIAN.)
);
#10702=(
NAMED_UNIT(*)
SI_UNIT($,.STERADIAN.)
SOLID_ANGLE_UNIT()
);
#10703=SHAPE_DEFINITION_REPRESENTATION(#10706,#10711);
#10704=SHAPE_DEFINITION_REPRESENTATION(#10707,#10712);
#10705=SHAPE_DEFINITION_REPRESENTATION(#10708,#10713);
#10706=PRODUCT_DEFINITION_SHAPE('',$,#10715);
#10707=PRODUCT_DEFINITION_SHAPE('',$,#10716);
#10708=PRODUCT_DEFINITION_SHAPE('',$,#10717);
#10709=PRODUCT_DEFINITION_SHAPE($,$,#17);
#10710=PRODUCT_DEFINITION_SHAPE($,$,#18);
#10711=SHAPE_REPRESENTATION('',(#6456,#6967,#6968),#10695);
#10712=SHAPE_REPRESENTATION('',(#6457),#10696);
#10713=SHAPE_REPRESENTATION('',(#6648),#10697);
#10714=PRODUCT_DEFINITION_CONTEXT('part definition',#10725,'design');
#10715=PRODUCT_DEFINITION('Info Display Case','Info Display Case v5',#10718,
#10714);
#10716=PRODUCT_DEFINITION('Lid','Lid',#10719,#10714);
#10717=PRODUCT_DEFINITION('Case','Case',#10720,#10714);
#10718=PRODUCT_DEFINITION_FORMATION('',$,#10727);
#10719=PRODUCT_DEFINITION_FORMATION('',$,#10728);
#10720=PRODUCT_DEFINITION_FORMATION('',$,#10729);
#10721=PRODUCT_RELATED_PRODUCT_CATEGORY('Info Display Case v5',
'Info Display Case v5',(#10727));
#10722=PRODUCT_RELATED_PRODUCT_CATEGORY('Lid','Lid',(#10728));
#10723=PRODUCT_RELATED_PRODUCT_CATEGORY('Case','Case',(#10729));
#10724=APPLICATION_PROTOCOL_DEFINITION('international standard',
'automotive_design',2009,#10725);
#10725=APPLICATION_CONTEXT(
'Core Data for Automotive Mechanical Design Process');
#10726=PRODUCT_CONTEXT('part definition',#10725,'mechanical');
#10727=PRODUCT('Info Display Case','Info Display Case v5',$,(#10726));
#10728=PRODUCT('Lid','Lid',$,(#10726));
#10729=PRODUCT('Case','Case',$,(#10726));
#10730=PRESENTATION_STYLE_ASSIGNMENT((#10733));
#10731=PRESENTATION_STYLE_ASSIGNMENT((#10734));
#10732=PRESENTATION_STYLE_ASSIGNMENT((#10735));
#10733=SURFACE_STYLE_USAGE(.BOTH.,#10736);
#10734=SURFACE_STYLE_USAGE(.BOTH.,#10737);
#10735=SURFACE_STYLE_USAGE(.BOTH.,#10738);
#10736=SURFACE_SIDE_STYLE('',(#10739));
#10737=SURFACE_SIDE_STYLE('',(#10740));
#10738=SURFACE_SIDE_STYLE('',(#10741));
#10739=SURFACE_STYLE_FILL_AREA(#10742);
#10740=SURFACE_STYLE_FILL_AREA(#10743);
#10741=SURFACE_STYLE_FILL_AREA(#10744);
#10742=FILL_AREA_STYLE('Steel - Satin',(#10745));
#10743=FILL_AREA_STYLE('Plastic - Translucent Glossy (Red)',(#10746));
#10744=FILL_AREA_STYLE('Plastic - Translucent Glossy (Green)',(#10747));
#10745=FILL_AREA_STYLE_COLOUR('Steel - Satin',#10748);
#10746=FILL_AREA_STYLE_COLOUR('Plastic - Translucent Glossy (Red)',#10749);
#10747=FILL_AREA_STYLE_COLOUR('Plastic - Translucent Glossy (Green)',#10750);
#10748=COLOUR_RGB('Steel - Satin',0.627450980392157,0.627450980392157,0.627450980392157);
#10749=COLOUR_RGB('Plastic - Translucent Glossy (Red)',0.768627450980392,
0.207843137254902,0.152941176470588);
#10750=COLOUR_RGB('Plastic - Translucent Glossy (Green)',0.266666666666667,
0.588235294117647,0.282352941176471);
ENDSEC;
END-ISO-10303-21;
